participant_id	session	run	corr_mean	qc
PT030_OpenNeuro_ds001942_sub-04.nii.gz	V1	1	0.7890511	1
PT030_OpenNeuro_ds004958_sub-33.nii.gz	V1	1	0.9585922	1
PT030_OpenNeuro_ds004958_sub-05.nii.gz	V1	1	0.99056715	1
PT030_OpenNeuro_ds004958_sub-04.nii.gz	V1	1	1.0060576	1
PT030_OpenNeuro_ds004958_sub-22.nii.gz	V1	1	1.0178891	1
PT030_OpenNeuro_ds004958_sub-18.nii.gz	V1	1	1.0193299	1
PT030_OpenNeuro_ds004958_sub-31.nii.gz	V1	1	1.0323173	1
PT030_OpenNeuro_ds004958_sub-34.nii.gz	V1	1	1.0456676	1
PT030_OpenNeuro_ds006040_sub-11.nii.gz	V1	1	1.053223	1
PT030_OpenNeuro_ds004958_sub-07.nii.gz	V1	1	1.0597178	1
PT030_OpenNeuro_ds004958_sub-30.nii.gz	V1	1	1.0615262	1
PT030_OpenNeuro_ds004958_sub-32.nii.gz	V1	1	1.0627569	1
PT030_OpenNeuro_ds003192_sub-05.nii.gz	V1	1	1.088484	1
PT030_OpenNeuro_ds003192_sub-03.nii.gz	V1	1	1.0931906	1
PT030_OpenNeuro_ds003192_sub-06.nii.gz	V1	1	1.1184016	1
PT030_OpenNeuro_ds004928_sub-02.nii.gz	V1	1	1.1350611	1
PT030_OpenNeuro_ds004958_sub-15.nii.gz	V1	1	1.1677644	1
099_S_4086_I943534.nii.gz	V1	1	1.2442085	1
sub-426134424341.nii.gz	V1	1	1.2497755	1
126_S_6559_I1509217.nii.gz	V1	1	1.2687634	1
PT030_OpenNeuro_ds005264_sub-07.nii.gz	V1	1	1.268827	1
PT030_OpenNeuro_ds005264_sub-21.nii.gz	V1	1	1.2746603	1
PT030_OpenNeuro_ds003684_sub-14.nii.gz	V1	1	1.2785282	1
PT030_OpenNeuro_ds004815_sub-03.nii.gz	V1	1	1.2832519	1
PT030_OpenNeuro_ds005551_sub-11.nii.gz	V1	1	1.2862912	1
PT030_OpenNeuro_ds005216_sub-67.nii.gz	V1	1	1.2877997	1
PT030_OpenNeuro_ds005366_sub-099.nii.gz	V1	1	1.2925575	1
PT030_OpenNeuro_ds005264_sub-11.nii.gz	V1	1	1.2925615	1
sub-121916223122.nii.gz	V1	1	1.2925925	1
009_S_0751_I1485270.nii.gz	V1	1	1.2936974	1
PT030_OpenNeuro_ds003592_sub-265.nii.gz	V1	1	1.3012986	1
126_S_6559_I1356105.nii.gz	V1	1	1.3053447	1
PT030_OpenNeuro_ds004440_sub-45.nii.gz	V1	1	1.306892	1
PT030_OpenNeuro_ds005216_sub-61.nii.gz	V1	1	1.3085457	1
PT030_OpenNeuro_ds005216_sub-73.nii.gz	V1	1	1.3117354	1
PT030_OpenNeuro_ds005405_sub-092.nii.gz	V1	1	1.3119608	1
PT030_OpenNeuro_ds004440_sub-06.nii.gz	V1	1	1.3119806	1
PT030_OpenNeuro_ds003592_sub-271.nii.gz	V1	1	1.315869	1
PT030_OpenNeuro_ds004484_sub-17.nii.gz	V1	1	1.3166616	1
PT030_OpenNeuro_ds005088_sub-06.nii.gz	V1	1	1.3186225	1
sub-716652117874.nii.gz	V1	1	1.3186436	1
PT030_OpenNeuro_ds005874_sub-54.nii.gz	V1	1	1.3202342	1
PT030_OpenNeuro_ds004815_sub-07.nii.gz	V1	1	1.3209665	1
PT030_OpenNeuro_ds005874_sub-29.nii.gz	V1	1	1.3221751	1
sub-OAS30480_ses-d0161_run-01.nii.gz	V1	1	1.3227909	1
PT030_OpenNeuro_ds003592_sub-260.nii.gz	V1	1	1.3248401	1
021_S_0337_I1167048.nii.gz	V1	1	1.3251996	1
PT030_OpenNeuro_ds003592_sub-263.nii.gz	V1	1	1.326965	1
PT030_OpenNeuro_ds005366_sub-136.nii.gz	V1	1	1.3277086	1
027_S_0074_I1401760.nii.gz	V1	1	1.330691	1
PT030_OpenNeuro_ds003592_sub-269.nii.gz	V1	1	1.3314346	1
PT030_OpenNeuro_ds006067_sub-056.nii.gz	V1	1	1.3315867	1
009_S_0751_I1025741.nii.gz	V1	1	1.3321618	1
PT030_OpenNeuro_ds004581_sub-16.nii.gz	V1	1	1.3325247	1
PT030_OpenNeuro_ds005216_sub-40.nii.gz	V1	1	1.3337698	1
sub-303310574754.nii.gz	V1	1	1.3349941	1
126_S_6559_I1038586.nii.gz	V1	1	1.3354025	1
PT030_OpenNeuro_ds002995_sub-14.nii.gz	V1	1	1.3359156	1
009_S_0751_I1186516.nii.gz	V1	1	1.3360229	1
PT030_OpenNeuro_ds005216_sub-36.nii.gz	V1	1	1.3360485	1
sub-776489659954.nii.gz	V1	1	1.3366375	1
PT030_OpenNeuro_ds005216_sub-66.nii.gz	V1	1	1.3375784	1
PT030_OpenNeuro_ds005088_sub-11.nii.gz	V1	1	1.338257	1
PT030_OpenNeuro_ds006067_sub-113.nii.gz	V1	1	1.3427434	1
sub-675789932781.nii.gz	V1	1	1.3429052	1
027_S_0074_I1120324.nii.gz	V1	1	1.3438721	1
PT030_OpenNeuro_ds001378_sub-25.nii.gz	V1	1	1.3442613	1
PT030_OpenNeuro_ds004815_sub-01.nii.gz	V1	1	1.3451203	1
PT030_OpenNeuro_ds003684_sub-15.nii.gz	V1	1	1.3473374	1
PT030_OpenNeuro_ds005405_sub-065.nii.gz	V1	1	1.3473401	1
PT030_OpenNeuro_ds005551_sub-47.nii.gz	V1	1	1.3494046	1
PT030_OpenNeuro_ds006211_sub-24.nii.gz	V1	1	1.3500065	1
sub-545766225869.nii.gz	V1	1	1.3501166	1
sub-124729451238.nii.gz	V1	1	1.3509496	1
PT030_OpenNeuro_ds005088_sub-02.nii.gz	V1	1	1.3511205	1
sub-OAS30825_ses-d4885_run-02.nii.gz	V1	1	1.3516693	1
AOMIC-PIOP1_sub-0157_T1w.nii.gz	V1	1	1.351791	1
PT030_OpenNeuro_ds005551_sub-24.nii.gz	V1	1	1.3534682	1
129_S_4422_I974779.nii.gz	V1	1	1.3537917	1
sub-462484204390.nii.gz	V1	1	1.3542398	1
009_S_0751_I876555.nii.gz	V1	1	1.35434	1
PT030_OpenNeuro_ds003592_sub-026.nii.gz	V1	1	1.354376	1
sub-222716353013.nii.gz	V1	1	1.3543787	1
PT030_OpenNeuro_ds005216_sub-41.nii.gz	V1	1	1.3544906	1
PT030_OpenNeuro_ds005374_sub-38.nii.gz	V1	1	1.3546078	1
PT030_OpenNeuro_ds005874_sub-23.nii.gz	V1	1	1.3551393	1
PT007_ATAG_sub-46.nii.gz	V1	1	1.3551606	1
PT030_OpenNeuro_ds005366_sub-138.nii.gz	V1	1	1.3551714	1
PT030_OpenNeuro_ds005733_sub-19.nii.gz	V1	1	1.3558	1
PT030_OpenNeuro_ds003592_sub-117.nii.gz	V1	1	1.3558387	1
PT030_OpenNeuro_ds006211_sub-23.nii.gz	V1	1	1.3559349	1
PT030_OpenNeuro_ds004958_sub-21.nii.gz	V1	1	1.3561633	1
PT030_OpenNeuro_ds005752_sub-096.nii.gz	V1	1	1.3571262	1
PT030_OpenNeuro_ds003545_sub-20.nii.gz	V1	1	1.3573407	1
PT030_OpenNeuro_ds005216_sub-44.nii.gz	V1	1	1.3584956	1
PT030_OpenNeuro_ds005216_sub-71.nii.gz	V1	1	1.3590614	1
PT030_OpenNeuro_ds004056_sub-25.nii.gz	V1	1	1.3605827	1
PT030_OpenNeuro_ds006067_sub-101.nii.gz	V1	1	1.3607174	1
PT030_OpenNeuro_ds003592_sub-272.nii.gz	V1	1	1.360749	1
PT030_OpenNeuro_ds005216_sub-33.nii.gz	V1	1	1.3609792	1
PT030_OpenNeuro_ds006067_sub-030.nii.gz	V1	1	1.361216	1
PT007_ATAG_sub-50.nii.gz	V1	1	1.3613352	1
PT030_OpenNeuro_ds003592_sub-022.nii.gz	V1	1	1.3622515	1
PT030_OpenNeuro_ds004648_sub-22.nii.gz	V1	1	1.362399	1
PT030_OpenNeuro_ds003592_sub-256.nii.gz	V1	1	1.3628358	1
PT030_OpenNeuro_ds003684_sub-21.nii.gz	V1	1	1.363556	1
021_S_7092_I1597664.nii.gz	V1	1	1.3639433	1
sub-OAS30825_ses-d4885_run-01.nii.gz	V1	1	1.3663257	1
PT030_OpenNeuro_ds005216_sub-52.nii.gz	V1	1	1.3664483	1
PT030_OpenNeuro_ds005216_sub-24.nii.gz	V1	1	1.3668087	1
PT030_OpenNeuro_ds006067_sub-072.nii.gz	V1	1	1.368598	1
PT030_OpenNeuro_ds004443_sub-01.nii.gz	V1	1	1.3686371	1
PT030_OpenNeuro_ds005752_sub-166.nii.gz	V1	1	1.3692673	1
PT030_OpenNeuro_ds006211_sub-05.nii.gz	V1	1	1.3704687	1
021_S_0337_I859989.nii.gz	V1	1	1.3708676	1
PT030_OpenNeuro_ds003340_sub-04.nii.gz	V1	1	1.370889	1
PT030_OpenNeuro_ds004443_sub-02.nii.gz	V1	1	1.3712548	1
sub-309845444862.nii.gz	V1	1	1.3716475	1
PT030_OpenNeuro_ds003545_sub-22.nii.gz	V1	1	1.3717777	1
PT030_OpenNeuro_ds003592_sub-270.nii.gz	V1	1	1.372152	1
PT030_OpenNeuro_ds006334_sub-16.nii.gz	V1	1	1.372327	1
sub-OAS30302_ses-d0262_run-01.nii.gz	V1	1	1.3724577	1
PT030_OpenNeuro_ds003545_sub-17.nii.gz	V1	1	1.3725668	1
PT030_OpenNeuro_ds005366_sub-141.nii.gz	V1	1	1.3728892	1
PT030_OpenNeuro_ds004958_sub-20.nii.gz	V1	1	1.3729874	1
sub-276630944980.nii.gz	V1	1	1.373703	1
PT030_OpenNeuro_ds005752_sub-246.nii.gz	V1	1	1.3738079	1
PT030_OpenNeuro_ds005874_sub-52.nii.gz	V1	1	1.3740004	1
PT030_OpenNeuro_ds004581_sub-20.nii.gz	V1	1	1.3746133	1
PT030_OpenNeuro_ds003592_sub-003.nii.gz	V1	1	1.3749032	1
PT030_OpenNeuro_ds005374_sub-09.nii.gz	V1	1	1.375723	1
PT007_ATAG_sub-44.nii.gz	V1	1	1.3758112	1
029_S_4290_I1133905.nii.gz	V1	1	1.3761903	1
PT030_OpenNeuro_ds004470_sub-05.nii.gz	V1	1	1.3762838	1
PT030_OpenNeuro_ds003592_sub-268.nii.gz	V1	1	1.3767653	1
PT030_OpenNeuro_ds006211_sub-07.nii.gz	V1	1	1.3777101	1
PT030_OpenNeuro_ds005216_sub-05.nii.gz	V1	1	1.3778064	1
sub-OAS30302_ses-d0262_run-02.nii.gz	V1	1	1.3781201	1
PT030_OpenNeuro_ds003592_sub-020.nii.gz	V1	1	1.3784081	1
005_S_6084_I915206.nii.gz	V1	1	1.3785188	1
sub-OAS31104_ses-d1321.nii.gz	V1	1	1.3789468	1
005_S_0610_I906097.nii.gz	V1	1	1.3789784	1
PT030_OpenNeuro_ds001796_sub-40.nii.gz	V1	1	1.3794851	1
PT007_ATAG_sub-49.nii.gz	V1	1	1.3795091	1
sub-296950225202.nii.gz	V1	1	1.3805386	1
PT030_OpenNeuro_ds005216_sub-39.nii.gz	V1	1	1.3807566	1
021_S_0337_I1442100.nii.gz	V1	1	1.380864	1
PT030_OpenNeuro_ds005733_sub-17.nii.gz	V1	1	1.3809634	1
sub-OAS30154_ses-d0244.nii.gz	V1	1	1.3818902	1
sub-171162169563.nii.gz	V1	1	1.3821197	1
PT030_OpenNeuro_ds004958_sub-13.nii.gz	V1	1	1.3826782	1
PT030_OpenNeuro_ds005216_sub-74.nii.gz	V1	1	1.3840791	1
PT030_OpenNeuro_ds006040_sub-14.nii.gz	V1	1	1.3842115	1
PT030_OpenNeuro_ds005874_sub-04.nii.gz	V1	1	1.3843004	1
sub-581074279240.nii.gz	V1	1	1.3843359	1
PT007_ATAG_sub-51.nii.gz	V1	1	1.3852707	1
PT030_OpenNeuro_ds004470_sub-20.nii.gz	V1	1	1.3862811	1
PT030_OpenNeuro_ds003592_sub-257.nii.gz	V1	1	1.3883926	1
PT030_OpenNeuro_ds006067_sub-049.nii.gz	V1	1	1.3884103	1
PT030_OpenNeuro_ds001796_sub-36.nii.gz	V1	1	1.3885784	1
PT030_OpenNeuro_ds005366_sub-152.nii.gz	V1	1	1.3887556	1
PT030_OpenNeuro_ds006211_sub-09.nii.gz	V1	1	1.3893207	1
sub-477906303107.nii.gz	V1	1	1.3899932	1
PT030_OpenNeuro_ds001796_sub-59.nii.gz	V1	1	1.3901057	1
PT030_OpenNeuro_ds003592_sub-264.nii.gz	V1	1	1.3903707	1
029_S_4290_I1149150.nii.gz	V1	1	1.3908204	1
PT030_OpenNeuro_ds006005_sub-10.nii.gz	V1	1	1.3910487	1
099_S_6016_I1484260.nii.gz	V1	1	1.3919053	1
PT030_OpenNeuro_ds004798_sub-13.nii.gz	V1	1	1.3926353	1
PT007_ATAG_sub-48.nii.gz	V1	1	1.3929744	1
PT030_OpenNeuro_ds003592_sub-273.nii.gz	V1	1	1.3929821	1
PT030_OpenNeuro_ds006067_sub-003.nii.gz	V1	1	1.3932074	1
099_S_4076_I1528478.nii.gz	V1	1	1.3932332	1
PT030_OpenNeuro_ds004440_sub-03.nii.gz	V1	1	1.393753	1
PT030_OpenNeuro_ds005216_sub-68.nii.gz	V1	1	1.3946385	1
PT030_OpenNeuro_ds006105_sub-28.nii.gz	V1	1	1.3952175	1
126_S_0680_I1053608.nii.gz	V1	1	1.3952396	1
PT030_OpenNeuro_ds004470_sub-04.nii.gz	V1	1	1.39532	1
PT030_OpenNeuro_ds005752_sub-154.nii.gz	V1	1	1.3957534	1
sub-854248757945.nii.gz	V1	1	1.3961682	1
PT007_ATAG_sub-45.nii.gz	V1	1	1.3964198	1
PT030_OpenNeuro_ds005216_sub-22.nii.gz	V1	1	1.3968023	1
PT030_OpenNeuro_ds005216_sub-29.nii.gz	V1	1	1.3968573	1
PT030_OpenNeuro_ds005216_sub-59.nii.gz	V1	1	1.3970517	1
PT030_OpenNeuro_ds005747_sub-43.nii.gz	V1	1	1.3973624	1
JUK_sub-40.nii.gz	V1	1	1.3975292	1
PT030_OpenNeuro_ds005733_sub-31.nii.gz	V1	1	1.3978766	1
sub-OAS30806_ses-d0026_run-02.nii.gz	V1	1	1.3985224	1
PT030_OpenNeuro_ds003592_sub-037.nii.gz	V1	1	1.3987441	1
PT030_OpenNeuro_ds005216_sub-76.nii.gz	V1	1	1.4001828	1
sub-710653466581.nii.gz	V1	1	1.400989	1
PT030_OpenNeuro_ds005752_sub-006.nii.gz	V1	1	1.4014456	1
PT030_OpenNeuro_ds005874_sub-34.nii.gz	V1	1	1.4014744	1
PT030_OpenNeuro_ds004470_sub-26.nii.gz	V1	1	1.401566	1
PT030_OpenNeuro_ds003592_sub-258.nii.gz	V1	1	1.4019734	1
PT030_OpenNeuro_ds005366_sub-125.nii.gz	V1	1	1.4022986	1
123_S_0106_I865961.nii.gz	V1	1	1.4025875	1
sub-287677435094.nii.gz	V1	1	1.4031223	1
PT030_OpenNeuro_ds005366_sub-129.nii.gz	V1	1	1.4036121	1
PT007_ATAG_sub-47.nii.gz	V1	1	1.4039866	1
sub-248621586039.nii.gz	V1	1	1.4040513	1
PT030_OpenNeuro_ds005216_sub-37.nii.gz	V1	1	1.4041597	1
PT030_OpenNeuro_ds005366_sub-126.nii.gz	V1	1	1.4042784	1
027_S_6516_I1386736.nii.gz	V1	1	1.404785	1
PT007_ATAG_sub-39.nii.gz	V1	1	1.4049988	1
sub-558802533319.nii.gz	V1	1	1.4052767	1
sub-910257374237.nii.gz	V1	1	1.4052873	1
PT030_OpenNeuro_ds005551_sub-07.nii.gz	V1	1	1.4060003	1
sub-391454746388.nii.gz	V1	1	1.4062679	1
sub-702874441281.nii.gz	V1	1	1.4066966	1
sub-OAS30707_ses-d0453_run-02.nii.gz	V1	1	1.4074229	1
PT030_OpenNeuro_ds003972_sub-07.nii.gz	V1	1	1.4081205	1
sub-872219746706.nii.gz	V1	1	1.4081972	1
099_S_4076_I1528479.nii.gz	V1	1	1.4085165	1
PT030_OpenNeuro_ds004934_sub-44.nii.gz	V1	1	1.4087076	1
PT030_OpenNeuro_ds005874_sub-42.nii.gz	V1	1	1.409066	1
126_S_0680_I1492716.nii.gz	V1	1	1.4092538	1
PT030_OpenNeuro_ds003709_sub-02.nii.gz	V1	1	1.4095275	1
sub-869287444915.nii.gz	V1	1	1.4105428	1
PT030_OpenNeuro_ds005366_sub-130.nii.gz	V1	1	1.4105583	1
sub-659455743211.nii.gz	V1	1	1.4108535	1
PT030_OpenNeuro_ds005874_sub-24.nii.gz	V1	1	1.4109867	1
PT030_OpenNeuro_ds003592_sub-113.nii.gz	V1	1	1.4111338	1
135_S_6411_I1453160.nii.gz	V1	1	1.4117447	1
135_S_6411_I1591979.nii.gz	V1	1	1.4122988	1
PT030_OpenNeuro_ds005747_sub-40.nii.gz	V1	1	1.4127481	1
sub-241908248399.nii.gz	V1	1	1.4130677	1
PT030_OpenNeuro_ds002837_sub-27.nii.gz	V1	1	1.4131545	1
PT030_OpenNeuro_ds005752_sub-017.nii.gz	V1	1	1.4132459	1
PT030_OpenNeuro_ds005752_sub-191.nii.gz	V1	1	1.4135358	1
PT030_OpenNeuro_ds004440_sub-49.nii.gz	V1	1	1.4135909	1
sub-OAS30344_ses-d0049_run-01.nii.gz	V1	1	1.413829	1
128_S_0272_I1001504.nii.gz	V1	1	1.4140009	1
PT030_OpenNeuro_ds003709_sub-47.nii.gz	V1	1	1.4140574	1
CP0015.nii.gz	V1	1	1.4142683	1
021_S_7062_I1561600.nii.gz	V1	1	1.4145958	1
PT030_OpenNeuro_ds003592_sub-110.nii.gz	V1	1	1.4147912	1
PT030_OpenNeuro_ds005216_sub-57.nii.gz	V1	1	1.4148618	1
094_S_6417_I1013527.nii.gz	V1	1	1.4150184	1
027_S_7024_I1512668.nii.gz	V1	1	1.4151943	1
PT030_OpenNeuro_ds003972_sub-04.nii.gz	V1	1	1.4158876	1
PT030_OpenNeuro_ds004928_sub-09.nii.gz	V1	1	1.4159877	1
sub-205481948499.nii.gz	V1	1	1.4160751	1
sub-215886595624.nii.gz	V1	1	1.4163524	1
PT030_OpenNeuro_ds003592_sub-274.nii.gz	V1	1	1.4166932	1
sub-992558653026.nii.gz	V1	1	1.4169376	1
129_S_4369_I1453028.nii.gz	V1	1	1.4171954	1
027_S_6582_I1425535.nii.gz	V1	1	1.4173859	1
PT030_OpenNeuro_ds005752_sub-201.nii.gz	V1	1	1.4174451	1
sub-OAS30480_ses-d0161_run-02.nii.gz	V1	1	1.4174619	1
sub-224217740103.nii.gz	V1	1	1.4174973	1
127_S_6168_I1551068.nii.gz	V1	1	1.4176897	1
037_S_4071_I833977.nii.gz	V1	1	1.4180051	1
sub-309267670588.nii.gz	V1	1	1.4184391	1
PT030_OpenNeuro_ds006092_sub-44.nii.gz	V1	1	1.4185188	1
sub-885298009427.nii.gz	V1	1	1.4186687	1
PT030_OpenNeuro_ds003592_sub-262.nii.gz	V1	1	1.418937	1
PT030_OpenNeuro_ds003972_sub-01.nii.gz	V1	1	1.4189464	1
099_S_6038_I1519946.nii.gz	V1	1	1.4191523	1
PT030_OpenNeuro_ds004798_sub-12.nii.gz	V1	1	1.4192567	1
PT030_OpenNeuro_ds005405_sub-084.nii.gz	V1	1	1.4192613	1
sub-557315657627.nii.gz	V1	1	1.4196198	1
PT030_OpenNeuro_ds003709_sub-04.nii.gz	V1	1	1.4198818	1
PT030_OpenNeuro_ds004470_sub-32.nii.gz	V1	1	1.4199765	1
PT030_OpenNeuro_ds004470_sub-29.nii.gz	V1	1	1.420114	1
PT030_OpenNeuro_ds004928_sub-10.nii.gz	V1	1	1.4201463	1
PT030_OpenNeuro_ds003709_sub-42.nii.gz	V1	1	1.4201603	1
PT030_OpenNeuro_ds004056_sub-29.nii.gz	V1	1	1.4205862	1
PT030_OpenNeuro_ds005405_sub-031.nii.gz	V1	1	1.4206016	1
009_S_6163_I963779.nii.gz	V1	1	1.4209615	1
PT030_OpenNeuro_ds006211_sub-11.nii.gz	V1	1	1.4212067	1
PT030_OpenNeuro_ds003709_sub-48.nii.gz	V1	1	1.4212885	1
941_S_6495_I1021968.nii.gz	V1	1	1.4213271	1
sub-960513601275.nii.gz	V1	1	1.4213641	1
127_S_4148_I1185628.nii.gz	V1	1	1.4216641	1
PT030_OpenNeuro_ds005733_sub-10.nii.gz	V1	1	1.4219992	1
PT030_OpenNeuro_ds005551_sub-10.nii.gz	V1	1	1.4222193	1
PT030_OpenNeuro_ds002837_sub-54.nii.gz	V1	1	1.4225479	1
sub-171290254658.nii.gz	V1	1	1.4228091	1
PT030_OpenNeuro_ds005752_sub-078.nii.gz	V1	1	1.4229752	1
005_S_0610_I906096.nii.gz	V1	1	1.4231606	1
PT030_OpenNeuro_ds005405_sub-096.nii.gz	V1	1	1.4231769	1
PT030_OpenNeuro_ds003592_sub-124.nii.gz	V1	1	1.4232436	1
099_S_6016_I1212969.nii.gz	V1	1	1.4233241	1
PT030_OpenNeuro_ds005874_sub-55.nii.gz	V1	1	1.4235351	1
PT030_OpenNeuro_ds005747_sub-45.nii.gz	V1	1	1.4240782	1
sub-876413804784.nii.gz	V1	1	1.4243525	1
PT030_OpenNeuro_ds003709_sub-37.nii.gz	V1	1	1.4244958	1
PT030_OpenNeuro_ds005874_sub-43.nii.gz	V1	1	1.424725	1
sub-270347217232.nii.gz	V1	1	1.4252144	1
PT030_OpenNeuro_ds005366_sub-139.nii.gz	V1	1	1.4253304	1
099_S_4076_I1253769.nii.gz	V1	1	1.4254938	1
sub-274268361591.nii.gz	V1	1	1.4260995	1
PT030_OpenNeuro_ds005752_sub-234.nii.gz	V1	1	1.4262663	1
129_S_6228_I1299200.nii.gz	V1	1	1.4263449	1
PT030_OpenNeuro_ds004470_sub-14.nii.gz	V1	1	1.426421	1
099_S_6016_I859714.nii.gz	V1	1	1.4267446	1
PT030_OpenNeuro_ds005366_sub-154.nii.gz	V1	1	1.4267503	1
sub-544715833793.nii.gz	V1	1	1.4269619	1
sub-OAS30180_ses-d0051_run-01.nii.gz	V1	1	1.4271755	1
PT030_OpenNeuro_ds005747_sub-89.nii.gz	V1	1	1.4273365	1
PT030_OpenNeuro_ds005874_sub-07.nii.gz	V1	1	1.4273856	1
PT030_OpenNeuro_ds003592_sub-259.nii.gz	V1	1	1.4274962	1
PT030_OpenNeuro_ds005747_sub-22.nii.gz	V1	1	1.4276261	1
PT030_OpenNeuro_ds003340_sub-10.nii.gz	V1	1	1.4278494	1
PT007_ATAG_sub-52.nii.gz	V1	1	1.4279029	1
PT030_OpenNeuro_ds004470_sub-10.nii.gz	V1	1	1.4281447	1
PT030_OpenNeuro_ds003701_sub-73.nii.gz	V1	1	1.4284198	1
099_S_6038_I1071981.nii.gz	V1	1	1.4285859	1
PT030_OpenNeuro_ds005733_sub-01.nii.gz	V1	1	1.4287655	1
sub-OAS30352_ses-d0099.nii.gz	V1	1	1.4288341	1
PT030_OpenNeuro_ds005747_sub-36.nii.gz	V1	1	1.4290278	1
PT030_OpenNeuro_ds005874_sub-56.nii.gz	V1	1	1.4290308	1
sub-464503842359.nii.gz	V1	1	1.4291345	1
sub-OAS31339_sess-d0189_run-02.nii.gz	V1	1	1.4292454	1
099_S_6025_I1507743.nii.gz	V1	1	1.4293009	1
sub-321009379265.nii.gz	V1	1	1.4294419	1
PT030_OpenNeuro_ds005752_sub-218.nii.gz	V1	1	1.4295286	1
sub-868866368860.nii.gz	V1	1	1.4296138	1
sub-888374824441.nii.gz	V1	1	1.4296955	1
sub-523506326057.nii.gz	V1	1	1.429996	1
PT030_OpenNeuro_ds005752_sub-220.nii.gz	V1	1	1.4302573	1
PT030_OpenNeuro_ds005733_sub-16.nii.gz	V1	1	1.4303616	1
PT030_OpenNeuro_ds005747_sub-70.nii.gz	V1	1	1.4305345	1
PT030_OpenNeuro_ds001378_sub-12.nii.gz	V1	1	1.4306314	1
sub-OAS30762_ses-d0043.nii.gz	V1	1	1.4307021	1
PT030_OpenNeuro_ds006067_sub-019.nii.gz	V1	1	1.4308649	1
033_S_0734_I1058029.nii.gz	V1	1	1.4308888	1
sub-627005612106.nii.gz	V1	1	1.4309903	1
037_S_4071_I833978.nii.gz	V1	1	1.4311188	1
PT030_OpenNeuro_ds005747_sub-41.nii.gz	V1	1	1.4312339	1
PT030_OpenNeuro_ds003592_sub-126.nii.gz	V1	1	1.4312841	1
PT030_OpenNeuro_ds003592_sub-002.nii.gz	V1	1	1.4313682	1
PT030_OpenNeuro_ds004091_sub-01.nii.gz	V1	1	1.4313749	1
PT030_OpenNeuro_ds005747_sub-77.nii.gz	V1	1	1.4314233	1
PT007_ATAG_sub-32.nii.gz	V1	1	1.4314291	1
PT030_OpenNeuro_ds005216_sub-55.nii.gz	V1	1	1.431519	1
PT030_OpenNeuro_ds003592_sub-123.nii.gz	V1	1	1.4319123	1
PT030_OpenNeuro_ds003709_sub-51.nii.gz	V1	1	1.4319415	1
PT030_OpenNeuro_ds004934_sub-35.nii.gz	V1	1	1.4320244	1
PT030_OpenNeuro_ds004302_sub-07.nii.gz	V1	1	1.432151	1
099_S_6038_I905866.nii.gz	V1	1	1.432172	1
PT030_OpenNeuro_ds005752_sub-243.nii.gz	V1	1	1.4322478	1
sub-576627281914.nii.gz	V1	1	1.4323009	1
PT030_OpenNeuro_ds005216_sub-02.nii.gz	V1	1	1.4323806	1
sub-OAS30760_ses-d3837_run-01.nii.gz	V1	1	1.4327152	1
sub-623833254305.nii.gz	V1	1	1.432816	1
sub-OAS30806_ses-d0026_run-01.nii.gz	V1	1	1.4328704	1
PT030_OpenNeuro_ds002776_sub-17.nii.gz	V1	1	1.4329145	1
PT030_OpenNeuro_ds005216_sub-49.nii.gz	V1	1	1.4330401	1
PT030_OpenNeuro_ds001796_sub-10.nii.gz	V1	1	1.433063	1
033_S_0734_I919238.nii.gz	V1	1	1.4332277	1
PT017_HBN-SSI_sub-09.nii.gz	V1	1	1.4332684	1
PT007_ATAG_sub-53.nii.gz	V1	1	1.4332918	1
PT030_OpenNeuro_ds005747_sub-13.nii.gz	V1	1	1.4333166	1
PT030_OpenNeuro_ds005216_sub-30.nii.gz	V1	1	1.4336038	1
129_S_6621_I1069951.nii.gz	V1	1	1.4337347	1
PT030_OpenNeuro_ds004798_sub-06.nii.gz	V1	1	1.4337494	1
021_S_4254_I836646.nii.gz	V1	1	1.4343483	1
PT030_OpenNeuro_ds005874_sub-28.nii.gz	V1	1	1.4349245	1
PT030_OpenNeuro_ds003592_sub-125.nii.gz	V1	1	1.4350703	1
127_S_0259_I907414.nii.gz	V1	1	1.4351174	1
sub-154460108156.nii.gz	V1	1	1.4352052	1
sub-130488967679.nii.gz	V1	1	1.4352108	1
PT030_OpenNeuro_ds005371_sub-05.nii.gz	V1	1	1.4352506	1
PT030_OpenNeuro_ds006092_sub-38.nii.gz	V1	1	1.4352747	1
PT030_OpenNeuro_ds005752_sub-141.nii.gz	V1	1	1.4353005	1
PT030_OpenNeuro_ds006334_sub-07.nii.gz	V1	1	1.4353089	1
sub-OAS30379_ses-d2106_run-02.nii.gz	V1	1	1.4353896	1
PT030_OpenNeuro_ds004648_sub-70.nii.gz	V1	1	1.4355432	1
sub-184109803454.nii.gz	V1	1	1.4356298	1
sub-723995805134.nii.gz	V1	1	1.4356352	1
PT030_OpenNeuro_ds005874_sub-09.nii.gz	V1	1	1.4356354	1
PT030_OpenNeuro_ds003545_sub-13.nii.gz	V1	1	1.4358256	1
sub-970843536260.nii.gz	V1	1	1.4362439	1
PT030_OpenNeuro_ds003592_sub-032.nii.gz	V1	1	1.4364018	1
PT030_OpenNeuro_ds004648_sub-65.nii.gz	V1	1	1.436484	1
PT030_OpenNeuro_ds005747_sub-86.nii.gz	V1	1	1.4365728	1
sub-369521632168.nii.gz	V1	1	1.4366213	1
PT007_ATAG_sub-36.nii.gz	V1	1	1.4370818	1
PT030_OpenNeuro_ds005581_sub-02.nii.gz	V1	1	1.4371297	1
PT007_ATAG_sub-31.nii.gz	V1	1	1.4372417	1
PT030_OpenNeuro_ds004648_sub-59.nii.gz	V1	1	1.4372458	1
PT030_OpenNeuro_ds003592_sub-115.nii.gz	V1	1	1.437288	1
PT030_OpenNeuro_ds005216_sub-34.nii.gz	V1	1	1.4373713	1
sub-OAS31139_ses-d0533.nii.gz	V1	1	1.437538	1
sub-586887695836.nii.gz	V1	1	1.4376336	1
PT030_OpenNeuro_ds005752_sub-035.nii.gz	V1	1	1.4376484	1
PT030_OpenNeuro_ds003592_sub-122.nii.gz	V1	1	1.4381115	1
PT030_OpenNeuro_ds004648_sub-85.nii.gz	V1	1	1.4382473	1
PT030_OpenNeuro_ds003545_sub-19.nii.gz	V1	1	1.4386027	1
PT030_OpenNeuro_ds005405_sub-037.nii.gz	V1	1	1.4387621	1
PT030_OpenNeuro_ds005752_sub-193.nii.gz	V1	1	1.4391568	1
PT030_OpenNeuro_ds003709_sub-45.nii.gz	V1	1	1.4392376	1
PT030_OpenNeuro_ds005752_sub-120.nii.gz	V1	1	1.4393557	1
PT030_OpenNeuro_ds001378_sub-23.nii.gz	V1	1	1.4394357	1
PT030_OpenNeuro_ds005752_sub-160.nii.gz	V1	1	1.4395462	1
PT030_OpenNeuro_ds005747_sub-12.nii.gz	V1	1	1.4396485	1
PT030_OpenNeuro_ds003592_sub-266.nii.gz	V1	1	1.4396548	1
PT030_OpenNeuro_ds002006_sub-10.nii.gz	V1	1	1.439659	1
029_S_4585_I1302056.nii.gz	V1	1	1.4396992	1
PT007_ATAG_sub-34.nii.gz	V1	1	1.4409252	1
sub-4467_ses-wave1.nii.gz	V1	1	1.4410826	1
129_S_6228_I1569731.nii.gz	V1	1	1.4413059	1
027_S_6317_I996683.nii.gz	V1	1	1.4420756	1
sub-OAS30707_ses-d0453_run-01.nii.gz	V1	1	1.4421275	1
PT030_OpenNeuro_ds003709_sub-05.nii.gz	V1	1	1.442151	1
PT030_OpenNeuro_ds003592_sub-104.nii.gz	V1	1	1.4421935	1
027_S_6516_I1037308.nii.gz	V1	1	1.4423267	1
127_S_4604_I1500929.nii.gz	V1	1	1.442437	1
029_S_4384_I990073.nii.gz	V1	1	1.4425185	1
sub-581935986888.nii.gz	V1	1	1.4425364	1
PT030_OpenNeuro_ds005752_sub-199.nii.gz	V1	1	1.4425827	1
PT030_OpenNeuro_ds005783_sub-01.nii.gz	V1	1	1.442585	1
PT030_OpenNeuro_ds004648_sub-41.nii.gz	V1	1	1.4429351	1
129_S_6244_I1561958.nii.gz	V1	1	1.4430153	1
sub-OAS30344_ses-d0049_run-02.nii.gz	V1	1	1.4430689	1
PT030_OpenNeuro_ds003709_sub-32.nii.gz	V1	1	1.4430859	1
sub-130624212805.nii.gz	V1	1	1.4433035	1
PT030_OpenNeuro_ds003592_sub-102.nii.gz	V1	1	1.443646	1
PT030_OpenNeuro_ds003592_sub-004.nii.gz	V1	1	1.4438893	1
PT030_OpenNeuro_ds003095_sub-04.nii.gz	V1	1	1.444216	1
PT030_OpenNeuro_ds003927_sub-03.nii.gz	V1	1	1.4442233	1
129_S_6452_I1609717.nii.gz	V1	1	1.4442703	1
PT030_OpenNeuro_ds005752_sub-165.nii.gz	V1	1	1.4443151	1
sub-OAS30269_ses-d0052_run-02.nii.gz	V1	1	1.4444665	1
PT030_OpenNeuro_ds001796_sub-12.nii.gz	V1	1	1.4444975	1
009_S_4612_I1485283.nii.gz	V1	1	1.4445759	1
PT030_OpenNeuro_ds005216_sub-47.nii.gz	V1	1	1.4446994	1
135_S_6411_I1331222.nii.gz	V1	1	1.4447562	1
PT030_OpenNeuro_ds004648_sub-24.nii.gz	V1	1	1.4447653	1
sub-347451361275.nii.gz	V1	1	1.4448211	1
PT030_OpenNeuro_ds005752_sub-100.nii.gz	V1	1	1.4448357	1
sub-OAS30443_ses-d0162.nii.gz	V1	1	1.4448566	1
PT030_OpenNeuro_ds005405_sub-033.nii.gz	V1	1	1.4450315	1
PT030_OpenNeuro_ds004873_sub-74.nii.gz	V1	1	1.4450593	1
PT030_OpenNeuro_ds005752_sub-159.nii.gz	V1	1	1.4451814	1
sub-OAS30895_sess-d0077.nii.gz	V1	1	1.4452351	1
PT030_OpenNeuro_ds005752_sub-029.nii.gz	V1	1	1.4453319	1
CP0216.nii.gz	V1	1	1.4453669	1
PT030_OpenNeuro_ds005366_sub-127.nii.gz	V1	1	1.4455881	1
PT030_OpenNeuro_ds006067_sub-102.nii.gz	V1	1	1.4456112	1
sub-343000404329.nii.gz	V1	1	1.4458249	1
PT030_OpenNeuro_ds006092_sub-24.nii.gz	V1	1	1.4458625	1
PT030_OpenNeuro_ds006005_sub-08.nii.gz	V1	1	1.4459733	1
sub-OAS30383_ses-d0134_run-01.nii.gz	V1	1	1.4459854	1
sub-CC620821.nii.gz	V1	1	1.445989	1
126_S_0680_I1280955.nii.gz	V1	1	1.4460264	1
sub-OAS30632_ses-d0106.nii.gz	V1	1	1.4461212	1
sub-128924235805.nii.gz	V1	1	1.4461468	1
sub-ON85981.nii.gz	V1	1	1.4461676	1
sub-698699216920.nii.gz	V1	1	1.4461923	1
PT030_OpenNeuro_ds004470_sub-01.nii.gz	V1	1	1.4463234	1
PT007_ATAG_sub-37.nii.gz	V1	1	1.4464754	1
sub-552670227215.nii.gz	V1	1	1.4465928	1
PT030_OpenNeuro_ds005874_sub-15.nii.gz	V1	1	1.4465936	1
PT030_OpenNeuro_ds002995_sub-08.nii.gz	V1	1	1.4466364	1
057_S_0934_I1033064.nii.gz	V1	1	1.4466422	1
sub-160846305570.nii.gz	V1	1	1.4466848	1
032_S_1169_I949029.nii.gz	V1	1	1.4466902	1
PT030_OpenNeuro_ds005752_sub-184.nii.gz	V1	1	1.4467323	1
941_S_6580_I1046736.nii.gz	V1	1	1.446772	1
021_S_7092_I1597666.nii.gz	V1	1	1.4468595	1
PT030_OpenNeuro_ds004440_sub-43.nii.gz	V1	1	1.4469969	1
sub-320367804429.nii.gz	V1	1	1.4471136	1
sub-806984120210.nii.gz	V1	1	1.4472295	1
PT030_OpenNeuro_ds004648_sub-43.nii.gz	V1	1	1.4472939	1
129_S_4422_I832079.nii.gz	V1	1	1.4473999	1
PT030_OpenNeuro_ds004302_sub-21.nii.gz	V1	1	1.4474229	1
PT030_OpenNeuro_ds004648_sub-68.nii.gz	V1	1	1.4474299	1
114_S_0416_I1214021.nii.gz	V1	1	1.4474325	1
sub-232331035108.nii.gz	V1	1	1.4475603	1
099_S_6038_I1276990.nii.gz	V1	1	1.4476209	1
PT030_OpenNeuro_ds005874_sub-01.nii.gz	V1	1	1.4476402	1
PT030_OpenNeuro_ds003592_sub-261.nii.gz	V1	1	1.4478261	1
sub-116218240872.nii.gz	V1	1	1.4480413	1
129_S_6621_I1440020.nii.gz	V1	1	1.4480758	1
PT030_OpenNeuro_ds005371_sub-09.nii.gz	V1	1	1.4481711	1
PT007_ATAG_sub-38.nii.gz	V1	1	1.4482166	1
sub-OAS30784_ses-d2716.nii.gz	V1	1	1.44828	1
PT030_OpenNeuro_ds005747_sub-17.nii.gz	V1	1	1.44828	1
009_S_4388_I880133.nii.gz	V1	1	1.448422	1
129_S_4396_I947568.nii.gz	V1	1	1.4484973	1
PT030_OpenNeuro_ds003465_sub-35.nii.gz	V1	1	1.44851	1
sub-OAS30379_ses-d2106_run-01.nii.gz	V1	1	1.4486164	1
114_S_0416_I925543.nii.gz	V1	1	1.4487827	1
PT030_OpenNeuro_ds001378_sub-16.nii.gz	V1	1	1.448818	1
sub-390906601924.nii.gz	V1	1	1.4488269	1
PT030_OpenNeuro_ds005752_sub-123.nii.gz	V1	1	1.448929	1
PT030_OpenNeuro_ds004470_sub-28.nii.gz	V1	1	1.4489479	1
PT030_OpenNeuro_ds004636_sub-101.nii.gz	V1	1	1.449002	1
141_S_0767_I1471355.nii.gz	V1	1	1.4490077	1
PT030_OpenNeuro_ds003592_sub-100.nii.gz	V1	1	1.4490273	1
sub-469001676302.nii.gz	V1	1	1.449214	1
PT030_OpenNeuro_ds005752_sub-239.nii.gz	V1	1	1.4492518	1
sub-547107069770.nii.gz	V1	1	1.4492673	1
sub-397541416103.nii.gz	V1	1	1.4492935	1
PT036_Yale_HighRes_sub-013.nii.gz	V1	1	1.449382	1
PT030_OpenNeuro_ds005747_sub-78.nii.gz	V1	1	1.4493829	1
PT030_OpenNeuro_ds001814_sub-26.nii.gz	V1	1	1.4497708	1
123_S_0106_I1058747.nii.gz	V1	1	1.4498786	1
PT030_OpenNeuro_ds003592_sub-005.nii.gz	V1	1	1.4499065	1
PT030_OpenNeuro_ds005216_sub-54.nii.gz	V1	1	1.4499153	1
sub-OAS30061_ses-d0035.nii.gz	V1	1	1.4500769	1
sub-555146543406.nii.gz	V1	1	1.4501529	1
sub-471055677982.nii.gz	V1	1	1.4502118	1
AOMIC-PIOP1_sub-0197_T1w.nii.gz	V1	1	1.4502784	1
PT030_OpenNeuro_ds003709_sub-33.nii.gz	V1	1	1.4502898	1
sub-944780637236.nii.gz	V1	1	1.4503388	1
PT030_OpenNeuro_ds005752_sub-050.nii.gz	V1	1	1.4504048	1
099_S_4076_I1253770.nii.gz	V1	1	1.4504541	1
014_S_6148_I951358.nii.gz	V1	1	1.4505703	1
sub-OAS30487_ses-d0064_run-02.nii.gz	V1	1	1.4505743	1
PT030_OpenNeuro_ds004470_sub-23.nii.gz	V1	1	1.4505979	1
PT030_OpenNeuro_ds005752_sub-144.nii.gz	V1	1	1.450746	1
sub-462590078135.nii.gz	V1	1	1.4508514	1
PT030_OpenNeuro_ds005752_sub-094.nii.gz	V1	1	1.4508737	1
sub-314405766761.nii.gz	V1	1	1.4509808	1
PT030_OpenNeuro_ds005752_sub-158.nii.gz	V1	1	1.4509968	1
sub-451568083712.nii.gz	V1	1	1.4512651	1
941_S_6580_I1226810.nii.gz	V1	1	1.4512792	1
PT030_OpenNeuro_ds004648_sub-64.nii.gz	V1	1	1.4514017	1
sub-711825599373.nii.gz	V1	1	1.4514581	1
sub-114165623285.nii.gz	V1	1	1.4516258	1
sub-OAS30383_ses-d0134_run-02.nii.gz	V1	1	1.4517202	1
PT030_OpenNeuro_ds006092_sub-31.nii.gz	V1	1	1.4517882	1
127_S_6168_I1296655.nii.gz	V1	1	1.4517975	1
PT030_OpenNeuro_ds005874_sub-10.nii.gz	V1	1	1.4519658	1
PT030_OpenNeuro_ds004798_sub-14.nii.gz	V1	1	1.4520091	1
PT030_OpenNeuro_ds005405_sub-030.nii.gz	V1	1	1.4522201	1
sub-OAS30703_ses-d0076_run-02.nii.gz	V1	1	1.4522337	1
PT030_OpenNeuro_ds005752_sub-235.nii.gz	V1	1	1.452299	1
PT030_OpenNeuro_ds004091_sub-07.nii.gz	V1	1	1.4523132	1
PT030_OpenNeuro_ds003592_sub-030.nii.gz	V1	1	1.4523602	1
PT030_OpenNeuro_ds003511_sub-36.nii.gz	V1	1	1.4526513	1
sub-OAS30703_ses-d0076_run-01.nii.gz	V1	1	1.4526755	1
sub-227104859257.nii.gz	V1	1	1.4527078	1
PT030_OpenNeuro_ds003709_sub-39.nii.gz	V1	1	1.4528295	1
PT030_OpenNeuro_ds004636_sub-001.nii.gz	V1	1	1.4531534	1
PT030_OpenNeuro_ds005366_sub-080.nii.gz	V1	1	1.4531851	1
sub-562_ses-wave3.nii.gz	V1	1	1.4532206	1
sub-819765846714.nii.gz	V1	1	1.4532775	1
sub-ON08571.nii.gz	V1	1	1.4533684	1
PT030_OpenNeuro_ds003709_sub-38.nii.gz	V1	1	1.4534214	1
127_S_0259_I1066589.nii.gz	V1	1	1.4534382	1
099_S_6476_I1330491.nii.gz	V1	1	1.4536576	1
sub-OAS31090_ses-d0353_run-01.nii.gz	V1	1	1.4538074	1
sub-OAS31046_ses-d0473_run-01.nii.gz	V1	1	1.4538349	1
129_S_6457_I1607991.nii.gz	V1	1	1.4539263	1
PT030_OpenNeuro_ds003592_sub-220.nii.gz	V1	1	1.4539725	1
sub-572747785752.nii.gz	V1	1	1.4540299	1
sub-OAS31339_sess-d0189_run-04.nii.gz	V1	1	1.4540341	1
PT030_OpenNeuro_ds002748_sub-56.nii.gz	V1	1	1.4541973	1
PT030_OpenNeuro_ds004440_sub-47.nii.gz	V1	1	1.4544079	1
099_S_6097_I1565029.nii.gz	V1	1	1.4544581	1
sub-683311152225.nii.gz	V1	1	1.4545063	1
PT030_OpenNeuro_ds005216_sub-11.nii.gz	V1	1	1.4545289	1
PT030_OpenNeuro_ds005405_sub-004.nii.gz	V1	1	1.4545571	1
PT030_OpenNeuro_ds003592_sub-300.nii.gz	V1	1	1.4545672	1
129_S_6244_I1319246.nii.gz	V1	1	1.4546833	1
sub-599933244197.nii.gz	V1	1	1.4547156	1
PT030_OpenNeuro_ds003340_sub-20.nii.gz	V1	1	1.4547482	1
129_S_6621_I1260118.nii.gz	V1	1	1.454777	1
PT030_OpenNeuro_ds005752_sub-164.nii.gz	V1	1	1.4548957	1
sub-OAS30180_ses-d0051_run-02.nii.gz	V1	1	1.4548986	1
sub-OAS30118_ses-d1663_run-01.nii.gz	V1	1	1.4554516	1
sub-OAS30830_ses-d0030_run-01.nii.gz	V1	1	1.4555024	1
PT030_OpenNeuro_ds005371_sub-12.nii.gz	V1	1	1.4555029	1
sub-342771695360.nii.gz	V1	1	1.455748	1
027_S_0120_I838961.nii.gz	V1	1	1.4557655	1
PT030_OpenNeuro_ds000210_sub-29.nii.gz	V1	1	1.4557841	1
PT030_OpenNeuro_ds005752_sub-117.nii.gz	V1	1	1.455909	1
PT030_OpenNeuro_ds005752_sub-140.nii.gz	V1	1	1.4559846	1
PT030_OpenNeuro_ds004581_sub-25.nii.gz	V1	1	1.4559996	1
PT030_OpenNeuro_ds003972_sub-05.nii.gz	V1	1	1.4561014	1
sub-351877235707.nii.gz	V1	1	1.4561132	1
029_S_4384_I1153132.nii.gz	V1	1	1.4561317	1
sub-952655976849.nii.gz	V1	1	1.4561641	1
PT030_OpenNeuro_ds005752_sub-133.nii.gz	V1	1	1.4561841	1
PT030_OpenNeuro_ds005752_sub-126.nii.gz	V1	1	1.4562087	1
PT030_OpenNeuro_ds003592_sub-255.nii.gz	V1	1	1.4562916	1
sub-582536446323.nii.gz	V1	1	1.4564508	1
PT030_OpenNeuro_ds004798_sub-11.nii.gz	V1	1	1.4565989	1
PT030_OpenNeuro_ds006211_sub-06.nii.gz	V1	1	1.4566667	1
PT030_OpenNeuro_ds004648_sub-03.nii.gz	V1	1	1.4567015	1
sub-OAS31002_ses-d4948_run-01.nii.gz	V1	1	1.4568444	1
021_S_4254_I1152448.nii.gz	V1	1	1.4568917	1
099_S_6025_I1291468.nii.gz	V1	1	1.4569013	1
PT030_OpenNeuro_ds005374_sub-04.nii.gz	V1	1	1.4569032	1
PT030_OpenNeuro_ds005405_sub-066.nii.gz	V1	1	1.4569464	1
sub-689985557925.nii.gz	V1	1	1.4569732	1
PT030_OpenNeuro_ds003592_sub-028.nii.gz	V1	1	1.456978	1
PT030_OpenNeuro_ds005752_sub-197.nii.gz	V1	1	1.4571555	1
PT030_OpenNeuro_ds004648_sub-49.nii.gz	V1	1	1.4572885	1
PT030_OpenNeuro_ds005752_sub-024.nii.gz	V1	1	1.4573516	1
PT030_OpenNeuro_ds005366_sub-134.nii.gz	V1	1	1.4575183	1
sub-871067254231.nii.gz	V1	1	1.4575411	1
129_S_6228_I966665.nii.gz	V1	1	1.4575475	1
PT030_OpenNeuro_ds003592_sub-038.nii.gz	V1	1	1.4575773	1
126_S_0605_I1019084.nii.gz	V1	1	1.457818	1
PT030_OpenNeuro_ds005752_sub-104.nii.gz	V1	1	1.4578885	1
PT030_OpenNeuro_ds005752_sub-042.nii.gz	V1	1	1.4580172	1
PT030_OpenNeuro_ds005752_sub-210.nii.gz	V1	1	1.4580383	1
PT030_OpenNeuro_ds003709_sub-36.nii.gz	V1	1	1.4580547	1
PT030_OpenNeuro_ds004934_sub-07.nii.gz	V1	1	1.4580895	1
sub-557061769391.nii.gz	V1	1	1.4581009	1
sub-910309160908.nii.gz	V1	1	1.4581589	1
sub-OAS31002_ses-d4948_run-02.nii.gz	V1	1	1.4582663	1
sub-875390673251.nii.gz	V1	1	1.4584944	1
PT030_OpenNeuro_ds005405_sub-047.nii.gz	V1	1	1.4585912	1
sub-OAS30088_ses-d0093_run-02.nii.gz	V1	1	1.4588262	1
sub-842259835992.nii.gz	V1	1	1.4589221	1
PT030_OpenNeuro_ds002422_sub-02.nii.gz	V1	1	1.459039	1
sub-760_ses-wave1.nii.gz	V1	1	1.4591696	1
PT030_OpenNeuro_ds005366_sub-145.nii.gz	V1	1	1.4592195	1
099_S_4076_I920975.nii.gz	V1	1	1.4592947	1
sub-174597873713.nii.gz	V1	1	1.459561	1
sub-OAS30269_ses-d0052_run-01.nii.gz	V1	1	1.4596105	1
PT030_OpenNeuro_ds004470_sub-13.nii.gz	V1	1	1.4596136	1
099_S_6476_I1027856.nii.gz	V1	1	1.4596384	1
027_S_6001_I1437590.nii.gz	V1	1	1.4596591	1
PT030_OpenNeuro_ds003745_sub-08.nii.gz	V1	1	1.4598811	1
PT030_OpenNeuro_ds003592_sub-221.nii.gz	V1	1	1.4600532	1
sub-993386914451.nii.gz	V1	1	1.4602453	1
035_S_0555_I964899.nii.gz	V1	1	1.4602771	1
PT030_OpenNeuro_ds005747_sub-29.nii.gz	V1	1	1.4603097	1
PT030_OpenNeuro_ds003639_sub-21.nii.gz	V1	1	1.4603233	1
009_S_4612_I1199414.nii.gz	V1	1	1.4603783	1
AOMIC-PIOP2_sub-0135_T1w.nii.gz	V1	1	1.4603901	1
PT030_OpenNeuro_ds005752_sub-146.nii.gz	V1	1	1.4603908	1
PT030_OpenNeuro_ds005752_sub-113.nii.gz	V1	1	1.460689	1
sub-338890021385.nii.gz	V1	1	1.4607097	1
sub-195594361453.nii.gz	V1	1	1.460824	1
PT030_OpenNeuro_ds005752_sub-074.nii.gz	V1	1	1.4608705	1
PT030_OpenNeuro_ds004440_sub-41.nii.gz	V1	1	1.460874	1
PT030_OpenNeuro_ds005366_sub-147.nii.gz	V1	1	1.4608742	1
023_S_0031_I987370.nii.gz	V1	1	1.4608951	1
sub-431389684208.nii.gz	V1	1	1.4610573	1
PT030_OpenNeuro_ds005704_sub-09.nii.gz	V1	1	1.4612304	1
PT030_OpenNeuro_ds004470_sub-17.nii.gz	V1	1	1.4616064	1
sub-510978667156.nii.gz	V1	1	1.4617895	1
PT030_OpenNeuro_ds005366_sub-098.nii.gz	V1	1	1.4618013	1
PT030_OpenNeuro_ds004440_sub-28.nii.gz	V1	1	1.461873	1
sub-446176984200.nii.gz	V1	1	1.462041	1
sub-OAS30769_ses-d0039_run-01.nii.gz	V1	1	1.4621302	1
PT030_OpenNeuro_ds005405_sub-053.nii.gz	V1	1	1.4623394	1
sub-OAS30318_ses-d2975.nii.gz	V1	1	1.462396	1
PT030_OpenNeuro_ds004470_sub-09.nii.gz	V1	1	1.4624801	1
PT030_OpenNeuro_ds003545_sub-14.nii.gz	V1	1	1.4624854	1
014_S_6148_I951357.nii.gz	V1	1	1.4626253	1
PT030_OpenNeuro_ds003568_sub-35.nii.gz	V1	1	1.4626845	1
PT030_OpenNeuro_ds004470_sub-24.nii.gz	V1	1	1.4626995	1
sub-OAS30760_ses-d3837_run-02.nii.gz	V1	1	1.4627054	1
PT030_OpenNeuro_ds004470_sub-06.nii.gz	V1	1	1.4628302	1
PT030_OpenNeuro_ds004648_sub-15.nii.gz	V1	1	1.4629259	1
sub-409366532979.nii.gz	V1	1	1.4629728	1
137_S_4466_I942799.nii.gz	V1	1	1.4632422	1
PT030_OpenNeuro_ds003592_sub-017.nii.gz	V1	1	1.463274	1
003_S_6014_I1564163.nii.gz	V1	1	1.4632983	1
PT030_OpenNeuro_ds005747_sub-26.nii.gz	V1	1	1.4633	1
sub-501401162183.nii.gz	V1	1	1.4633696	1
PT030_OpenNeuro_ds005752_sub-131.nii.gz	V1	1	1.4633757	1
PT030_OpenNeuro_ds004648_sub-62.nii.gz	V1	1	1.4633967	1
PT030_OpenNeuro_ds005405_sub-039.nii.gz	V1	1	1.4634606	1
sub-640745291862.nii.gz	V1	1	1.4635353	1
010_S_0419_I1170023.nii.gz	V1	1	1.4635541	1
sub-269_ses-wave1.nii.gz	V1	1	1.4635977	1
PT030_OpenNeuro_ds003568_sub-03.nii.gz	V1	1	1.4636458	1
sub-ON89474.nii.gz	V1	1	1.4636688	1
sub-851966215203.nii.gz	V1	1	1.4636956	1
sub-ON73969.nii.gz	V1	1	1.4638095	1
141_S_0767_I1471354.nii.gz	V1	1	1.4639088	1
PT030_OpenNeuro_ds004470_sub-11.nii.gz	V1	1	1.463923	1
PT030_OpenNeuro_ds003592_sub-282.nii.gz	V1	1	1.463946	1
PT030_OpenNeuro_ds004934_sub-16.nii.gz	V1	1	1.4640293	1
sub-701863915807.nii.gz	V1	1	1.4641709	1
PT030_OpenNeuro_ds005366_sub-137.nii.gz	V1	1	1.4641777	1
sub-105046731194.nii.gz	V1	1	1.4641992	1
PT030_OpenNeuro_ds005371_sub-14.nii.gz	V1	1	1.4642501	1
PT030_OpenNeuro_ds006092_sub-15.nii.gz	V1	1	1.4643135	1
sub-947048943658.nii.gz	V1	1	1.4643419	1
PT030_OpenNeuro_ds004798_sub-04.nii.gz	V1	1	1.4643635	1
PT030_OpenNeuro_ds002837_sub-55.nii.gz	V1	1	1.4644675	1
PT030_OpenNeuro_ds004934_sub-06.nii.gz	V1	1	1.4645548	1
PT030_OpenNeuro_ds005752_sub-109.nii.gz	V1	1	1.4645854	1
sub-944831654822.nii.gz	V1	1	1.4645879	1
sub-938896811577.nii.gz	V1	1	1.4646158	1
129_S_6288_I1156426.nii.gz	V1	1	1.4647386	1
sub-ON91906.nii.gz	V1	1	1.4648334	1
PT030_OpenNeuro_ds004648_sub-61.nii.gz	V1	1	1.4648712	1
PT030_OpenNeuro_ds005752_sub-056.nii.gz	V1	1	1.4648759	1
027_S_6582_I1057804.nii.gz	V1	1	1.4652787	1
128_S_4607_I1273042.nii.gz	V1	1	1.4653198	1
sub-166141323302.nii.gz	V1	1	1.4653742	1
PT030_OpenNeuro_ds005752_sub-183.nii.gz	V1	1	1.4654369	1
PT030_OpenNeuro_ds005752_sub-155.nii.gz	V1	1	1.4654499	1
PT030_OpenNeuro_ds001942_sub-08.nii.gz	V1	1	1.4655972	1
sub-720776154383.nii.gz	V1	1	1.4656003	1
sub-ON54886.nii.gz	V1	1	1.4657602	1
PT030_OpenNeuro_ds005405_sub-043.nii.gz	V1	1	1.4658061	1
PT030_OpenNeuro_ds002711_sub-02.nii.gz	V1	1	1.4658192	1
PT030_OpenNeuro_ds003709_sub-43.nii.gz	V1	1	1.4658657	1
PT030_OpenNeuro_ds004302_sub-03.nii.gz	V1	1	1.465987	1
sub-CC721434.nii.gz	V1	1	1.466007	1
sub-OAS30118_ses-d1663_run-02.nii.gz	V1	1	1.4660388	1
PT007_ATAG_sub-43.nii.gz	V1	1	1.4661082	1
sub-1600_ses-wave2.nii.gz	V1	1	1.4661827	1
sub-264782182812.nii.gz	V1	1	1.4662495	1
sub-1600_ses-wave1.nii.gz	V1	1	1.466366	1
PT036_Yale_HighRes_sub-018.nii.gz	V1	1	1.466607	1
135_S_6510_I1615467.nii.gz	V1	1	1.4666233	1
sub-782755729398.nii.gz	V1	1	1.4667157	1
PT030_OpenNeuro_ds003592_sub-111.nii.gz	V1	1	1.4667187	1
sub-617548875008.nii.gz	V1	1	1.4671166	1
sub-CC721292.nii.gz	V1	1	1.4672022	1
sub-121236619259.nii.gz	V1	1	1.4672953	1
021_S_7055_I1559734.nii.gz	V1	1	1.4674109	1
PT030_OpenNeuro_ds004868_sub-01.nii.gz	V1	1	1.4674429	1
PT030_OpenNeuro_ds003592_sub-010.nii.gz	V1	1	1.4674678	1
AOMIC-PIOP1_sub-0021_T1w.nii.gz	V1	1	1.467526	1
PT030_OpenNeuro_ds002995_sub-09.nii.gz	V1	1	1.4675581	1
PT030_OpenNeuro_ds005752_sub-224.nii.gz	V1	1	1.4676328	1
PT030_OpenNeuro_ds004648_sub-57.nii.gz	V1	1	1.4677044	1
129_S_6459_I1323146.nii.gz	V1	1	1.4677742	1
sub-584305222833.nii.gz	V1	1	1.4679354	1
PT030_OpenNeuro_ds006092_sub-10.nii.gz	V1	1	1.4679428	1
sub-334710741179.nii.gz	V1	1	1.4679713	1
PT030_OpenNeuro_ds005366_sub-132.nii.gz	V1	1	1.4680471	1
sub-621736610839.nii.gz	V1	1	1.4680754	1
sub-OAS30899_ses-d0070_run-02.nii.gz	V1	1	1.4681139	1
PT030_OpenNeuro_ds003465_sub-29.nii.gz	V1	1	1.4682434	1
sub-590290455236.nii.gz	V1	1	1.4683231	1
sub-683703810227.nii.gz	V1	1	1.4683634	1
PT030_OpenNeuro_ds005752_sub-037.nii.gz	V1	1	1.4683759	1
PT030_OpenNeuro_ds004470_sub-08.nii.gz	V1	1	1.4684696	1
sub-185058251219.nii.gz	V1	1	1.4685843	1
PT030_OpenNeuro_ds005752_sub-231.nii.gz	V1	1	1.468902	1
PT030_OpenNeuro_ds004440_sub-09.nii.gz	V1	1	1.4689617	1
PT030_OpenNeuro_ds005752_sub-163.nii.gz	V1	1	1.4693034	1
sub-OAS30781_ses-d0048.nii.gz	V1	1	1.4693047	1
PT030_OpenNeuro_ds005752_sub-176.nii.gz	V1	1	1.469389	1
135_S_6411_I1005341.nii.gz	V1	1	1.4695137	1
sub-518817165912.nii.gz	V1	1	1.4696009	1
PT030_OpenNeuro_ds005747_sub-60.nii.gz	V1	1	1.4696097	1
PT030_OpenNeuro_ds003592_sub-107.nii.gz	V1	1	1.4696212	1
PT030_OpenNeuro_ds004302_sub-19.nii.gz	V1	1	1.4696225	1
sub-194725619450.nii.gz	V1	1	1.4696361	1
sub-777549072852.nii.gz	V1	1	1.4696699	1
033_S_4177_I956358.nii.gz	V1	1	1.4697046	1
099_S_6396_I1190195.nii.gz	V1	1	1.4698033	1
099_S_6097_I1268293.nii.gz	V1	1	1.4699148	1
PT030_OpenNeuro_ds004873_sub-71.nii.gz	V1	1	1.4699765	1
sub-OAS30007_ses-d0061_run-01.nii.gz	V1	1	1.4701931	1
PT030_OpenNeuro_ds003639_sub-17.nii.gz	V1	1	1.4702568	1
094_S_6419_I1014522.nii.gz	V1	1	1.4702685	1
PT030_OpenNeuro_ds006105_sub-36.nii.gz	V1	1	1.4703517	1
PT030_OpenNeuro_ds003542_sub-29.nii.gz	V1	1	1.4704317	1
PT030_OpenNeuro_ds005752_sub-217.nii.gz	V1	1	1.4704331	1
sub-680757856739.nii.gz	V1	1	1.4705447	1
PT030_OpenNeuro_ds000245_sub-03.nii.gz	V1	1	1.4706217	1
sub-886027172791.nii.gz	V1	1	1.4706616	1
PT030_OpenNeuro_ds005752_sub-188.nii.gz	V1	1	1.4707177	1
PT030_OpenNeuro_ds004470_sub-18.nii.gz	V1	1	1.4707233	1
941_S_6580_I1343715.nii.gz	V1	1	1.4707526	1
PT030_OpenNeuro_ds005752_sub-048.nii.gz	V1	1	1.4708463	1
PT030_OpenNeuro_ds004006_sub-04.nii.gz	V1	1	1.4709084	1
PT030_OpenNeuro_ds003592_sub-023.nii.gz	V1	1	1.4709269	1
sub-836204819379.nii.gz	V1	1	1.4709903	1
027_S_6577_I1384712.nii.gz	V1	1	1.4711119	1
sub-254729298278.nii.gz	V1	1	1.4713144	1
sub-877523533189.nii.gz	V1	1	1.4713598	1
PT030_OpenNeuro_ds005752_sub-028.nii.gz	V1	1	1.4714348	1
PT030_OpenNeuro_ds003592_sub-105.nii.gz	V1	1	1.4715172	1
sub-OAS30896_ses-d0439_run-02.nii.gz	V1	1	1.4715177	1
PT030_OpenNeuro_ds005752_sub-200.nii.gz	V1	1	1.4715897	1
941_S_6570_I1044538.nii.gz	V1	1	1.4716578	1
sub-OAS30607_ses-d0117.nii.gz	V1	1	1.4718187	1
PT030_OpenNeuro_ds003592_sub-034.nii.gz	V1	1	1.4719592	1
009_S_6212_I968465.nii.gz	V1	1	1.4719887	1
sub-225761821123.nii.gz	V1	1	1.4720366	1
sub-817638670886.nii.gz	V1	1	1.4720384	1
sub-109712998508.nii.gz	V1	1	1.4721602	1
PT030_OpenNeuro_ds003709_sub-15.nii.gz	V1	1	1.4723454	1
129_S_6459_I1014209.nii.gz	V1	1	1.4723816	1
PT007_ATAG_sub-35.nii.gz	V1	1	1.4724494	1
129_S_6288_I1156427.nii.gz	V1	1	1.4725695	1
PT030_OpenNeuro_ds003095_sub-13.nii.gz	V1	1	1.472657	1
027_S_6001_I1577517.nii.gz	V1	1	1.4726994	1
sub-360345095022.nii.gz	V1	1	1.4727058	1
PT030_OpenNeuro_ds003592_sub-033.nii.gz	V1	1	1.4727346	1
PT030_OpenNeuro_ds001761_sub-01.nii.gz	V1	1	1.4727436	1
014_S_6522_I1491000.nii.gz	V1	1	1.4727442	1
PT030_OpenNeuro_ds004648_sub-71.nii.gz	V1	1	1.4727736	1
PT030_OpenNeuro_ds005752_sub-091.nii.gz	V1	1	1.4728293	1
PT030_OpenNeuro_ds004798_sub-07.nii.gz	V1	1	1.4728314	1
PT030_OpenNeuro_ds004440_sub-34.nii.gz	V1	1	1.4728632	1
PT030_OpenNeuro_ds003452_sub-05.nii.gz	V1	1	1.4729272	1
sub-678825690563.nii.gz	V1	1	1.4729414	1
sub-588680393420.nii.gz	V1	1	1.4729757	1
sub-596962321361.nii.gz	V1	1	1.4731015	1
PT030_OpenNeuro_ds005752_sub-039.nii.gz	V1	1	1.4732203	1
099_S_6396_I1325533.nii.gz	V1	1	1.4732819	1
PT030_OpenNeuro_ds005752_sub-171.nii.gz	V1	1	1.473296	1
sub-931316549796.nii.gz	V1	1	1.4734567	1
033_S_4177_I1280292.nii.gz	V1	1	1.4736155	1
005_S_6093_I924228.nii.gz	V1	1	1.4737263	1
PT030_OpenNeuro_ds003592_sub-103.nii.gz	V1	1	1.4737723	1
sub-OAS30357_ses-d0521.nii.gz	V1	1	1.4739081	1
PT030_OpenNeuro_ds003568_sub-02.nii.gz	V1	1	1.4739132	1
PT030_OpenNeuro_ds004470_sub-30.nii.gz	V1	1	1.4739454	1
PT030_OpenNeuro_ds004648_sub-42.nii.gz	V1	1	1.4739894	1
sub-488756364056.nii.gz	V1	1	1.4740252	1
PT030_OpenNeuro_ds005684_sub-30.nii.gz	V1	1	1.4740905	1
PT030_OpenNeuro_ds004648_sub-26.nii.gz	V1	1	1.4741375	1
sub-278339857109.nii.gz	V1	1	1.4742695	1
PT030_OpenNeuro_ds005405_sub-052.nii.gz	V1	1	1.4742815	1
PT030_OpenNeuro_ds004470_sub-16.nii.gz	V1	1	1.4743162	1
sub-376614727318.nii.gz	V1	1	1.4743463	1
sub-672791368571.nii.gz	V1	1	1.4745156	1
PT030_OpenNeuro_ds004470_sub-27.nii.gz	V1	1	1.4745252	1
sub-906109401964.nii.gz	V1	1	1.474742	1
PT030_OpenNeuro_ds005752_sub-161.nii.gz	V1	1	1.4747424	1
PT030_OpenNeuro_ds005874_sub-40.nii.gz	V1	1	1.4748071	1
PT030_OpenNeuro_ds003592_sub-024.nii.gz	V1	1	1.474815	1
PT030_OpenNeuro_ds005752_sub-216.nii.gz	V1	1	1.4748427	1
sub-926178685760.nii.gz	V1	1	1.4749655	1
sub-198357080175.nii.gz	V1	1	1.475127	1
PT030_OpenNeuro_ds003592_sub-018.nii.gz	V1	1	1.4751346	1
sub-338866539867.nii.gz	V1	1	1.4751391	1
PT030_OpenNeuro_ds005747_sub-25.nii.gz	V1	1	1.4751533	1
PT030_OpenNeuro_ds005752_sub-031.nii.gz	V1	1	1.4752413	1
PT030_OpenNeuro_ds003592_sub-015.nii.gz	V1	1	1.4752525	1
sub-343084691632.nii.gz	V1	1	1.4753253	1
sub-ON53213.nii.gz	V1	1	1.4754261	1
PT030_OpenNeuro_ds004470_sub-19.nii.gz	V1	1	1.4754442	1
PT030_OpenNeuro_ds004484_sub-19.nii.gz	V1	1	1.4754688	1
PT030_OpenNeuro_ds005874_sub-53.nii.gz	V1	1	1.475509	1
PT030_OpenNeuro_ds005126_sub-32.nii.gz	V1	1	1.4757199	1
PT030_OpenNeuro_ds004470_sub-31.nii.gz	V1	1	1.4757624	1
sub-194461506428.nii.gz	V1	1	1.4759923	1
sub-920988541453.nii.gz	V1	1	1.4760331	1
PT030_OpenNeuro_ds005374_sub-19.nii.gz	V1	1	1.4760499	1
PT030_OpenNeuro_ds003592_sub-101.nii.gz	V1	1	1.4760672	1
PT030_OpenNeuro_ds000210_sub-13.nii.gz	V1	1	1.4761012	1
sub-562_ses-wave1.nii.gz	V1	1	1.4761254	1
PT030_OpenNeuro_ds005405_sub-027.nii.gz	V1	1	1.4761353	1
sub-CC721704.nii.gz	V1	1	1.4761431	1
301_S_6224_I1387622.nii.gz	V1	1	1.4761988	1
PT030_OpenNeuro_ds005371_sub-03.nii.gz	V1	1	1.4763516	1
PT030_OpenNeuro_ds003592_sub-035.nii.gz	V1	1	1.4763725	1
sub-770198451893.nii.gz	V1	1	1.4764403	1
014_S_6522_I1037957.nii.gz	V1	1	1.4765255	1
sub-462927684123.nii.gz	V1	1	1.4767336	1
PT030_OpenNeuro_ds004934_sub-41.nii.gz	V1	1	1.4768423	1
sub-ON67435.nii.gz	V1	1	1.4769272	1
sub-916542852934.nii.gz	V1	1	1.4770348	1
sub-467112314797.nii.gz	V1	1	1.4770739	1
PT030_OpenNeuro_ds005752_sub-196.nii.gz	V1	1	1.477173	1
sub-715300585465.nii.gz	V1	1	1.4772667	1
sub-421808511913.nii.gz	V1	1	1.4773016	1
PT030_OpenNeuro_ds001378_sub-14.nii.gz	V1	1	1.4775012	1
sub-499917422866.nii.gz	V1	1	1.4776081	1
PT030_OpenNeuro_ds005747_sub-81.nii.gz	V1	1	1.4777609	1
PT030_OpenNeuro_ds001378_sub-20.nii.gz	V1	1	1.4778215	1
sub-472325050640.nii.gz	V1	1	1.4779605	1
PT030_OpenNeuro_ds005747_sub-11.nii.gz	V1	1	1.4779985	1
sub-909626055335.nii.gz	V1	1	1.4781041	1
AOMIC-PIOP1_sub-0028_T1w.nii.gz	V1	1	1.4781066	1
PT030_OpenNeuro_ds003416_sub-12.nii.gz	V1	1	1.478286	1
PT030_OpenNeuro_ds004440_sub-44.nii.gz	V1	1	1.4783183	1
PT030_OpenNeuro_ds003592_sub-254.nii.gz	V1	1	1.4783987	1
099_S_6175_I1316836.nii.gz	V1	1	1.4785273	1
sub-ON95520.nii.gz	V1	1	1.4786409	1
AOMIC-PIOP1_sub-0118_T1w.nii.gz	V1	1	1.4786531	1
PT030_OpenNeuro_ds005884_sub-05.nii.gz	V1	1	1.4786541	1
PT030_OpenNeuro_ds005374_sub-10.nii.gz	V1	1	1.4787561	1
PT030_OpenNeuro_ds003592_sub-121.nii.gz	V1	1	1.4787947	1
sub-746079690441.nii.gz	V1	1	1.4788465	1
sub-ON85301.nii.gz	V1	1	1.4788988	1
sub-746032496734.nii.gz	V1	1	1.4789783	1
099_S_6396_I1006005.nii.gz	V1	1	1.4791442	1
023_S_0031_I1158135.nii.gz	V1	1	1.4791518	1
PT030_OpenNeuro_ds005752_sub-041.nii.gz	V1	1	1.4792311	1
099_S_6175_I1189639.nii.gz	V1	1	1.4792477	1
sub-OAS30356_ses-d0714_run-01.nii.gz	V1	1	1.4792528	1
sub-735440061180.nii.gz	V1	1	1.4792596	1
PT030_OpenNeuro_ds005366_sub-093.nii.gz	V1	1	1.4792922	1
sub-448817166729.nii.gz	V1	1	1.4793137	1
sub-OAS31046_ses-d0473_run-02.nii.gz	V1	1	1.4794703	1
sub-659518732450.nii.gz	V1	1	1.4794916	1
PT030_OpenNeuro_ds005216_sub-43.nii.gz	V1	1	1.4795392	1
AOMIC-PIOP1_sub-0035_T1w.nii.gz	V1	1	1.4795562	1
099_S_6396_I1607636.nii.gz	V1	1	1.4797173	1
PT030_OpenNeuro_ds004648_sub-60.nii.gz	V1	1	1.4797673	1
PT030_OpenNeuro_ds005405_sub-017.nii.gz	V1	1	1.4799438	1
PT030_OpenNeuro_ds004440_sub-05.nii.gz	V1	1	1.4801116	1
005_S_0602_I925141.nii.gz	V1	1	1.4803061	1
PT030_OpenNeuro_ds004470_sub-02.nii.gz	V1	1	1.4804695	1
016_S_6790_I1359954.nii.gz	V1	1	1.4805723	1
PT030_OpenNeuro_ds005752_sub-137.nii.gz	V1	1	1.4806714	1
021_S_7045_I1547794.nii.gz	V1	1	1.4809068	1
PT030_OpenNeuro_ds003639_sub-19.nii.gz	V1	1	1.4809628	1
PT007_ATAG_sub-42.nii.gz	V1	1	1.4810193	1
099_S_6175_I976382.nii.gz	V1	1	1.4810337	1
sub-866713785429.nii.gz	V1	1	1.481056	1
PT007_ATAG_sub-41.nii.gz	V1	1	1.4810865	1
sub-579773295017.nii.gz	V1	1	1.4811907	1
PT030_OpenNeuro_ds003095_sub-14.nii.gz	V1	1	1.4811941	1
127_S_4148_I1475768.nii.gz	V1	1	1.4812742	1
PT030_OpenNeuro_ds005704_sub-08.nii.gz	V1	1	1.4813297	1
sub-795773669005.nii.gz	V1	1	1.4813507	1
PT030_OpenNeuro_ds003639_sub-15.nii.gz	V1	1	1.4815342	1
027_S_6577_I1050410.nii.gz	V1	1	1.4815433	1
sub-OAS30470_ses-d1846_run-01.nii.gz	V1	1	1.4815531	1
PT030_OpenNeuro_ds004271_sub-01.nii.gz	V1	1	1.4815621	1
PT030_OpenNeuro_ds005752_sub-045.nii.gz	V1	1	1.4815894	1
sub-689891279741.nii.gz	V1	1	1.4816006	1
PT030_OpenNeuro_ds003592_sub-019.nii.gz	V1	1	1.4816122	1
PT030_OpenNeuro_ds003592_sub-039.nii.gz	V1	1	1.4816346	1
PT030_OpenNeuro_ds003568_sub-04.nii.gz	V1	1	1.4816594	1
sub-413622812395.nii.gz	V1	1	1.4817758	1
sub-335457811696.nii.gz	V1	1	1.4817896	1
PT030_OpenNeuro_ds003592_sub-016.nii.gz	V1	1	1.4818003	1
sub-OAS30830_ses-d0030_run-02.nii.gz	V1	1	1.4818125	1
PT030_OpenNeuro_ds005752_sub-032.nii.gz	V1	1	1.4818424	1
129_S_6457_I1325681.nii.gz	V1	1	1.4818735	1
PT030_OpenNeuro_ds005752_sub-014.nii.gz	V1	1	1.4818742	1
PT030_OpenNeuro_ds005374_sub-01.nii.gz	V1	1	1.4818882	1
sub-562319003458.nii.gz	V1	1	1.4819425	1
099_S_6175_I1571670.nii.gz	V1	1	1.4820378	1
029_S_4585_I983921.nii.gz	V1	1	1.4821645	1
sub-ON66452.nii.gz	V1	1	1.482304	1
sub-341129349615.nii.gz	V1	1	1.4824883	1
100_S_0069_I956599.nii.gz	V1	1	1.4825709	1
PT030_OpenNeuro_ds005374_sub-28.nii.gz	V1	1	1.4826549	1
PT030_OpenNeuro_ds004440_sub-16.nii.gz	V1	1	1.4826672	1
sub-OAS30757_ses-d2279.nii.gz	V1	1	1.4827833	1
PT030_OpenNeuro_ds005752_sub-080.nii.gz	V1	1	1.4828333	1
PT030_OpenNeuro_ds005752_sub-233.nii.gz	V1	1	1.4828993	1
sub-379901232997.nii.gz	V1	1	1.4830341	1
PT030_OpenNeuro_ds004648_sub-02.nii.gz	V1	1	1.4830755	1
099_S_6175_I1189640.nii.gz	V1	1	1.4831842	1
sub-OAS30349_ses-d0699_run-02.nii.gz	V1	1	1.4833009	1
PT030_OpenNeuro_ds005374_sub-32.nii.gz	V1	1	1.4833694	1
PT030_OpenNeuro_ds005752_sub-186.nii.gz	V1	1	1.4834375	1
sub-336832105241.nii.gz	V1	1	1.4834422	1
sub-669147517964.nii.gz	V1	1	1.4834605	1
sub-789237283790.nii.gz	V1	1	1.4834807	1
sub-976906636902.nii.gz	V1	1	1.4836743	1
sub-887283177563.nii.gz	V1	1	1.4837058	1
PT030_OpenNeuro_ds005884_sub-03.nii.gz	V1	1	1.4837352	1
PT030_OpenNeuro_ds003592_sub-054.nii.gz	V1	1	1.4841152	1
PT030_OpenNeuro_ds003639_sub-12.nii.gz	V1	1	1.4841421	1
PT030_OpenNeuro_ds005733_sub-09.nii.gz	V1	1	1.4841965	1
PT030_OpenNeuro_ds005752_sub-225.nii.gz	V1	1	1.4842178	1
007_S_6515_I1346240.nii.gz	V1	1	1.4842576	1
PT030_OpenNeuro_ds005752_sub-173.nii.gz	V1	1	1.4842807	1
PT030_OpenNeuro_ds005405_sub-035.nii.gz	V1	1	1.4842991	1
sub-819_ses-wave1.nii.gz	V1	1	1.4843603	1
sub-682089304633.nii.gz	V1	1	1.4843729	1
PT030_OpenNeuro_ds002748_sub-70.nii.gz	V1	1	1.4844414	1
PT030_OpenNeuro_ds004470_sub-07.nii.gz	V1	1	1.484469	1
sub-2064_ses-wave2.nii.gz	V1	1	1.484492	1
129_S_6457_I1014334.nii.gz	V1	1	1.4845564	1
114_S_6057_I1415454.nii.gz	V1	1	1.4845617	1
PT030_OpenNeuro_ds005752_sub-209.nii.gz	V1	1	1.484574	1
sub-OAS30919_ses-d2502.nii.gz	V1	1	1.4846749	1
PT030_OpenNeuro_ds003592_sub-009.nii.gz	V1	1	1.4847097	1
099_S_6396_I1607635.nii.gz	V1	1	1.4850775	1
sub-723029434653.nii.gz	V1	1	1.4851321	1
sub-554090328633.nii.gz	V1	1	1.4851979	1
sub-OAS30470_ses-d1846_run-02.nii.gz	V1	1	1.4852984	1
PT030_OpenNeuro_ds003511_sub-26.nii.gz	V1	1	1.485409	1
027_S_6183_I1319400.nii.gz	V1	1	1.4854133	1
sub-425902114613.nii.gz	V1	1	1.4854494	1
135_S_4446_I1186653.nii.gz	V1	1	1.4855205	1
sub-716632783801.nii.gz	V1	1	1.4855785	1
129_S_6452_I1020096.nii.gz	V1	1	1.4855957	1
PT030_OpenNeuro_ds004648_sub-66.nii.gz	V1	1	1.4857199	1
sub-238840828064.nii.gz	V1	1	1.4857237	1
PT030_OpenNeuro_ds004873_sub-21.nii.gz	V1	1	1.485726	1
sub-357162326132.nii.gz	V1	1	1.4858652	1
PT030_OpenNeuro_ds005264_sub-01.nii.gz	V1	1	1.4858844	1
PT030_OpenNeuro_ds004648_sub-73.nii.gz	V1	1	1.4859258	1
sub-ON33221.nii.gz	V1	1	1.4859556	1
PT030_OpenNeuro_ds004873_sub-72.nii.gz	V1	1	1.4859812	1
sub-183303321841.nii.gz	V1	1	1.4860067	1
sub-OAS30487_ses-d0064_run-01.nii.gz	V1	1	1.486037	1
099_S_6097_I930462.nii.gz	V1	1	1.4861144	1
sub-911949440933.nii.gz	V1	1	1.4861152	1
sub-644777973300.nii.gz	V1	1	1.4861246	1
sub-785101208040.nii.gz	V1	1	1.4862119	1
035_S_0156_I1056281.nii.gz	V1	1	1.4862803	1
sub-867_ses-wave2.nii.gz	V1	1	1.4865601	1
PT030_OpenNeuro_ds005405_sub-006.nii.gz	V1	1	1.4865716	1
135_S_6104_I1512337.nii.gz	V1	1	1.4866287	1
sub-159906514771.nii.gz	V1	1	1.4867526	1
PT030_OpenNeuro_ds005405_sub-055.nii.gz	V1	1	1.4867606	1
PT030_OpenNeuro_ds000101_sub-10.nii.gz	V1	1	1.4867684	1
sub-532304357816.nii.gz	V1	1	1.4867849	1
PT030_OpenNeuro_ds001748_sub-14.nii.gz	V1	1	1.4869584	1
027_S_6183_I959453.nii.gz	V1	1	1.4869611	1
sub-OAS31303_sess-d0015_run-02.nii.gz	V1	1	1.4870167	1
135_S_6509_I1021751.nii.gz	V1	1	1.4870714	1
PT030_OpenNeuro_ds001378_sub-21.nii.gz	V1	1	1.4871627	1
PT030_OpenNeuro_ds004302_sub-23.nii.gz	V1	1	1.4872006	1
109_S_6213_I969826.nii.gz	V1	1	1.4872782	1
AOMIC-PIOP1_sub-0167_T1w.nii.gz	V1	1	1.4873435	1
PT030_OpenNeuro_ds005216_sub-35.nii.gz	V1	1	1.4873569	1
sub-OAS30479_ses-d1266.nii.gz	V1	1	1.4873796	1
PT030_OpenNeuro_ds005405_sub-085.nii.gz	V1	1	1.4874319	1
PT030_OpenNeuro_ds004956_sub-01.nii.gz	V1	1	1.4875313	1
sub-333684578808.nii.gz	V1	1	1.4876014	1
sub-OAS30713_ses-d0095_run-02.nii.gz	V1	1	1.4877061	1
sub-739787260379.nii.gz	V1	1	1.487872	1
032_S_6294_I992208.nii.gz	V1	1	1.4879009	1
sub-561045643649.nii.gz	V1	1	1.4879013	1
sub-OAS30552_ses-d0139_run-02.nii.gz	V1	1	1.4879018	1
sub-OAS30680_ses-d6255.nii.gz	V1	1	1.4879047	1
sub-146639891883.nii.gz	V1	1	1.4879566	1
PT030_OpenNeuro_ds004648_sub-69.nii.gz	V1	1	1.4880015	1
sub-570598617499.nii.gz	V1	1	1.4880635	1
033_S_4176_I1117701.nii.gz	V1	1	1.4881055	1
PT030_OpenNeuro_ds004868_sub-02.nii.gz	V1	1	1.4881091	1
PT030_OpenNeuro_ds003465_sub-27.nii.gz	V1	1	1.4881414	1
sub-194684487354.nii.gz	V1	1	1.4882541	1
PT030_OpenNeuro_ds004484_sub-14.nii.gz	V1	1	1.4882829	1
035_S_0156_I1284808.nii.gz	V1	1	1.4883103	1
sub-347848937879.nii.gz	V1	1	1.4884447	1
sub-787199115410.nii.gz	V1	1	1.4884505	1
sub-202617672982.nii.gz	V1	1	1.48861	1
PT030_OpenNeuro_ds004648_sub-80.nii.gz	V1	1	1.4886265	1
sub-ON76625.nii.gz	V1	1	1.4886407	1
PT030_OpenNeuro_ds005405_sub-042.nii.gz	V1	1	1.4886613	1
sub-411339149603.nii.gz	V1	1	1.4886731	1
PT030_OpenNeuro_ds004725_sub-58.nii.gz	V1	1	1.4886811	1
PT030_OpenNeuro_ds004440_sub-42.nii.gz	V1	1	1.4887102	1
PT030_OpenNeuro_ds005405_sub-057.nii.gz	V1	1	1.4887836	1
PT030_OpenNeuro_ds004440_sub-18.nii.gz	V1	1	1.4888026	1
PT030_OpenNeuro_ds003592_sub-112.nii.gz	V1	1	1.4888548	1
PT030_OpenNeuro_ds004648_sub-77.nii.gz	V1	1	1.4889395	1
sub-477362713467.nii.gz	V1	1	1.4889425	1
sub-693399183927.nii.gz	V1	1	1.4890205	1
sub-4315_ses-wave3.nii.gz	V1	1	1.4891096	1
CP0180.nii.gz	V1	1	1.489118	1
082_S_6564_I1049352.nii.gz	V1	1	1.4891253	1
sub-231330798218.nii.gz	V1	1	1.4891305	1
sub-547450106968.nii.gz	V1	1	1.4891957	1
PT030_OpenNeuro_ds005405_sub-032.nii.gz	V1	1	1.4891989	1
sub-OAS30896_ses-d0439_run-01.nii.gz	V1	1	1.48924	1
129_S_6244_I1319248.nii.gz	V1	1	1.4893126	1
sub-4869_ses-wave2.nii.gz	V1	1	1.4894497	1
094_S_6275_I986502.nii.gz	V1	1	1.4894879	1
sub-OAS31349_sess-d0048.nii.gz	V1	1	1.4894892	1
PT030_OpenNeuro_ds005366_sub-135.nii.gz	V1	1	1.4895203	1
sub-456991816184.nii.gz	V1	1	1.4895387	1
109_S_6213_I969812.nii.gz	V1	1	1.4895482	1
sub-OAS30835_ses-d0709_run-01.nii.gz	V1	1	1.4895798	1
PT030_OpenNeuro_ds004158_sub-03.nii.gz	V1	1	1.489594	1
sub-OAS30356_ses-d0714_run-02.nii.gz	V1	1	1.4896182	1
PT030_OpenNeuro_ds005752_sub-190.nii.gz	V1	1	1.4896193	1
sub-768852153668.nii.gz	V1	1	1.4897137	1
sub-208102410175.nii.gz	V1	1	1.4897214	1
PT030_OpenNeuro_ds005405_sub-087.nii.gz	V1	1	1.4897804	1
sub-566869073328.nii.gz	V1	1	1.4898034	1
PT030_OpenNeuro_ds003592_sub-027.nii.gz	V1	1	1.4898332	1
sub-284931213796.nii.gz	V1	1	1.489834	1
PT030_OpenNeuro_ds006092_sub-21.nii.gz	V1	1	1.4900929	1
sub-431091782369.nii.gz	V1	1	1.4901202	1
PT030_OpenNeuro_ds003745_sub-21.nii.gz	V1	1	1.4901229	1
PT030_OpenNeuro_ds003381_sub-11.nii.gz	V1	1	1.490129	1
sub-2035_ses-wave1.nii.gz	V1	1	1.4901743	1
PT030_OpenNeuro_ds000220_sub-08.nii.gz	V1	1	1.4902323	1
sub-OAS30843_sess-d0236.nii.gz	V1	1	1.4902639	1
PT030_OpenNeuro_ds005752_sub-232.nii.gz	V1	1	1.490274	1
PT030_OpenNeuro_ds005874_sub-38.nii.gz	V1	1	1.4903066	1
sub-924651987648.nii.gz	V1	1	1.4903138	1
009_S_6286_I989491.nii.gz	V1	1	1.4904286	1
135_S_4446_I861323.nii.gz	V1	1	1.490448	1
PT030_OpenNeuro_ds003592_sub-031.nii.gz	V1	1	1.4904563	1
sub-156242290939.nii.gz	V1	1	1.490487	1
sub-728001286523.nii.gz	V1	1	1.4905154	1
sub-532899301034.nii.gz	V1	1	1.4906353	1
sub-515473988139.nii.gz	V1	1	1.4906362	1
sub-ON93426.nii.gz	V1	1	1.4906434	1
sub-4565_ses-wave2.nii.gz	V1	1	1.4906721	1
PT030_OpenNeuro_ds003592_sub-127.nii.gz	V1	1	1.4906884	1
sub-465530885006.nii.gz	V1	1	1.4907185	1
sub-975543336576.nii.gz	V1	1	1.4907742	1
sub-914484668303.nii.gz	V1	1	1.4907832	1
sub-OAS30240_ses-d3843.nii.gz	V1	1	1.4908098	1
PT030_OpenNeuro_ds005405_sub-044.nii.gz	V1	1	1.4908361	1
033_S_1098_I941811.nii.gz	V1	1	1.4908768	1
100_S_0069_I1278852.nii.gz	V1	1	1.4909583	1
PT030_OpenNeuro_ds004542_sub-03.nii.gz	V1	1	1.4910475	1
sub-498296814482.nii.gz	V1	1	1.4910762	1
PT030_OpenNeuro_ds004648_sub-45.nii.gz	V1	1	1.4911027	1
sub-791276074550.nii.gz	V1	1	1.4911966	1
PT030_OpenNeuro_ds005783_sub-12.nii.gz	V1	1	1.4912809	1
sub-778080071565.nii.gz	V1	1	1.4912976	1
sub-744298999140.nii.gz	V1	1	1.491302	1
sub-774375266270.nii.gz	V1	1	1.4915656	1
PT030_OpenNeuro_ds003831_sub-28.nii.gz	V1	1	1.4916185	1
PT030_OpenNeuro_ds003592_sub-106.nii.gz	V1	1	1.4916414	1
PT030_OpenNeuro_ds005752_sub-052.nii.gz	V1	1	1.4916983	1
PT030_OpenNeuro_ds004440_sub-01.nii.gz	V1	1	1.4917074	1
PT030_OpenNeuro_ds003416_sub-09.nii.gz	V1	1	1.4917634	1
PT030_OpenNeuro_ds004042_sub-01.nii.gz	V1	1	1.4918134	1
PT036_Yale_HighRes_sub-015.nii.gz	V1	1	1.4918928	1
PT030_OpenNeuro_ds000254_sub-01.nii.gz	V1	1	1.4918965	1
014_S_6522_I1037958.nii.gz	V1	1	1.491906	1
sub-118300283712.nii.gz	V1	1	1.4919103	1
sub-762833422997.nii.gz	V1	1	1.4920298	1
sub-OAS31115_ses-d0466.nii.gz	V1	1	1.4921696	1
PT030_OpenNeuro_ds004648_sub-88.nii.gz	V1	1	1.4923143	1
sub-459381950194.nii.gz	V1	1	1.4923164	1
PT030_OpenNeuro_ds003592_sub-119.nii.gz	V1	1	1.4924431	1
135_S_6510_I1329845.nii.gz	V1	1	1.4925185	1
sub-962058833465.nii.gz	V1	1	1.4925314	1
129_S_6244_I1319247.nii.gz	V1	1	1.492536	1
PT017_HBN-SSI_sub-08.nii.gz	V1	1	1.4925619	1
sub-OAS30835_ses-d0709_run-02.nii.gz	V1	1	1.4925636	1
100_S_0069_I1119606.nii.gz	V1	1	1.4926406	1
100_S_1286_I959489.nii.gz	V1	1	1.492726	1
014_S_6199_I1166994.nii.gz	V1	1	1.4928104	1
sub-206949772311.nii.gz	V1	1	1.4928217	1
014_S_6199_I966802.nii.gz	V1	1	1.492857	1
129_S_6146_I1277389.nii.gz	V1	1	1.4928664	1
sub-194093056786.nii.gz	V1	1	1.4929814	1
PT030_OpenNeuro_ds004636_sub-108.nii.gz	V1	1	1.4931272	1
sub-929447174283.nii.gz	V1	1	1.4932195	1
sub-327435196846.nii.gz	V1	1	1.4932461	1
AOMIC-PIOP1_sub-0054_T1w.nii.gz	V1	1	1.4932518	1
sub-186971960974.nii.gz	V1	1	1.4932765	1
PT030_OpenNeuro_ds005884_sub-06.nii.gz	V1	1	1.4933776	1
PT030_OpenNeuro_ds005366_sub-082.nii.gz	V1	1	1.4934218	1
PT030_OpenNeuro_ds005752_sub-025.nii.gz	V1	1	1.4934244	1
PT030_OpenNeuro_ds004440_sub-40.nii.gz	V1	1	1.4934967	1
sub-2044_ses-wave1.nii.gz	V1	1	1.4934994	1
sub-326546999502.nii.gz	V1	1	1.4935472	1
sub-200978776791.nii.gz	V1	1	1.4935836	1
PT030_OpenNeuro_ds003592_sub-267.nii.gz	V1	1	1.4936134	1
PT030_OpenNeuro_ds005126_sub-29.nii.gz	V1	1	1.4936414	1
PT001_ClevelandCCF_sub-09.nii.gz	V1	1	1.4936417	1
PT030_OpenNeuro_ds003592_sub-021.nii.gz	V1	1	1.4936924	1
sub-113484693835.nii.gz	V1	1	1.4937853	1
PT030_OpenNeuro_ds005874_sub-35.nii.gz	V1	1	1.4939098	1
sub-927624489801.nii.gz	V1	1	1.4940411	1
sub-605373904061.nii.gz	V1	1	1.4940459	1
sub-3328_ses-wave3.nii.gz	V1	1	1.494099	1
PT030_OpenNeuro_ds005374_sub-20.nii.gz	V1	1	1.4941689	1
sub-318_ses-wave1.nii.gz	V1	1	1.4941884	1
PT030_OpenNeuro_ds000254_sub-12.nii.gz	V1	1	1.4942162	1
sub-ON51005.nii.gz	V1	1	1.4942578	1
PT030_OpenNeuro_ds005366_sub-081.nii.gz	V1	1	1.4942615	1
082_S_6564_I1049350.nii.gz	V1	1	1.4942963	1
sub-920810018627.nii.gz	V1	1	1.4943901	1
sub-OAS30900_ses-d0051.nii.gz	V1	1	1.4944453	1
sub-388296216663.nii.gz	V1	1	1.4944841	1
sub-OAS30123_ses-d0122.nii.gz	V1	1	1.4945643	1
sub-OAS30187_ses-d0070.nii.gz	V1	1	1.494612	1
sub-477544457426.nii.gz	V1	1	1.4946522	1
sub-228560693895.nii.gz	V1	1	1.4946667	1
sub-765816134328.nii.gz	V1	1	1.4947085	1
PT030_OpenNeuro_ds006092_sub-35.nii.gz	V1	1	1.4947855	1
sub-ON26309.nii.gz	V1	1	1.4949287	1
sub-ON75413.nii.gz	V1	1	1.4949437	1
PT030_OpenNeuro_ds005371_sub-02.nii.gz	V1	1	1.4950532	1
sub-870309621562.nii.gz	V1	1	1.4951094	1
021_S_7062_I1561601.nii.gz	V1	1	1.4951395	1
sub-221041358919.nii.gz	V1	1	1.4952055	1
129_S_6452_I1320896.nii.gz	V1	1	1.4952149	1
PT030_OpenNeuro_ds005752_sub-022.nii.gz	V1	1	1.4952741	1
sub-ON78603.nii.gz	V1	1	1.4953628	1
027_S_6327_I996822.nii.gz	V1	1	1.4953802	1
sub-548237648888.nii.gz	V1	1	1.4953823	1
PT030_OpenNeuro_ds005752_sub-023.nii.gz	V1	1	1.4954265	1
sub-997249731765.nii.gz	V1	1	1.4954746	1
sub-261295933568.nii.gz	V1	1	1.495573	1
sub-229569889740.nii.gz	V1	1	1.4956065	1
PT030_OpenNeuro_ds005752_sub-249.nii.gz	V1	1	1.4956386	1
sub-OAS31151_ses-d0086_run-01.nii.gz	V1	1	1.4956559	1
PT030_OpenNeuro_ds000102_sub-16.nii.gz	V1	1	1.4956598	1
sub-752_ses-wave2.nii.gz	V1	1	1.4957092	1
sub-OAS30770_ses-d0255_run-01.nii.gz	V1	1	1.4957886	1
sub-658732984981.nii.gz	V1	1	1.4958429	1
sub-518733647647.nii.gz	V1	1	1.4958807	1
sub-407639789848.nii.gz	V1	1	1.495884	1
sub-287272151464.nii.gz	V1	1	1.4959059	1
sub-ON62003.nii.gz	V1	1	1.4960499	1
128_S_4607_I1023753.nii.gz	V1	1	1.49607	1
PT030_OpenNeuro_ds005752_sub-179.nii.gz	V1	1	1.4962748	1
sub-464956463990.nii.gz	V1	1	1.4962752	1
010_S_6567_I1037803.nii.gz	V1	1	1.4962778	1
PT030_OpenNeuro_ds005366_sub-149.nii.gz	V1	1	1.4962784	1
PT030_OpenNeuro_ds003542_sub-11.nii.gz	V1	1	1.4964532	1
AOMIC-PIOP1_sub-0203_T1w.nii.gz	V1	1	1.4964625	1
PT030_OpenNeuro_ds003453_sub-30.nii.gz	V1	1	1.4964856	1
sub-867792391964.nii.gz	V1	1	1.4964901	1
PT030_OpenNeuro_ds003592_sub-006.nii.gz	V1	1	1.4965597	1
PT030_OpenNeuro_ds003592_sub-025.nii.gz	V1	1	1.4966635	1
sub-280491821637.nii.gz	V1	1	1.4967067	1
sub-375954438630.nii.gz	V1	1	1.4967078	1
PT030_OpenNeuro_ds005366_sub-146.nii.gz	V1	1	1.4967993	1
sub-OAS30088_ses-d0093_run-01.nii.gz	V1	1	1.4968284	1
130_S_6043_I871899.nii.gz	V1	1	1.4968405	1
PT030_OpenNeuro_ds005366_sub-086.nii.gz	V1	1	1.4969069	1
sub-688740919551.nii.gz	V1	1	1.496945	1
135_S_6104_I928920.nii.gz	V1	1	1.4969714	1
sub-ON65553.nii.gz	V1	1	1.4970733	1
PT030_OpenNeuro_ds003639_sub-03.nii.gz	V1	1	1.4971001	1
PT030_OpenNeuro_ds004440_sub-33.nii.gz	V1	1	1.4971477	1
129_S_6146_I947862.nii.gz	V1	1	1.4971652	1
PT030_OpenNeuro_ds005346_sub-29.nii.gz	V1	1	1.4972266	1
PT030_OpenNeuro_ds004647_sub-31.nii.gz	V1	1	1.4972361	1
sub-296199045528.nii.gz	V1	1	1.4972545	1
sub-OAS30861_ses-d0101.nii.gz	V1	1	1.4973425	1
sub-OAS30471_ses-d0560_run-02.nii.gz	V1	1	1.497376	1
014_S_6522_I1241179.nii.gz	V1	1	1.4974048	1
014_S_6199_I966803.nii.gz	V1	1	1.4974295	1
sub-105890017872.nii.gz	V1	1	1.4974635	1
sub-OAS30991_ses-d0106_run-02.nii.gz	V1	1	1.4974861	1
PT030_OpenNeuro_ds005374_sub-12.nii.gz	V1	1	1.497495	1
sub-442069078771.nii.gz	V1	1	1.4975269	1
PT030_OpenNeuro_ds005234_sub-42.nii.gz	V1	1	1.4975384	1
sub-943000203930.nii.gz	V1	1	1.4976653	1
sub-4869_ses-wave3.nii.gz	V1	1	1.4977121	1
sub-775584956556.nii.gz	V1	1	1.4977804	1
sub-788968945004.nii.gz	V1	1	1.4978039	1
sub-483402142821.nii.gz	V1	1	1.4978545	1
sub-433901926108.nii.gz	V1	1	1.4978946	1
PT030_OpenNeuro_ds005752_sub-230.nii.gz	V1	1	1.4979359	1
PT030_OpenNeuro_ds004934_sub-10.nii.gz	V1	1	1.4979637	1
PT030_OpenNeuro_ds003639_sub-08.nii.gz	V1	1	1.4980105	1
PT030_OpenNeuro_ds006040_sub-28.nii.gz	V1	1	1.498062	1
PT030_OpenNeuro_ds001297_sub-22.nii.gz	V1	1	1.4980712	1
PT030_OpenNeuro_ds005752_sub-143.nii.gz	V1	1	1.4980938	1
sub-852840866495.nii.gz	V1	1	1.4981642	1
sub-OAS30503_ses-d0000.nii.gz	V1	1	1.4982142	1
PT030_OpenNeuro_ds005752_sub-214.nii.gz	V1	1	1.4982284	1
sub-474653638278.nii.gz	V1	1	1.4982294	1
PT030_OpenNeuro_ds005747_sub-69.nii.gz	V1	1	1.4982419	1
PT030_OpenNeuro_ds003592_sub-114.nii.gz	V1	1	1.4982516	1
127_S_6436_I1021434.nii.gz	V1	1	1.4982569	1
sub-OAS30461_ses-d0198_run-01.nii.gz	V1	1	1.498353	1
011_S_7028_I1555916.nii.gz	V1	1	1.4983842	1
014_S_6522_I1490997.nii.gz	V1	1	1.4984503	1
sub-OAS31303_sess-d0015_run-01.nii.gz	V1	1	1.4985222	1
sub-498425982210.nii.gz	V1	1	1.4985287	1
sub-OAS30461_ses-d0198_run-02.nii.gz	V1	1	1.49866	1
PT030_OpenNeuro_ds004648_sub-16.nii.gz	V1	1	1.4986937	1
sub-OAS30441_ses-d0053.nii.gz	V1	1	1.4986967	1
sub-462044176559.nii.gz	V1	1	1.498742	1
PT030_OpenNeuro_ds004934_sub-02.nii.gz	V1	1	1.4987642	1
PT030_OpenNeuro_ds003592_sub-049.nii.gz	V1	1	1.4987818	1
sub-292931997189.nii.gz	V1	1	1.4987942	1
032_S_6279_I1181388.nii.gz	V1	1	1.4988167	1
sub-512558933065.nii.gz	V1	1	1.4988374	1
014_S_6199_I1166993.nii.gz	V1	1	1.498865	1
sub-117730404599.nii.gz	V1	1	1.4988672	1
031_S_4021_I1253141.nii.gz	V1	1	1.4988765	1
PT017_HBN-SSI_sub-10.nii.gz	V1	1	1.4988923	1
016_S_6790_I1194293.nii.gz	V1	1	1.4989102	1
sub-890440701443.nii.gz	V1	1	1.4989203	1
sub-572336248338.nii.gz	V1	1	1.4989655	1
PT030_OpenNeuro_ds005405_sub-001.nii.gz	V1	1	1.4989977	1
PT030_OpenNeuro_ds003831_sub-08.nii.gz	V1	1	1.4990141	1
PT030_OpenNeuro_ds004440_sub-07.nii.gz	V1	1	1.4990504	1
PT007_ATAG_sub-33.nii.gz	V1	1	1.4991469	1
sub-346320393320.nii.gz	V1	1	1.4991504	1
PT030_OpenNeuro_ds005752_sub-150.nii.gz	V1	1	1.4991765	1
PT030_OpenNeuro_ds005366_sub-142.nii.gz	V1	1	1.4992553	1
sub-730097934670.nii.gz	V1	1	1.4992847	1
sub-677737173589.nii.gz	V1	1	1.4992917	1
PT030_OpenNeuro_ds003381_sub-13.nii.gz	V1	1	1.4993448	1
PT032_Tao_Wu_sub-03.nii.gz	V1	1	1.4993756	1
PT030_OpenNeuro_ds005405_sub-045.nii.gz	V1	1	1.4993829	1
PT030_OpenNeuro_ds004169_sub-0049.nii.gz	V1	1	1.4994237	1
PT030_OpenNeuro_ds005752_sub-240.nii.gz	V1	1	1.4994587	1
PT030_OpenNeuro_ds001761_sub-02.nii.gz	V1	1	1.4994618	1
sub-576502034326.nii.gz	V1	1	1.4995029	1
PT030_OpenNeuro_ds003787_sub-05.nii.gz	V1	1	1.499534	1
sub-408824965323.nii.gz	V1	1	1.4995748	1
014_S_6522_I1241180.nii.gz	V1	1	1.4995837	1
sub-709709181957.nii.gz	V1	1	1.4996634	1
129_S_6288_I980829.nii.gz	V1	1	1.4996791	1
PT030_OpenNeuro_ds004648_sub-74.nii.gz	V1	1	1.4997259	1
PT030_OpenNeuro_ds003643_sub-063.nii.gz	V1	1	1.4997603	1
PT030_OpenNeuro_ds005747_sub-84.nii.gz	V1	1	1.4998312	1
sub-184653081457.nii.gz	V1	1	1.499978	1
PT030_OpenNeuro_ds005874_sub-14.nii.gz	V1	1	1.5000128	1
PT030_OpenNeuro_ds001796_sub-39.nii.gz	V1	1	1.5000275	1
027_S_6183_I1576981.nii.gz	V1	1	1.5000374	1
sub-3211_ses-wave2.nii.gz	V1	1	1.500059	1
014_S_6145_I948082.nii.gz	V1	1	1.5001009	1
sub-OAS31311_sess-d0055.nii.gz	V1	1	1.5001014	1
sub-OAS30246_ses-d0119_run-02.nii.gz	V1	1	1.5001067	1
PT030_OpenNeuro_ds004302_sub-22.nii.gz	V1	1	1.5001798	1
sub-2068_ses-wave3.nii.gz	V1	1	1.5002104	1
sub-ON02811.nii.gz	V1	1	1.5002483	1
033_S_4179_I1281495.nii.gz	V1	1	1.5002716	1
PT030_OpenNeuro_ds005405_sub-069.nii.gz	V1	1	1.5003294	1
PT030_OpenNeuro_ds005884_sub-01.nii.gz	V1	1	1.5003324	1
PT030_OpenNeuro_ds003568_sub-20.nii.gz	V1	1	1.5005054	1
sub-ON83320.nii.gz	V1	1	1.500546	1
941_S_6546_I1344417.nii.gz	V1	1	1.500582	1
129_S_4369_I1175724.nii.gz	V1	1	1.5006412	1
PT030_OpenNeuro_ds005747_sub-72.nii.gz	V1	1	1.5006876	1
sub-ON11411.nii.gz	V1	1	1.500751	1
PT030_OpenNeuro_ds003592_sub-036.nii.gz	V1	1	1.5008433	1
127_S_6147_I963736.nii.gz	V1	1	1.5008781	1
PT030_OpenNeuro_ds005892_sub-42.nii.gz	V1	1	1.5008955	1
sub-212864828873.nii.gz	V1	1	1.5009123	1
sub-171465807623.nii.gz	V1	1	1.5009475	1
021_S_6914_I1421785.nii.gz	V1	1	1.5009807	1
PT030_OpenNeuro_ds003592_sub-118.nii.gz	V1	1	1.5010577	1
sub-231906033276.nii.gz	V1	1	1.5010703	1
003_S_6014_I965015.nii.gz	V1	1	1.5011299	1
PT030_OpenNeuro_ds005752_sub-027.nii.gz	V1	1	1.5011382	1
sub-OAS30485_ses-d0084.nii.gz	V1	1	1.5011475	1
PT030_OpenNeuro_ds000217_sub-28.nii.gz	V1	1	1.50116	1
sub-ON96440.nii.gz	V1	1	1.5011942	1
sub-417541833452.nii.gz	V1	1	1.5011982	1
021_S_6940_I1441119.nii.gz	V1	1	1.501247	1
sub-604494512599.nii.gz	V1	1	1.5012709	1
PT030_OpenNeuro_ds002837_sub-06.nii.gz	V1	1	1.5012795	1
sub-4565_ses-wave1.nii.gz	V1	1	1.5012861	1
sub-414912404483.nii.gz	V1	1	1.5013523	1
AOMIC-PIOP1_sub-0077_T1w.nii.gz	V1	1	1.5014749	1
sub-395384646781.nii.gz	V1	1	1.5015534	1
PT030_OpenNeuro_ds006444_sub-05.nii.gz	V1	1	1.501581	1
sub-604_ses-wave3.nii.gz	V1	1	1.5016428	1
PT030_OpenNeuro_ds003481_sub-034.nii.gz	V1	1	1.5016543	1
007_S_6515_I1029029.nii.gz	V1	1	1.5016986	1
sub-353499953161.nii.gz	V1	1	1.5017322	1
PT030_OpenNeuro_ds003592_sub-029.nii.gz	V1	1	1.5017636	1
135_S_6473_I1015812.nii.gz	V1	1	1.5017959	1
sub-OAS30223_ses-d0455_run-01.nii.gz	V1	1	1.5018281	1
PT030_OpenNeuro_ds005264_sub-06.nii.gz	V1	1	1.5018315	1
sub-106084308551.nii.gz	V1	1	1.5018331	1
PT030_OpenNeuro_ds005752_sub-227.nii.gz	V1	1	1.5019219	1
PT030_OpenNeuro_ds005405_sub-054.nii.gz	V1	1	1.5019269	1
sub-OAS30223_ses-d0455_run-02.nii.gz	V1	1	1.5019528	1
PT030_OpenNeuro_ds005366_sub-113.nii.gz	V1	1	1.5020175	1
sub-256138999520.nii.gz	V1	1	1.5021341	1
sub-125175747674.nii.gz	V1	1	1.5021559	1
sub-965710943519.nii.gz	V1	1	1.502178	1
sub-987076720776.nii.gz	V1	1	1.5021793	1
sub-OAS31101_ses-d0076.nii.gz	V1	1	1.502185	1
PT030_OpenNeuro_ds003481_sub-041.nii.gz	V1	1	1.5022289	1
016_S_6971_I1458511.nii.gz	V1	1	1.5022403	1
sub-613863521640.nii.gz	V1	1	1.5023986	1
PT030_OpenNeuro_ds002837_sub-10.nii.gz	V1	1	1.5024683	1
sub-ON96565.nii.gz	V1	1	1.5024755	1
sub-223185119590.nii.gz	V1	1	1.5025723	1
PT030_OpenNeuro_ds005892_sub-49.nii.gz	V1	1	1.502584	1
sub-OAS30254_ses-d0057_run-01.nii.gz	V1	1	1.5027008	1
PT030_OpenNeuro_ds003095_sub-05.nii.gz	V1	1	1.5027224	1
sub-249622142769.nii.gz	V1	1	1.5027286	1
PT030_OpenNeuro_ds005747_sub-68.nii.gz	V1	1	1.5027556	1
sub-ON96240.nii.gz	V1	1	1.5029143	1
941_S_6496_I1022057.nii.gz	V1	1	1.5029222	1
PT030_OpenNeuro_ds005371_sub-11.nii.gz	V1	1	1.5029387	1
sub-125239324117.nii.gz	V1	1	1.5029601	1
sub-OAS30737_ses-d0035_run-02.nii.gz	V1	1	1.503012	1
PT030_OpenNeuro_ds005405_sub-064.nii.gz	V1	1	1.5030411	1
sub-341486332051.nii.gz	V1	1	1.5030963	1
sub-136803655621.nii.gz	V1	1	1.5031195	1
sub-531902648118.nii.gz	V1	1	1.5031918	1
PT030_OpenNeuro_ds004648_sub-21.nii.gz	V1	1	1.5031954	1
sub-612580259543.nii.gz	V1	1	1.5032	1
sub-OAS30283_ses-d0064_run-01.nii.gz	V1	1	1.5032055	1
114_S_6113_I970018.nii.gz	V1	1	1.5032247	1
032_S_6279_I981036.nii.gz	V1	1	1.5034578	1
sub-158853476060.nii.gz	V1	1	1.5035039	1
sub-ON80038.nii.gz	V1	1	1.5035094	1
sub-276219914266.nii.gz	V1	1	1.5035212	1
sub-342594433655.nii.gz	V1	1	1.5035388	1
sub-950265750391.nii.gz	V1	1	1.5035574	1
sub-4329_ses-wave1.nii.gz	V1	1	1.503703	1
sub-ON94131.nii.gz	V1	1	1.5037625	1
014_S_6437_I1039135.nii.gz	V1	1	1.5037649	1
PT030_OpenNeuro_ds004648_sub-67.nii.gz	V1	1	1.5039669	1
094_S_6278_I1002458.nii.gz	V1	1	1.5040005	1
141_S_6015_I1170893.nii.gz	V1	1	1.5040334	1
sub-948202038690.nii.gz	V1	1	1.5040413	1
PT030_OpenNeuro_ds005752_sub-111.nii.gz	V1	1	1.5040671	1
sub-743352477595.nii.gz	V1	1	1.5040956	1
sub-ON25939.nii.gz	V1	1	1.5041206	1
135_S_6510_I1215774.nii.gz	V1	1	1.5041442	1
sub-OAS30471_ses-d0560_run-01.nii.gz	V1	1	1.5041623	1
sub-713258499606.nii.gz	V1	1	1.5041821	1
sub-566226278120.nii.gz	V1	1	1.5041894	1
sub-OAS30991_ses-d0106_run-01.nii.gz	V1	1	1.5042018	1
PT030_OpenNeuro_ds001378_sub-15.nii.gz	V1	1	1.5042088	1
941_S_6581_I1343754.nii.gz	V1	1	1.5042219	1
PT030_OpenNeuro_ds006105_sub-69.nii.gz	V1	1	1.5042248	1
PT030_OpenNeuro_ds004648_sub-78.nii.gz	V1	1	1.5042703	1
114_S_6309_I1353787.nii.gz	V1	1	1.5043617	1
sub-OAS30560_ses-d0117_run-01.nii.gz	V1	1	1.5044665	1
sub-OAS30909_ses-d0109_run-01.nii.gz	V1	1	1.5045491	1
sub-542761478680.nii.gz	V1	1	1.504567	1
sub-196179687529.nii.gz	V1	1	1.5045729	1
AOMIC-PIOP2_sub-0021_T1w.nii.gz	V1	1	1.504674	1
sub-ON89475.nii.gz	V1	1	1.504686	1
sub-562684433892.nii.gz	V1	1	1.5047804	1
PT030_OpenNeuro_ds005783_sub-06.nii.gz	V1	1	1.5048696	1
sub-222441587470.nii.gz	V1	1	1.5049232	1
PT030_OpenNeuro_ds002837_sub-73.nii.gz	V1	1	1.5049812	1
sub-975835056753.nii.gz	V1	1	1.505016	1
PT007_ATAG_sub-40.nii.gz	V1	1	1.5050243	1
sub-947688278769.nii.gz	V1	1	1.5050756	1
PT030_OpenNeuro_ds005264_sub-20.nii.gz	V1	1	1.5050776	1
sub-OAS30254_ses-d0057_run-02.nii.gz	V1	1	1.5050894	1
sub-600275574870.nii.gz	V1	1	1.5051221	1
036_S_4389_I1415399.nii.gz	V1	1	1.5052065	1
PT030_OpenNeuro_ds005752_sub-004.nii.gz	V1	1	1.5052073	1
PT030_OpenNeuro_ds005752_sub-082.nii.gz	V1	1	1.5052166	1
PT030_OpenNeuro_ds004725_sub-51.nii.gz	V1	1	1.5052408	1
sub-OAS30250_ses-d0389_run-02.nii.gz	V1	1	1.5053444	1
PT030_OpenNeuro_ds003592_sub-200.nii.gz	V1	1	1.5054026	1
sub-ON94110.nii.gz	V1	1	1.5055866	1
sub-ON05530.nii.gz	V1	1	1.5056463	1
PT030_OpenNeuro_ds003592_sub-245.nii.gz	V1	1	1.5056596	1
PT030_OpenNeuro_ds004648_sub-30.nii.gz	V1	1	1.5056674	1
PT002_Nigerian_Clinical_sub-13.nii.gz	V1	1	1.5056994	1
sub-ON43016.nii.gz	V1	1	1.5057478	1
sub-125580637682.nii.gz	V1	1	1.5057843	1
sub-230539378159.nii.gz	V1	1	1.5058264	1
sub-134360128280.nii.gz	V1	1	1.5060195	1
sub-ON79309.nii.gz	V1	1	1.5061014	1
sub-2035_ses-wave2.nii.gz	V1	1	1.5062066	1
PT030_OpenNeuro_ds004648_sub-53.nii.gz	V1	1	1.5062325	1
sub-250777583312.nii.gz	V1	1	1.506257	1
141_S_6015_I1170887.nii.gz	V1	1	1.5063022	1
PT030_OpenNeuro_ds005374_sub-34.nii.gz	V1	1	1.5063268	1
PT030_OpenNeuro_ds004469_sub-21.nii.gz	V1	1	1.506336	1
PT030_OpenNeuro_ds005884_sub-04.nii.gz	V1	1	1.5065228	1
sub-OAS30242_ses-d0137.nii.gz	V1	1	1.5066549	1
PT030_OpenNeuro_ds003568_sub-32.nii.gz	V1	1	1.5067037	1
PT030_OpenNeuro_ds003592_sub-225.nii.gz	V1	1	1.5067227	1
sub-121063380047.nii.gz	V1	1	1.5067393	1
PT030_OpenNeuro_ds003592_sub-209.nii.gz	V1	1	1.5067859	1
sub-795676218612.nii.gz	V1	1	1.5067927	1
PT030_OpenNeuro_ds001942_sub-09.nii.gz	V1	1	1.5068184	1
sub-200503449675.nii.gz	V1	1	1.5069155	1
sub-OAS30247_ses-d0168_run-01.nii.gz	V1	1	1.5069617	1
021_S_7045_I1547793.nii.gz	V1	1	1.5069782	1
131_S_6519_I1346089.nii.gz	V1	1	1.5069965	1
sub-OAS30628_ses-d0464.nii.gz	V1	1	1.5070285	1
PT030_OpenNeuro_ds004302_sub-18.nii.gz	V1	1	1.5070586	1
sub-OAS30903_ses-d0046.nii.gz	V1	1	1.507137	1
130_S_6019_I854993.nii.gz	V1	1	1.5071489	1
sub-987863853354.nii.gz	V1	1	1.5071718	1
035_S_0156_I922723.nii.gz	V1	1	1.507191	1
sub-517850662087.nii.gz	V1	1	1.5072267	1
PT030_OpenNeuro_ds001814_sub-13.nii.gz	V1	1	1.5072764	1
PT030_OpenNeuro_ds004956_sub-03.nii.gz	V1	1	1.5072801	1
PT030_OpenNeuro_ds004798_sub-03.nii.gz	V1	1	1.5075047	1
PT030_OpenNeuro_ds004648_sub-63.nii.gz	V1	1	1.5075157	1
sub-CC621011.nii.gz	V1	1	1.5075406	1
PT030_OpenNeuro_ds004648_sub-34.nii.gz	V1	1	1.5075704	1
PT030_OpenNeuro_ds004631_sub-16.nii.gz	V1	1	1.5075985	1
PT030_OpenNeuro_ds003831_sub-40.nii.gz	V1	1	1.5076169	1
PT030_OpenNeuro_ds004091_sub-05.nii.gz	V1	1	1.5076295	1
sub-875946477747.nii.gz	V1	1	1.5076317	1
127_S_6168_I961594.nii.gz	V1	1	1.507721	1
011_S_4278_I1501111.nii.gz	V1	1	1.5077566	1
sub-678485017760.nii.gz	V1	1	1.5077615	1
PT030_OpenNeuro_ds001378_sub-11.nii.gz	V1	1	1.5077776	1
011_S_4105_I915862.nii.gz	V1	1	1.507779	1
PT030_OpenNeuro_ds005752_sub-018.nii.gz	V1	1	1.50782	1
PT030_OpenNeuro_ds005752_sub-145.nii.gz	V1	1	1.5078225	1
sub-4582_ses-wave3.nii.gz	V1	1	1.507841	1
PT030_OpenNeuro_ds005405_sub-029.nii.gz	V1	1	1.5079271	1
135_S_6510_I1023583.nii.gz	V1	1	1.5079509	1
PT030_OpenNeuro_ds005752_sub-182.nii.gz	V1	1	1.5080223	1
sub-345990586356.nii.gz	V1	1	1.508042	1
PT030_OpenNeuro_ds003831_sub-19.nii.gz	V1	1	1.5080698	1
021_S_7055_I1559735.nii.gz	V1	1	1.5081198	1
114_S_6113_I970020.nii.gz	V1	1	1.5081381	1
sub-282051311409.nii.gz	V1	1	1.5081861	1
PT030_OpenNeuro_ds005374_sub-23.nii.gz	V1	1	1.5082062	1
PT030_OpenNeuro_ds004636_sub-060.nii.gz	V1	1	1.5083001	1
PT030_OpenNeuro_ds005752_sub-038.nii.gz	V1	1	1.5083212	1
PT030_OpenNeuro_ds004934_sub-04.nii.gz	V1	1	1.508382	1
sub-OAS30121_ses-d2392_run-02.nii.gz	V1	1	1.5083888	1
sub-ON66243.nii.gz	V1	1	1.5083892	1
sub-684188028169.nii.gz	V1	1	1.508447	1
094_S_4649_I953644.nii.gz	V1	1	1.508458	1
sub-580748616468.nii.gz	V1	1	1.508459	1
sub-OAS30810_ses-d1351.nii.gz	V1	1	1.508518	1
PT030_OpenNeuro_ds005783_sub-10.nii.gz	V1	1	1.5085346	1
AOMIC-PIOP1_sub-0017_T1w.nii.gz	V1	1	1.5086381	1
PT030_OpenNeuro_ds004648_sub-72.nii.gz	V1	1	1.5086648	1
sub-850074786993.nii.gz	V1	1	1.508668	1
sub-515731060094.nii.gz	V1	1	1.5086858	1
sub-OAS30654_ses-d0079_run-02.nii.gz	V1	1	1.5087017	1
082_S_4428_I947589.nii.gz	V1	1	1.5087974	1
sub-215789598480.nii.gz	V1	1	1.5087999	1
PT030_OpenNeuro_ds004213_sub-01.nii.gz	V1	1	1.5088849	1
129_S_6288_I980830.nii.gz	V1	1	1.5089048	1
PT030_OpenNeuro_ds004406_sub-05.nii.gz	V1	1	1.508942	1
PT030_OpenNeuro_ds005366_sub-148.nii.gz	V1	1	1.5090429	1
sub-OAS31172_ses-d1717.nii.gz	V1	1	1.509128	1
PT030_OpenNeuro_ds000228_sub-009.nii.gz	V1	1	1.5091443	1
PT030_OpenNeuro_ds006010_sub-41.nii.gz	V1	1	1.5091853	1
073_S_4393_I1470229.nii.gz	V1	1	1.5091978	1
PT030_OpenNeuro_ds004868_sub-09.nii.gz	V1	1	1.5092064	1
PT030_OpenNeuro_ds003192_sub-04.nii.gz	V1	1	1.5092225	1
PT030_OpenNeuro_ds005752_sub-151.nii.gz	V1	1	1.5093219	1
sub-ON73200.nii.gz	V1	1	1.5093282	1
sub-762853626905.nii.gz	V1	1	1.5093517	1
sub-1656_ses-wave3.nii.gz	V1	1	1.5094173	1
sub-522635986366.nii.gz	V1	1	1.5094858	1
sub-OAS30204_ses-d0020.nii.gz	V1	1	1.5095005	1
sub-687363608821.nii.gz	V1	1	1.5095067	1
114_S_6917_I1438743.nii.gz	V1	1	1.5095204	1
sub-OAS30306_ses-d0028.nii.gz	V1	1	1.5095205	1
PT030_OpenNeuro_ds003745_sub-23.nii.gz	V1	1	1.5095373	1
100_S_4469_I1245611.nii.gz	V1	1	1.5095763	1
sub-696387902428.nii.gz	V1	1	1.5096021	1
PT030_OpenNeuro_ds004798_sub-08.nii.gz	V1	1	1.5096503	1
sub-ON23419.nii.gz	V1	1	1.5096818	1
PT030_OpenNeuro_ds005752_sub-063.nii.gz	V1	1	1.5097362	1
sub-4315_ses-wave2.nii.gz	V1	1	1.5097616	1
sub-802577239020.nii.gz	V1	1	1.5097952	1
PT030_OpenNeuro_ds006092_sub-45.nii.gz	V1	1	1.5098265	1
sub-OAS30140_ses-d0172_run-01.nii.gz	V1	1	1.5098298	1
PT030_OpenNeuro_ds002643_sub-48.nii.gz	V1	1	1.5098368	1
PT030_OpenNeuro_ds005752_sub-139.nii.gz	V1	1	1.5098783	1
127_S_6330_I1180976.nii.gz	V1	1	1.509946	1
sub-ON87455.nii.gz	V1	1	1.5099971	1
PT030_OpenNeuro_ds004440_sub-26.nii.gz	V1	1	1.5100014	1
PT030_OpenNeuro_ds003639_sub-04.nii.gz	V1	1	1.510003	1
sub-ON85616.nii.gz	V1	1	1.5100651	1
sub-OAS30465_ses-d0152.nii.gz	V1	1	1.5100803	1
PT030_OpenNeuro_ds005405_sub-040.nii.gz	V1	1	1.5101047	1
sub-OAS30820_ses-d0034.nii.gz	V1	1	1.5101161	1
021_S_4335_I860017.nii.gz	V1	1	1.5101423	1
sub-ON93016.nii.gz	V1	1	1.5101504	1
sub-OAS30737_ses-d0035_run-01.nii.gz	V1	1	1.5101932	1
PT030_OpenNeuro_ds005216_sub-01.nii.gz	V1	1	1.5102736	1
AOMIC-PIOP1_sub-0154_T1w.nii.gz	V1	1	1.5103883	1
PT030_OpenNeuro_ds005405_sub-046.nii.gz	V1	1	1.5103917	1
sub-766537706017.nii.gz	V1	1	1.5104024	1
JUK_sub-69.nii.gz	V1	1	1.5104432	1
PT030_OpenNeuro_ds005405_sub-101.nii.gz	V1	1	1.5104434	1
PT030_OpenNeuro_ds005366_sub-143.nii.gz	V1	1	1.5104498	1
sub-OAS30552_ses-d0139_run-01.nii.gz	V1	1	1.5105189	1
sub-486245124301.nii.gz	V1	1	1.5105395	1
100_S_4469_I1509189.nii.gz	V1	1	1.5105598	1
sub-711702933403.nii.gz	V1	1	1.5105639	1
sub-586524106373.nii.gz	V1	1	1.5106674	1
sub-113308512211.nii.gz	V1	1	1.5106726	1
sub-OAS31274_sess-d0130.nii.gz	V1	1	1.5107642	1
sub-OAS30854_ses-d0069_run-02.nii.gz	V1	1	1.5107907	1
sub-675143529396.nii.gz	V1	1	1.5108001	1
JUK_sub-129.nii.gz	V1	1	1.5108722	1
023_S_6270_I974673.nii.gz	V1	1	1.5109793	1
sub-836905304579.nii.gz	V1	1	1.5110556	1
AOMIC-PIOP1_sub-0178_T1w.nii.gz	V1	1	1.5110569	1
sub-929587773359.nii.gz	V1	1	1.5110772	1
PT030_OpenNeuro_ds005752_sub-136.nii.gz	V1	1	1.5111674	1
sub-958265595037.nii.gz	V1	1	1.5111741	1
PT030_OpenNeuro_ds005405_sub-062.nii.gz	V1	1	1.5111773	1
PT030_OpenNeuro_ds004302_sub-24.nii.gz	V1	1	1.5111773	1
129_S_6704_I1437938.nii.gz	V1	1	1.5111794	1
PT030_OpenNeuro_ds005752_sub-212.nii.gz	V1	1	1.511259	1
PT030_OpenNeuro_ds005374_sub-08.nii.gz	V1	1	1.5112659	1
941_S_6546_I1034852.nii.gz	V1	1	1.5112783	1
PT030_OpenNeuro_ds005366_sub-140.nii.gz	V1	1	1.5113025	1
sub-503772247986.nii.gz	V1	1	1.5113384	1
PT030_OpenNeuro_ds004173_sub-015.nii.gz	V1	1	1.5113419	1
114_S_6063_I939884.nii.gz	V1	1	1.5114619	1
sub-ON84896.nii.gz	V1	1	1.5115235	1
sub-OAS30614_ses-d2872_run-01.nii.gz	V1	1	1.5116172	1
114_S_6462_I1387538.nii.gz	V1	1	1.5116203	1
AOMIC-PIOP1_sub-0040_T1w.nii.gz	V1	1	1.5118234	1
sub-518298583047.nii.gz	V1	1	1.5119002	1
sub-OAS30327_ses-d0281_run-01.nii.gz	V1	1	1.511905	1
sub-4398_ses-wave1.nii.gz	V1	1	1.5119138	1
114_S_6113_I1335383.nii.gz	V1	1	1.5119845	1
sub-772_ses-wave1.nii.gz	V1	1	1.5120227	1
sub-731053537710.nii.gz	V1	1	1.5120819	1
sub-619071039860.nii.gz	V1	1	1.5120896	1
sub-132624812140.nii.gz	V1	1	1.5121155	1
129_S_6452_I1185714.nii.gz	V1	1	1.5121164	1
sub-ON11394.nii.gz	V1	1	1.5121477	1
sub-514113966552.nii.gz	V1	1	1.5121537	1
070_S_4856_I1579644.nii.gz	V1	1	1.5121914	1
PT030_OpenNeuro_ds003592_sub-043.nii.gz	V1	1	1.5122391	1
114_S_6063_I1400194.nii.gz	V1	1	1.5122801	1
PT030_OpenNeuro_ds005455_sub-46.nii.gz	V1	1	1.5122864	1
sub-395784692228.nii.gz	V1	1	1.5123355	1
sub-114383938758.nii.gz	V1	1	1.5123413	1
PT030_OpenNeuro_ds000007_sub-18.nii.gz	V1	1	1.512349	1
sub-827674851044.nii.gz	V1	1	1.5124211	1
033_S_6969_I1457246.nii.gz	V1	1	1.5124242	1
PT030_OpenNeuro_ds004711_sub-138.nii.gz	V1	1	1.5124291	1
PT030_OpenNeuro_ds005366_sub-121.nii.gz	V1	1	1.5125102	1
sub-521181200598.nii.gz	V1	1	1.5125141	1
PT030_OpenNeuro_ds004648_sub-18.nii.gz	V1	1	1.5125363	1
067_S_6980_I1472365.nii.gz	V1	1	1.5125563	1
sub-138967708043.nii.gz	V1	1	1.5126494	1
PT030_OpenNeuro_ds004091_sub-02.nii.gz	V1	1	1.512743	1
PT030_OpenNeuro_ds001168_sub-11.nii.gz	V1	1	1.5128859	1
135_S_6104_I1257943.nii.gz	V1	1	1.5129259	1
PT030_OpenNeuro_ds003592_sub-108.nii.gz	V1	1	1.512957	1
PT030_OpenNeuro_ds003592_sub-207.nii.gz	V1	1	1.5129942	1
PT030_OpenNeuro_ds006105_sub-30.nii.gz	V1	1	1.5130225	1
sub-224_ses-wave1.nii.gz	V1	1	1.5131398	1
sub-441255509461.nii.gz	V1	1	1.513174	1
002_S_4225_I1075136.nii.gz	V1	1	1.5132324	1
PT030_OpenNeuro_ds005747_sub-64.nii.gz	V1	1	1.5132341	1
PT030_OpenNeuro_ds005405_sub-050.nii.gz	V1	1	1.5133268	1
PT030_OpenNeuro_ds005405_sub-049.nii.gz	V1	1	1.5133346	1
sub-825403141019.nii.gz	V1	1	1.5133411	1
PT030_OpenNeuro_ds005366_sub-144.nii.gz	V1	1	1.513371	1
PT030_OpenNeuro_ds003831_sub-53.nii.gz	V1	1	1.5134203	1
sub-935002971646.nii.gz	V1	1	1.5134239	1
PT030_OpenNeuro_ds004636_sub-009.nii.gz	V1	1	1.5134883	1
135_S_4598_I1199310.nii.gz	V1	1	1.5135512	1
sub-ON02693.nii.gz	V1	1	1.5135529	1
sub-317592679020.nii.gz	V1	1	1.5136418	1
AOMIC-PIOP1_sub-0186_T1w.nii.gz	V1	1	1.5136461	1
CP0040.nii.gz	V1	1	1.513654	1
014_S_6437_I1346789.nii.gz	V1	1	1.5136577	1
sub-ON66199.nii.gz	V1	1	1.5136851	1
sub-ON46717.nii.gz	V1	1	1.5136993	1
sub-ON85514.nii.gz	V1	1	1.5137538	1
sub-606229882519.nii.gz	V1	1	1.513793	1
sub-594746083126.nii.gz	V1	1	1.5137945	1
sub-980881834392.nii.gz	V1	1	1.5139498	1
sub-914210574111.nii.gz	V1	1	1.5139692	1
sub-OAS30711_ses-d0185_run-02.nii.gz	V1	1	1.5140439	1
sub-ON96555.nii.gz	V1	1	1.514044	1
PT030_OpenNeuro_ds002872_sub-38.nii.gz	V1	1	1.5140646	1
AOMIC-PIOP2_sub-0198_T1w.nii.gz	V1	1	1.5140895	1
PT030_OpenNeuro_ds005704_sub-13.nii.gz	V1	1	1.514137	1
sub-OAS30570_ses-d0099_run-02.nii.gz	V1	1	1.5141798	1
037_S_6046_I1582920.nii.gz	V1	1	1.5142461	1
PT030_OpenNeuro_ds005374_sub-25.nii.gz	V1	1	1.5142841	1
sub-810772531079.nii.gz	V1	1	1.5143037	1
sub-OAS30207_ses-d0346_run-01.nii.gz	V1	1	1.5143123	1
sub-484148497117.nii.gz	V1	1	1.5144364	1
sub-ON87362.nii.gz	V1	1	1.514458	1
PT030_OpenNeuro_ds004006_sub-36.nii.gz	V1	1	1.5144717	1
sub-560549455828.nii.gz	V1	1	1.5144918	1
sub-805739682206.nii.gz	V1	1	1.5145139	1
114_S_6487_I1387180.nii.gz	V1	1	1.5145426	1
114_S_6057_I923016.nii.gz	V1	1	1.5145574	1
PT030_OpenNeuro_ds006040_sub-18.nii.gz	V1	1	1.514571	1
sub-441940877850.nii.gz	V1	1	1.5146028	1
141_S_6253_I974718.nii.gz	V1	1	1.5146754	1
sub-OAS30713_ses-d0095_run-01.nii.gz	V1	1	1.5146827	1
137_S_4482_I1246441.nii.gz	V1	1	1.5146937	1
sub-918148858049.nii.gz	V1	1	1.514717	1
sub-876583468696.nii.gz	V1	1	1.5147226	1
PT030_OpenNeuro_ds006040_sub-13.nii.gz	V1	1	1.5147238	1
033_S_4179_I957065.nii.gz	V1	1	1.5147785	1
135_S_6359_I1594431.nii.gz	V1	1	1.5148422	1
094_S_6468_I1024384.nii.gz	V1	1	1.5148424	1
100_S_6493_I1236425.nii.gz	V1	1	1.5148698	1
sub-557_ses-wave1.nii.gz	V1	1	1.514899	1
114_S_6309_I992781.nii.gz	V1	1	1.5149146	1
sub-ON76320.nii.gz	V1	1	1.5149277	1
PT030_OpenNeuro_ds004470_sub-25.nii.gz	V1	1	1.5149946	1
sub-ON22299.nii.gz	V1	1	1.515	1
sub-756823658312.nii.gz	V1	1	1.5150025	1
PT030_OpenNeuro_ds004302_sub-12.nii.gz	V1	1	1.5150542	1
sub-OAS30414_ses-d0030_run-02.nii.gz	V1	1	1.5150917	1
sub-600444550688.nii.gz	V1	1	1.515119	1
sub-OAS30291_ses-d0078_run-01.nii.gz	V1	1	1.5151423	1
PT030_OpenNeuro_ds004928_sub-01.nii.gz	V1	1	1.5151879	1
sub-122383009817.nii.gz	V1	1	1.5152063	1
129_S_6304_I985933.nii.gz	V1	1	1.515209	1
sub-OAS30543_ses-d0185.nii.gz	V1	1	1.5152119	1
PT030_OpenNeuro_ds005752_sub-081.nii.gz	V1	1	1.5152899	1
sub-562839089454.nii.gz	V1	1	1.5153123	1
sub-413104995964.nii.gz	V1	1	1.5153245	1
PT030_OpenNeuro_ds000222_sub-50.nii.gz	V1	1	1.515392	1
sub-OAS30595_ses-d0084_run-02.nii.gz	V1	1	1.5154762	1
sub-ON75100.nii.gz	V1	1	1.515478	1
sub-481922167308.nii.gz	V1	1	1.5155045	1
sub-818648562062.nii.gz	V1	1	1.5155655	1
116_S_6624_I1069430.nii.gz	V1	1	1.5156038	1
PT030_OpenNeuro_ds004636_sub-029.nii.gz	V1	1	1.5156727	1
sub-ON09760.nii.gz	V1	1	1.5157002	1
sub-943359697274.nii.gz	V1	1	1.5157461	1
PT030_OpenNeuro_ds000218_sub-03.nii.gz	V1	1	1.5158019	1
sub-ON87631.nii.gz	V1	1	1.5158393	1
116_S_6624_I1069428.nii.gz	V1	1	1.5159651	1
JUK_sub-62.nii.gz	V1	1	1.5159744	1
020_S_6470_I1021826.nii.gz	V1	1	1.5159822	1
010_S_0419_I1170024.nii.gz	V1	1	1.5160077	1
PT030_OpenNeuro_ds004470_sub-12.nii.gz	V1	1	1.516078	1
sub-192969634654.nii.gz	V1	1	1.516139	1
sub-891338570370.nii.gz	V1	1	1.5162063	1
sub-606946325458.nii.gz	V1	1	1.5162257	1
sub-ON00400.nii.gz	V1	1	1.5162394	1
127_S_6147_I1293329.nii.gz	V1	1	1.516242	1
sub-OAS30726_ses-d0061.nii.gz	V1	1	1.5163835	1
sub-OAS31007_ses-d0304_run-02.nii.gz	V1	1	1.5164006	1
PT030_OpenNeuro_ds003592_sub-007.nii.gz	V1	1	1.5164459	1
PT030_OpenNeuro_ds005752_sub-170.nii.gz	V1	1	1.5164748	1
sub-643481278758.nii.gz	V1	1	1.5165174	1
PT030_OpenNeuro_ds006012_sub-08.nii.gz	V1	1	1.5165458	1
sub-ON06421.nii.gz	V1	1	1.5165884	1
PT030_OpenNeuro_ds005752_sub-019.nii.gz	V1	1	1.5166173	1
PT030_OpenNeuro_ds005405_sub-024.nii.gz	V1	1	1.5166317	1
114_S_6113_I1335384.nii.gz	V1	1	1.5167147	1
PT030_OpenNeuro_ds006444_sub-09.nii.gz	V1	1	1.5168246	1
sub-607182654630.nii.gz	V1	1	1.5168301	1
168_S_6321_I1351301.nii.gz	V1	1	1.5169469	1
sub-470418907900.nii.gz	V1	1	1.516972	1
PT030_OpenNeuro_ds005374_sub-43.nii.gz	V1	1	1.5169971	1
sub-OAS30727_ses-d0126_run-01.nii.gz	V1	1	1.5170027	1
114_S_6487_I1054709.nii.gz	V1	1	1.5170829	1
130_S_0969_I854598.nii.gz	V1	1	1.5171423	1
068_S_0127_I1378326.nii.gz	V1	1	1.5172493	1
sub-OAS31015_ses-d0222.nii.gz	V1	1	1.5172876	1
sub-766767730847.nii.gz	V1	1	1.5173254	1
082_S_6563_I1521233.nii.gz	V1	1	1.5173807	1
AOMIC-PIOP1_sub-0137_T1w.nii.gz	V1	1	1.5173873	1
sub-622939334251.nii.gz	V1	1	1.517464	1
sub-764231879634.nii.gz	V1	1	1.5175508	1
sub-4586_ses-wave1.nii.gz	V1	1	1.5177107	1
127_S_6330_I1180975.nii.gz	V1	1	1.5177922	1
014_S_6437_I1346790.nii.gz	V1	1	1.517938	1
sub-882803056246.nii.gz	V1	1	1.517949	1
PT030_OpenNeuro_ds005752_sub-005.nii.gz	V1	1	1.5179582	1
sub-366954527967.nii.gz	V1	1	1.5179793	1
sub-847264219865.nii.gz	V1	1	1.5180218	1
sub-443726806592.nii.gz	V1	1	1.5180608	1
sub-OAS30768_ses-d0024_run-01.nii.gz	V1	1	1.5180668	1
141_S_6015_I1472513.nii.gz	V1	1	1.51816	1
135_S_6359_I996107.nii.gz	V1	1	1.5181725	1
PT030_OpenNeuro_ds005366_sub-088.nii.gz	V1	1	1.5181897	1
068_S_0127_I1070417.nii.gz	V1	1	1.5182365	1
PT030_OpenNeuro_ds005752_sub-086.nii.gz	V1	1	1.5182774	1
PT030_OpenNeuro_ds004956_sub-06.nii.gz	V1	1	1.5182778	1
032_S_0677_I879552.nii.gz	V1	1	1.5183074	1
sub-466435017809.nii.gz	V1	1	1.5183247	1
PT030_OpenNeuro_ds000245_sub-14.nii.gz	V1	1	1.5183336	1
sub-OAS30121_ses-d2392_run-01.nii.gz	V1	1	1.5183516	1
PT030_OpenNeuro_ds005747_sub-33.nii.gz	V1	1	1.5184199	1
sub-OAS30310_ses-d0191.nii.gz	V1	1	1.518468	1
sub-CC710494.nii.gz	V1	1	1.518504	1
PT030_OpenNeuro_ds005371_sub-04.nii.gz	V1	1	1.51852	1
sub-464328744462.nii.gz	V1	1	1.518584	1
PT030_OpenNeuro_ds004725_sub-54.nii.gz	V1	1	1.5185989	1
PT030_OpenNeuro_ds003831_sub-59.nii.gz	V1	1	1.5186043	1
PT030_OpenNeuro_ds005752_sub-222.nii.gz	V1	1	1.518639	1
sub-917938246101.nii.gz	V1	1	1.5186404	1
PT030_OpenNeuro_ds005752_sub-009.nii.gz	V1	1	1.5186689	1
sub-OAS31164_ses-d0069_run-02.nii.gz	V1	1	1.5186795	1
sub-1245_ses-wave2.nii.gz	V1	1	1.5186989	1
sub-565741667065.nii.gz	V1	1	1.5187732	1
sub-131091186433.nii.gz	V1	1	1.5188282	1
sub-OAS30614_ses-d2872_run-02.nii.gz	V1	1	1.5188489	1
sub-739053284574.nii.gz	V1	1	1.518858	1
sub-OAS30542_ses-d0489_run-01.nii.gz	V1	1	1.5188819	1
sub-OAS30317_ses-d0088.nii.gz	V1	1	1.5189631	1
127_S_4604_I1215566.nii.gz	V1	1	1.5190014	1
PT030_OpenNeuro_ds006040_sub-15.nii.gz	V1	1	1.5190483	1
PT030_OpenNeuro_ds005405_sub-063.nii.gz	V1	1	1.5190868	1
PT030_OpenNeuro_ds004648_sub-37.nii.gz	V1	1	1.5191189	1
sub-396048728858.nii.gz	V1	1	1.5191346	1
sub-127230151008.nii.gz	V1	1	1.5192108	1
sub-147386486868.nii.gz	V1	1	1.5192982	1
014_S_6145_I1152911.nii.gz	V1	1	1.5193088	1
sub-OAS30808_ses-d0498_run-02.nii.gz	V1	1	1.5193801	1
sub-OAS30559_ses-d0431_run-02.nii.gz	V1	1	1.5193882	1
sub-OAS30743_ses-d0051_run-01.nii.gz	V1	1	1.5194021	1
sub-321998813991.nii.gz	V1	1	1.5194412	1
PT030_OpenNeuro_ds004934_sub-11.nii.gz	V1	1	1.519453	1
sub-OAS30385_ses-d0112.nii.gz	V1	1	1.5194895	1
014_S_6145_I948081.nii.gz	V1	1	1.5195276	1
129_S_6146_I1277390.nii.gz	V1	1	1.5195401	1
135_S_6104_I1071232.nii.gz	V1	1	1.5195674	1
PT030_OpenNeuro_ds005752_sub-033.nii.gz	V1	1	1.5195993	1
sub-349091379990.nii.gz	V1	1	1.5196577	1
sub-211166136101.nii.gz	V1	1	1.519684	1
PT030_OpenNeuro_ds004631_sub-01.nii.gz	V1	1	1.5197196	1
sub-OAS30400_ses-d0070.nii.gz	V1	1	1.5198284	1
sub-654814550678.nii.gz	V1	1	1.5198666	1
sub-807604407302.nii.gz	V1	1	1.5198879	1
sub-731884047204.nii.gz	V1	1	1.5199049	1
sub-516034188736.nii.gz	V1	1	1.5199667	1
014_S_6437_I1039134.nii.gz	V1	1	1.5200232	1
sub-OAS30785_ses-d0096.nii.gz	V1	1	1.520073	1
PT030_OpenNeuro_ds005405_sub-090.nii.gz	V1	1	1.5201792	1
PT030_OpenNeuro_ds003745_sub-26.nii.gz	V1	1	1.5202376	1
127_S_6436_I1199335.nii.gz	V1	1	1.5202427	1
sub-533647305852.nii.gz	V1	1	1.5204642	1
sub-273534194914.nii.gz	V1	1	1.5204813	1
sub-OAS30775_ses-d0183.nii.gz	V1	1	1.5204837	1
141_S_0767_I1152086.nii.gz	V1	1	1.5205177	1
PT030_OpenNeuro_ds006105_sub-33.nii.gz	V1	1	1.520528	1
sub-994631602724.nii.gz	V1	1	1.5206735	1
sub-OAS30978_ses-d0041.nii.gz	V1	1	1.5206851	1
PT030_OpenNeuro_ds005216_sub-45.nii.gz	V1	1	1.5207088	1
sub-953400604911.nii.gz	V1	1	1.5207357	1
sub-606_ses-wave1.nii.gz	V1	1	1.5207404	1
sub-641201171998.nii.gz	V1	1	1.5207714	1
014_S_6145_I1299913.nii.gz	V1	1	1.5208141	1
sub-CC721374.nii.gz	V1	1	1.5208331	1
sub-OAS30879_ses-d3497.nii.gz	V1	1	1.5208336	1
AOMIC-PIOP1_sub-0005_T1w.nii.gz	V1	1	1.5208586	1
127_S_4148_I876746.nii.gz	V1	1	1.5209242	1
sub-873597053285.nii.gz	V1	1	1.5209254	1
PT030_OpenNeuro_ds003639_sub-20.nii.gz	V1	1	1.5209503	1
PT030_OpenNeuro_ds005405_sub-038.nii.gz	V1	1	1.521006	1
sub-ON84201.nii.gz	V1	1	1.5210073	1
PT030_OpenNeuro_ds004440_sub-32.nii.gz	V1	1	1.5210115	1
sub-OAS31088_sess-d4383.nii.gz	V1	1	1.5210354	1
PT030_OpenNeuro_ds001927_sub-14.nii.gz	V1	1	1.5210629	1
sub-OAS30743_ses-d0051_run-02.nii.gz	V1	1	1.5211354	1
sub-OAS30876_ses-d2447.nii.gz	V1	1	1.5211366	1
JUK_sub-66.nii.gz	V1	1	1.5211519	1
PT030_OpenNeuro_ds005405_sub-005.nii.gz	V1	1	1.521193	1
sub-525789234356.nii.gz	V1	1	1.5212045	1
sub-414156611560.nii.gz	V1	1	1.5212332	1
sub-678999721414.nii.gz	V1	1	1.5212487	1
PT030_OpenNeuro_ds003592_sub-253.nii.gz	V1	1	1.521278	1
023_S_4164_I1528880.nii.gz	V1	1	1.5212855	1
PT030_OpenNeuro_ds006092_sub-52.nii.gz	V1	1	1.5212996	1
070_S_5040_I992758.nii.gz	V1	1	1.521336	1
sub-OAS30872_ses-d1285_run-02.nii.gz	V1	1	1.5214187	1
sub-752861527230.nii.gz	V1	1	1.5214807	1
sub-ON12688.nii.gz	V1	1	1.5215191	1
PT030_OpenNeuro_ds005752_sub-069.nii.gz	V1	1	1.5215816	1
PT030_OpenNeuro_ds003095_sub-16.nii.gz	V1	1	1.5215893	1
PT030_OpenNeuro_ds003453_sub-04.nii.gz	V1	1	1.5216084	1
AOMIC-PIOP1_sub-0098_T1w.nii.gz	V1	1	1.521634	1
PT030_OpenNeuro_ds005752_sub-228.nii.gz	V1	1	1.5216602	1
135_S_6509_I1613196.nii.gz	V1	1	1.5217595	1
070_S_5040_I992757.nii.gz	V1	1	1.5217717	1
082_S_6197_I992247.nii.gz	V1	1	1.5218267	1
AOMIC-PIOP1_sub-0078_T1w.nii.gz	V1	1	1.5218313	1
sub-OAS30998_ses-d0051_run-01.nii.gz	V1	1	1.5218706	1
sub-ON88753.nii.gz	V1	1	1.521901	1
PT030_OpenNeuro_ds005123_sub-083.nii.gz	V1	1	1.5219312	1
011_S_6465_I1193331.nii.gz	V1	1	1.5220264	1
sub-ON85305.nii.gz	V1	1	1.5220321	1
PT030_OpenNeuro_ds002837_sub-08.nii.gz	V1	1	1.5221504	1
sub-519085723694.nii.gz	V1	1	1.5222322	1
sub-622282127153.nii.gz	V1	1	1.5222453	1
sub-OAS30489_ses-d0012_run-01.nii.gz	V1	1	1.5222977	1
PT030_OpenNeuro_ds005405_sub-048.nii.gz	V1	1	1.5223006	1
031_S_4021_I1086094.nii.gz	V1	1	1.5223188	1
sub-OAS30294_ses-d0462_run-02.nii.gz	V1	1	1.5223525	1
PT030_OpenNeuro_ds005237_sub-034.nii.gz	V1	1	1.5223899	1
sub-819345651599.nii.gz	V1	1	1.5224392	1
sub-501412735160.nii.gz	V1	1	1.5224725	1
sub-OAS30207_ses-d0346_run-02.nii.gz	V1	1	1.5225462	1
129_S_6146_I1536529.nii.gz	V1	1	1.5225868	1
PT030_OpenNeuro_ds003592_sub-065.nii.gz	V1	1	1.5225927	1
sub-795999168691.nii.gz	V1	1	1.5226287	1
sub-178107515306.nii.gz	V1	1	1.5226692	1
sub-ON08155.nii.gz	V1	1	1.5226995	1
sub-OAS31007_ses-d0304_run-01.nii.gz	V1	1	1.5227419	1
PT030_OpenNeuro_ds005374_sub-11.nii.gz	V1	1	1.5227529	1
114_S_6309_I992776.nii.gz	V1	1	1.5228093	1
sub-OAS30532_ses-d0047_run-02.nii.gz	V1	1	1.522831	1
sub-390946969743.nii.gz	V1	1	1.5228852	1
sub-553719287153.nii.gz	V1	1	1.5229136	1
sub-748953105656.nii.gz	V1	1	1.5229367	1
PT030_OpenNeuro_ds005405_sub-041.nii.gz	V1	1	1.5229465	1
sub-OAS30075_ses-d0143.nii.gz	V1	1	1.5229845	1
129_S_6082_I914372.nii.gz	V1	1	1.5229871	1
PT030_OpenNeuro_ds004648_sub-83.nii.gz	V1	1	1.5230032	1
sub-OAS30250_ses-d0389_run-01.nii.gz	V1	1	1.5230349	1
sub-443441729661.nii.gz	V1	1	1.5230471	1
sub-OAS30137_ses-d3165.nii.gz	V1	1	1.5230509	1
sub-889268221373.nii.gz	V1	1	1.5230699	1
sub-951010277782.nii.gz	V1	1	1.5230769	1
PT030_OpenNeuro_ds003831_sub-22.nii.gz	V1	1	1.5230907	1
sub-864390147957.nii.gz	V1	1	1.523108	1
sub-171261643379.nii.gz	V1	1	1.523148	1
114_S_6462_I1387539.nii.gz	V1	1	1.5231693	1
sub-OAS30717_ses-d0039_run-02.nii.gz	V1	1	1.5231967	1
PT030_OpenNeuro_ds004725_sub-48.nii.gz	V1	1	1.5232743	1
sub-737612352942.nii.gz	V1	1	1.5232954	1
PT030_OpenNeuro_ds006105_sub-22.nii.gz	V1	1	1.5233124	1
PT030_OpenNeuro_ds006105_sub-68.nii.gz	V1	1	1.5233217	1
sub-212519080242.nii.gz	V1	1	1.5233228	1
sub-ON34766.nii.gz	V1	1	1.5234364	1
PT030_OpenNeuro_ds003568_sub-26.nii.gz	V1	1	1.5235264	1
PT030_OpenNeuro_ds003927_sub-01.nii.gz	V1	1	1.5235454	1
sub-OAS30002_sess-d1680.nii.gz	V1	1	1.5235845	1
sub-ON88555.nii.gz	V1	1	1.5235889	1
PT030_OpenNeuro_ds004648_sub-50.nii.gz	V1	1	1.5235896	1
sub-665638851555.nii.gz	V1	1	1.5236686	1
PT030_OpenNeuro_ds005405_sub-067.nii.gz	V1	1	1.523739	1
sub-558400453988.nii.gz	V1	1	1.5238543	1
082_S_6197_I992246.nii.gz	V1	1	1.5238967	1
sub-4828_ses-wave1.nii.gz	V1	1	1.5238999	1
PT030_OpenNeuro_ds004648_sub-79.nii.gz	V1	1	1.5239351	1
023_S_4164_I1264016.nii.gz	V1	1	1.5239453	1
sub-413362965269.nii.gz	V1	1	1.5240713	1
AOMIC-PIOP1_sub-0052_T1w.nii.gz	V1	1	1.5240824	1
070_S_4856_I1579643.nii.gz	V1	1	1.524109	1
011_S_4278_I1281631.nii.gz	V1	1	1.5242479	1
PT030_OpenNeuro_ds004647_sub-29.nii.gz	V1	1	1.5242522	1
099_S_6025_I858494.nii.gz	V1	1	1.5242987	1
141_S_6042_I883189.nii.gz	V1	1	1.5244224	1
sub-OAS30589_ses-d0096_run-01.nii.gz	V1	1	1.524433	1
sub-600606462331.nii.gz	V1	1	1.5244479	1
sub-OAS30854_ses-d0069_run-01.nii.gz	V1	1	1.52448	1
sub-998567081914.nii.gz	V1	1	1.5244967	1
PT030_OpenNeuro_ds003831_sub-35.nii.gz	V1	1	1.524507	1
sub-486417717551.nii.gz	V1	1	1.5246195	1
sub-OAS31006_ses-d1106.nii.gz	V1	1	1.5246886	1
sub-937364217957.nii.gz	V1	1	1.5247148	1
sub-ON71932.nii.gz	V1	1	1.5247531	1
sub-422959713802.nii.gz	V1	1	1.5247623	1
sub-ON62200.nii.gz	V1	1	1.5248301	1
JUK_sub-106.nii.gz	V1	1	1.5248307	1
PT030_OpenNeuro_ds005126_sub-25.nii.gz	V1	1	1.5248349	1
AOMIC-PIOP1_sub-0055_T1w.nii.gz	V1	1	1.5248743	1
114_S_6462_I1060030.nii.gz	V1	1	1.5248756	1
sub-579327790838.nii.gz	V1	1	1.5248882	1
041_S_6314_I1371438.nii.gz	V1	1	1.5249324	1
PT030_OpenNeuro_ds005126_sub-04.nii.gz	V1	1	1.5249455	1
141_S_6253_I974714.nii.gz	V1	1	1.5249633	1
sub-4315_ses-wave1.nii.gz	V1	1	1.5251523	1
PT030_OpenNeuro_ds006105_sub-34.nii.gz	V1	1	1.525205	1
sub-ON34754.nii.gz	V1	1	1.5252595	1
sub-534240122669.nii.gz	V1	1	1.5254155	1
sub-931419407006.nii.gz	V1	1	1.5254494	1
sub-599_ses-wave1.nii.gz	V1	1	1.5254686	1
sub-996590600673.nii.gz	V1	1	1.5254848	1
sub-ON87550.nii.gz	V1	1	1.5254916	1
082_S_6563_I1051050.nii.gz	V1	1	1.5255134	1
PT030_OpenNeuro_ds005050_sub-01.nii.gz	V1	1	1.5255362	1
127_S_4645_I1008408.nii.gz	V1	1	1.52556	1
100_S_6493_I1050518.nii.gz	V1	1	1.525581	1
sub-OAS30336_ses-d0012.nii.gz	V1	1	1.5255883	1
PT030_OpenNeuro_ds003568_sub-33.nii.gz	V1	1	1.5255895	1
PT030_OpenNeuro_ds005892_sub-55.nii.gz	V1	1	1.5256159	1
AOMIC-PIOP1_sub-0116_T1w.nii.gz	V1	1	1.5256257	1
PT030_OpenNeuro_ds005752_sub-016.nii.gz	V1	1	1.5256588	1
137_S_4482_I926793.nii.gz	V1	1	1.5256652	1
PT030_OpenNeuro_ds004107_sub-01.nii.gz	V1	1	1.5257925	1
PT030_OpenNeuro_ds003592_sub-116.nii.gz	V1	1	1.5258135	1
sub-374109700989.nii.gz	V1	1	1.5258315	1
PT030_OpenNeuro_ds004692_sub-22.nii.gz	V1	1	1.5258715	1
sub-OAS30909_ses-d0109_run-02.nii.gz	V1	1	1.525889	1
sub-579548048094.nii.gz	V1	1	1.5258995	1
sub-457967549631.nii.gz	V1	1	1.5259346	1
PT030_OpenNeuro_ds001748_sub-11.nii.gz	V1	1	1.5259771	1
sub-OAS30368_ses-d0056_run-01.nii.gz	V1	1	1.5259911	1
JUK_sub-02.nii.gz	V1	1	1.5260434	1
068_S_0127_I908698.nii.gz	V1	1	1.526056	1
sub-606_ses-wave2.nii.gz	V1	1	1.5261844	1
sub-ON48190.nii.gz	V1	1	1.5261855	1
sub-561139464018.nii.gz	V1	1	1.5261986	1
sub-943181440809.nii.gz	V1	1	1.5262073	1
PT030_OpenNeuro_ds003592_sub-196.nii.gz	V1	1	1.5263093	1
sub-ON88614.nii.gz	V1	1	1.5263299	1
sub-726447225950.nii.gz	V1	1	1.5263852	1
sub-OAS30246_ses-d0119_run-01.nii.gz	V1	1	1.5264065	1
PT030_OpenNeuro_ds005752_sub-058.nii.gz	V1	1	1.5264128	1
sub-923062764742.nii.gz	V1	1	1.5264928	1
PT030_OpenNeuro_ds001796_sub-47.nii.gz	V1	1	1.5266186	1
sub-563294691785.nii.gz	V1	1	1.526677	1
sub-OAS30490_ses-d0412_run-02.nii.gz	V1	1	1.5266838	1
067_S_6443_I1480363.nii.gz	V1	1	1.5267185	1
141_S_6015_I851353.nii.gz	V1	1	1.5267346	1
032_S_6717_I1157199.nii.gz	V1	1	1.5267549	1
sub-839341084854.nii.gz	V1	1	1.5267806	1
AOMIC-PIOP1_sub-0001_T1w.nii.gz	V1	1	1.5267888	1
sub-OAS30384_ses-d0108.nii.gz	V1	1	1.5267917	1
sub-262333993605.nii.gz	V1	1	1.5267975	1
127_S_6024_I1263330.nii.gz	V1	1	1.5267998	1
099_S_6077_I924004.nii.gz	V1	1	1.52681	1
PT030_OpenNeuro_ds004648_sub-35.nii.gz	V1	1	1.5268453	1
PT030_OpenNeuro_ds005752_sub-077.nii.gz	V1	1	1.5269388	1
PT030_OpenNeuro_ds005752_sub-203.nii.gz	V1	1	1.5269443	1
014_S_6145_I1299912.nii.gz	V1	1	1.5269607	1
sub-399896091241.nii.gz	V1	1	1.5269707	1
PT030_OpenNeuro_ds005405_sub-073.nii.gz	V1	1	1.5269921	1
sub-OAS30589_ses-d0096_run-02.nii.gz	V1	1	1.5270008	1
sub-659008210173.nii.gz	V1	1	1.5270213	1
PT030_OpenNeuro_ds002643_sub-21.nii.gz	V1	1	1.5270256	1
PT030_OpenNeuro_ds005405_sub-070.nii.gz	V1	1	1.5270737	1
PT030_OpenNeuro_ds005374_sub-21.nii.gz	V1	1	1.5270759	1
PT030_OpenNeuro_ds003745_sub-29.nii.gz	V1	1	1.5271186	1
PT030_OpenNeuro_ds005752_sub-101.nii.gz	V1	1	1.5272102	1
sub-CC722421.nii.gz	V1	1	1.5272707	1
sub-326198300394.nii.gz	V1	1	1.5272726	1
sub-103116472269.nii.gz	V1	1	1.5273352	1
PT030_OpenNeuro_ds003381_sub-09.nii.gz	V1	1	1.5273669	1
sub-562_ses-wave2.nii.gz	V1	1	1.5274191	1
PT030_OpenNeuro_ds003643_sub-072.nii.gz	V1	1	1.5274721	1
168_S_6321_I992613.nii.gz	V1	1	1.5274904	1
PT030_OpenNeuro_ds004917_sub-40.nii.gz	V1	1	1.5275059	1
PT030_OpenNeuro_ds002837_sub-48.nii.gz	V1	1	1.5275968	1
141_S_6015_I1472512.nii.gz	V1	1	1.5276009	1
PT030_OpenNeuro_ds001748_sub-04.nii.gz	V1	1	1.5276252	1
sub-978835452427.nii.gz	V1	1	1.527652	1
sub-552996691042.nii.gz	V1	1	1.527682	1
PT030_OpenNeuro_ds005752_sub-008.nii.gz	V1	1	1.5276909	1
PT030_OpenNeuro_ds004302_sub-25.nii.gz	V1	1	1.5276917	1
PT030_OpenNeuro_ds003453_sub-28.nii.gz	V1	1	1.5277003	1
sub-760429745546.nii.gz	V1	1	1.5277616	1
sub-694932022560.nii.gz	V1	1	1.5279027	1
116_S_6458_I1018892.nii.gz	V1	1	1.5279225	1
AOMIC-PIOP1_sub-0120_T1w.nii.gz	V1	1	1.5279808	1
sub-ON87304.nii.gz	V1	1	1.5280019	1
094_S_6485_I1024116.nii.gz	V1	1	1.5280341	1
sub-OAS30998_ses-d0051_run-02.nii.gz	V1	1	1.528061	1
sub-OAS30140_ses-d0172_run-02.nii.gz	V1	1	1.5280988	1
sub-OAS30855_ses-d3346.nii.gz	V1	1	1.5281953	1
PT030_OpenNeuro_ds004440_sub-13.nii.gz	V1	1	1.5282747	1
sub-ON89045.nii.gz	V1	1	1.5283118	1
PT030_OpenNeuro_ds004271_sub-02.nii.gz	V1	1	1.5283924	1
141_S_6042_I883190.nii.gz	V1	1	1.5284183	1
sub-ON64410.nii.gz	V1	1	1.5284278	1
sub-ON52733.nii.gz	V1	1	1.5284698	1
sub-OAS30071_ses-d0018.nii.gz	V1	1	1.528643	1
sub-180838980624.nii.gz	V1	1	1.5286914	1
PT030_OpenNeuro_ds001748_sub-01.nii.gz	V1	1	1.5286945	1
sub-OAS30197_ses-d0115.nii.gz	V1	1	1.5287029	1
PT030_OpenNeuro_ds004631_sub-14.nii.gz	V1	1	1.5287235	1
sub-512570980977.nii.gz	V1	1	1.528768	1
141_S_0767_I845574.nii.gz	V1	1	1.5288227	1
sub-OAS30605_ses-d0941.nii.gz	V1	1	1.5290387	1
sub-255134448393.nii.gz	V1	1	1.5290899	1
sub-794588803641.nii.gz	V1	1	1.5291247	1
070_S_4856_I1579645.nii.gz	V1	1	1.5291321	1
AOMIC-PIOP1_sub-0193_T1w.nii.gz	V1	1	1.5291595	1
sub-539663876342.nii.gz	V1	1	1.5292467	1
sub-613987073343.nii.gz	V1	1	1.529268	1
PT030_OpenNeuro_ds006010_sub-42.nii.gz	V1	1	1.5292944	1
PT030_OpenNeuro_ds005684_sub-17.nii.gz	V1	1	1.529332	1
PT030_OpenNeuro_ds005366_sub-108.nii.gz	V1	1	1.5293401	1
sub-671_ses-wave2.nii.gz	V1	1	1.5293542	1
sub-691485115052.nii.gz	V1	1	1.5294402	1
sub-454491390534.nii.gz	V1	1	1.5294585	1
sub-OAS30920_ses-d1125_run-02.nii.gz	V1	1	1.5294927	1
AOMIC-PIOP1_sub-0006_T1w.nii.gz	V1	1	1.5295883	1
sub-OAS30546_ses-d0530.nii.gz	V1	1	1.5295888	1
127_S_6436_I1346960.nii.gz	V1	1	1.5295973	1
sub-ON04111.nii.gz	V1	1	1.529603	1
sub-OAS31048_ses-d1151_run-02.nii.gz	V1	1	1.5296247	1
PT030_OpenNeuro_ds005892_sub-31.nii.gz	V1	1	1.529688	1
sub-430886571490.nii.gz	V1	1	1.5297067	1
082_S_6283_I1530356.nii.gz	V1	1	1.5297824	1
PT030_OpenNeuro_ds006012_sub-04.nii.gz	V1	1	1.5297884	1
068_S_0127_I1303143.nii.gz	V1	1	1.5298134	1
141_S_0767_I1152079.nii.gz	V1	1	1.5298339	1
123_S_0298_I915853.nii.gz	V1	1	1.5298425	1
941_S_6581_I1048378.nii.gz	V1	1	1.5299065	1
sub-OAS30823_ses-d0055_run-01.nii.gz	V1	1	1.5299282	1
sub-OAS30103_ses-d4255_run-01.nii.gz	V1	1	1.529965	1
sub-3211_ses-wave1.nii.gz	V1	1	1.5299684	1
sub-OAS30192_ses-d1409_run-01.nii.gz	V1	1	1.5300281	1
sub-ON18047.nii.gz	V1	1	1.5300356	1
PT030_OpenNeuro_ds000208_sub-05.nii.gz	V1	1	1.5300632	1
sub-OAS30283_ses-d0064_run-02.nii.gz	V1	1	1.5300918	1
sub-109321003449.nii.gz	V1	1	1.5301198	1
PT030_OpenNeuro_ds004873_sub-62.nii.gz	V1	1	1.5302314	1
sub-453576742612.nii.gz	V1	1	1.5302839	1
029_S_6289_I1161682.nii.gz	V1	1	1.5303084	1
PT030_OpenNeuro_ds005405_sub-012.nii.gz	V1	1	1.5303688	1
sub-433634856529.nii.gz	V1	1	1.530435	1
PT030_OpenNeuro_ds005684_sub-32.nii.gz	V1	1	1.5304898	1
sub-728606982967.nii.gz	V1	1	1.530544	1
141_S_6253_I1331113.nii.gz	V1	1	1.5305451	1
021_S_6312_I1438093.nii.gz	V1	1	1.5305461	1
sub-730918684622.nii.gz	V1	1	1.5305587	1
082_S_6563_I1521225.nii.gz	V1	1	1.5308459	1
305_S_6438_I1010091.nii.gz	V1	1	1.5308617	1
sub-202057545121.nii.gz	V1	1	1.5309325	1
116_S_4043_I1296518.nii.gz	V1	1	1.5309513	1
029_S_6505_I1064831.nii.gz	V1	1	1.5309707	1
sub-OAS30620_ses-d1176.nii.gz	V1	1	1.5309713	1
sub-OAS30938_ses-d0095.nii.gz	V1	1	1.5309942	1
PT030_OpenNeuro_ds005405_sub-056.nii.gz	V1	1	1.5310197	1
PT030_OpenNeuro_ds003592_sub-194.nii.gz	V1	1	1.5310231	1
PT030_OpenNeuro_ds004128_sub-21.nii.gz	V1	1	1.5310953	1
sub-ON58053.nii.gz	V1	1	1.5311298	1
sub-OAS30766_ses-d0147.nii.gz	V1	1	1.5311486	1
sub-OAS30026_ses-d0048.nii.gz	V1	1	1.5311617	1
082_S_6563_I1051051.nii.gz	V1	1	1.5311718	1
PT030_OpenNeuro_ds005752_sub-108.nii.gz	V1	1	1.5312026	1
100_S_4469_I921110.nii.gz	V1	1	1.5312141	1
sub-399014895585.nii.gz	V1	1	1.5312383	1
141_S_6253_I1331108.nii.gz	V1	1	1.5313083	1
sub-386335195431.nii.gz	V1	1	1.5313243	1
029_S_6289_I989542.nii.gz	V1	1	1.5313648	1
082_S_4224_I974163.nii.gz	V1	1	1.5314547	1
PT030_OpenNeuro_ds005884_sub-02.nii.gz	V1	1	1.5314584	1
sub-OAS30910_ses-d0090.nii.gz	V1	1	1.5314835	1
116_S_4043_I1296519.nii.gz	V1	1	1.5314894	1
AOMIC-PIOP1_sub-0058_T1w.nii.gz	V1	1	1.5315014	1
sub-796291925408.nii.gz	V1	1	1.5315627	1
sub-253_ses-wave1.nii.gz	V1	1	1.5316703	1
082_S_6563_I1521230.nii.gz	V1	1	1.5317281	1
116_S_6458_I1018889.nii.gz	V1	1	1.5317377	1
PT030_OpenNeuro_ds004302_sub-11.nii.gz	V1	1	1.5317525	1
PT030_OpenNeuro_ds004725_sub-53.nii.gz	V1	1	1.5317788	1
PT030_OpenNeuro_ds004128_sub-22.nii.gz	V1	1	1.5317926	1
PT030_OpenNeuro_ds003592_sub-202.nii.gz	V1	1	1.5318079	1
sub-927033363456.nii.gz	V1	1	1.5318158	1
sub-766124719459.nii.gz	V1	1	1.5318413	1
sub-757057096066.nii.gz	V1	1	1.5319023	1
sub-OAS31107_ses-d0912.nii.gz	V1	1	1.5319088	1
sub-ON31551.nii.gz	V1	1	1.5319331	1
sub-2062_ses-wave1.nii.gz	V1	1	1.5319399	1
sub-OAS30291_ses-d0078_run-02.nii.gz	V1	1	1.5319493	1
033_S_4176_I955473.nii.gz	V1	1	1.5320398	1
sub-ON08760.nii.gz	V1	1	1.532044	1
036_S_4491_I984343.nii.gz	V1	1	1.5320445	1
sub-814384578384.nii.gz	V1	1	1.5320704	1
PT030_OpenNeuro_ds002837_sub-80.nii.gz	V1	1	1.5323077	1
sub-434130511611.nii.gz	V1	1	1.5324159	1
sub-OAS30808_ses-d0498_run-01.nii.gz	V1	1	1.5324506	1
sub-505669140091.nii.gz	V1	1	1.532451	1
PT030_OpenNeuro_ds004725_sub-73.nii.gz	V1	1	1.5325354	1
AOMIC-PIOP1_sub-0115_T1w.nii.gz	V1	1	1.532549	1
PT030_OpenNeuro_ds003745_sub-22.nii.gz	V1	1	1.5325727	1
PT030_OpenNeuro_ds005783_sub-16.nii.gz	V1	1	1.5326054	1
037_S_4308_I894404.nii.gz	V1	1	1.5326332	1
067_S_6957_I1469940.nii.gz	V1	1	1.5326375	1
sub-498933429251.nii.gz	V1	1	1.5326606	1
sub-604_ses-wave2.nii.gz	V1	1	1.5327227	1
PT030_OpenNeuro_ds000208_sub-18.nii.gz	V1	1	1.5327885	1
PT030_OpenNeuro_ds003416_sub-11.nii.gz	V1	1	1.5327936	1
sub-OAS30176_ses-d0000.nii.gz	V1	1	1.5328902	1
PT030_OpenNeuro_ds004873_sub-06.nii.gz	V1	1	1.5328952	1
sub-OAS31308_sess-d0093.nii.gz	V1	1	1.5329207	1
sub-OAS30560_ses-d0117_run-02.nii.gz	V1	1	1.5329497	1
sub-700850861541.nii.gz	V1	1	1.5329849	1
sub-OAS30139_ses-d1702.nii.gz	V1	1	1.5330622	1
sub-543866398227.nii.gz	V1	1	1.5330673	1
sub-OAS30109_ses-d0270.nii.gz	V1	1	1.5330694	1
sub-OAS30973_sess-d1318.nii.gz	V1	1	1.5330932	1
130_S_6027_I1254168.nii.gz	V1	1	1.533254	1
sub-606619069147.nii.gz	V1	1	1.5334116	1
sub-415792694831.nii.gz	V1	1	1.5334201	1
sub-ON85010.nii.gz	V1	1	1.5334592	1
AOMIC-PIOP2_sub-0051_T1w.nii.gz	V1	1	1.5334642	1
PT030_OpenNeuro_ds006040_sub-08.nii.gz	V1	1	1.5334687	1
PT030_OpenNeuro_ds003568_sub-31.nii.gz	V1	1	1.5334785	1
sub-OAS31022_ses-d0089.nii.gz	V1	1	1.533528	1
PT030_OpenNeuro_ds005454_sub-03.nii.gz	V1	1	1.5335488	1
sub-604403915211.nii.gz	V1	1	1.5335829	1
sub-OAS31164_ses-d0069_run-01.nii.gz	V1	1	1.5336043	1
sub-OAS30449_ses-d0000_run-01.nii.gz	V1	1	1.5336256	1
sub-750507848849.nii.gz	V1	1	1.5336261	1
007_S_6521_I1029013.nii.gz	V1	1	1.5336814	1
023_S_6547_I1032282.nii.gz	V1	1	1.5337216	1
067_S_6443_I1480362.nii.gz	V1	1	1.5337615	1
PT030_OpenNeuro_ds005752_sub-003.nii.gz	V1	1	1.5337667	1
sub-OAS30536_ses-d2552_run-02.nii.gz	V1	1	1.5337893	1
sub-OAS31020_ses-d0083.nii.gz	V1	1	1.5337989	1
sub-OAS31155_ses-d7635_run-02.nii.gz	V1	1	1.5338361	1
PT030_OpenNeuro_ds005752_sub-180.nii.gz	V1	1	1.5338413	1
sub-OAS31041_ses-d0528.nii.gz	V1	1	1.5338451	1
sub-2133_ses-wave2.nii.gz	V1	1	1.5338675	1
135_S_6509_I1328524.nii.gz	V1	1	1.5339023	1
sub-OAS30788_ses-d0201_run-01.nii.gz	V1	1	1.5339152	1
sub-OAS30939_ses-d1968.nii.gz	V1	1	1.5340092	1
sub-OAS30942_ses-d0111_run-01.nii.gz	V1	1	1.5340149	1
sub-450248382846.nii.gz	V1	1	1.534022	1
sub-ON95422.nii.gz	V1	1	1.5340327	1
sub-OAS30449_ses-d0000_run-02.nii.gz	V1	1	1.5341138	1
sub-491243327713.nii.gz	V1	1	1.5341322	1
sub-OAS30768_ses-d0024_run-02.nii.gz	V1	1	1.5341523	1
sub-OAS30778_ses-d0510_run-02.nii.gz	V1	1	1.5341797	1
sub-OAS30754_sess-d0019_run-01.nii.gz	V1	1	1.5342153	1
sub-OAS30532_ses-d0047_run-01.nii.gz	V1	1	1.5343608	1
AOMIC-PIOP1_sub-0064_T1w.nii.gz	V1	1	1.534394	1
PT030_OpenNeuro_ds005050_sub-13.nii.gz	V1	1	1.5344187	1
PT030_OpenNeuro_ds003095_sub-26.nii.gz	V1	1	1.5344882	1
sub-675854313594.nii.gz	V1	1	1.5344929	1
sub-ON39099.nii.gz	V1	1	1.5345005	1
sub-352362867687.nii.gz	V1	1	1.5345545	1
037_S_6046_I874809.nii.gz	V1	1	1.5345931	1
PT030_OpenNeuro_ds005752_sub-061.nii.gz	V1	1	1.5346788	1
sub-OAS30349_ses-d0699_run-01.nii.gz	V1	1	1.5347204	1
sub-OAS30142_ses-d1279.nii.gz	V1	1	1.5347446	1
035_S_6722_I1440538.nii.gz	V1	1	1.5347543	1
sub-OAS30727_ses-d0126_run-02.nii.gz	V1	1	1.5348059	1
PT008_AdolescentBrainDevelopment_sub-03.nii.gz	V1	1	1.5348612	1
137_S_6794_I1222159.nii.gz	V1	1	1.5349206	1
AOMIC-PIOP1_sub-0047_T1w.nii.gz	V1	1	1.5349407	1
sub-OAS31155_ses-d7635_run-01.nii.gz	V1	1	1.5349494	1
AOMIC-PIOP1_sub-0123_T1w.nii.gz	V1	1	1.5349599	1
sub-318754305154.nii.gz	V1	1	1.5349684	1
sub-OAS30258_ses-d0487_run-02.nii.gz	V1	1	1.5350684	1
sub-OAS31408_sess-d0086.nii.gz	V1	1	1.5350698	1
sub-310951661896.nii.gz	V1	1	1.5352236	1
PT030_OpenNeuro_ds004711_sub-043.nii.gz	V1	1	1.5352366	1
PT030_OpenNeuro_ds003592_sub-193.nii.gz	V1	1	1.5352739	1
PT030_OpenNeuro_ds005892_sub-39.nii.gz	V1	1	1.5352763	1
PT030_OpenNeuro_ds003381_sub-07.nii.gz	V1	1	1.5353162	1
sub-OAS30327_ses-d0281_run-02.nii.gz	V1	1	1.5353204	1
sub-OAS30361_ses-d1457_run-01.nii.gz	V1	1	1.5353329	1
sub-403960430876.nii.gz	V1	1	1.5353415	1
CP0105.nii.gz	V1	1	1.5353695	1
sub-OAS30386_ses-d0055.nii.gz	V1	1	1.5353832	1
sub-OAS30585_ses-d0065.nii.gz	V1	1	1.5353992	1
sub-924996943078.nii.gz	V1	1	1.5354782	1
PT030_OpenNeuro_ds004725_sub-86.nii.gz	V1	1	1.5354867	1
PT030_OpenNeuro_ds005405_sub-091.nii.gz	V1	1	1.5355139	1
sub-OAS30050_ses-d0110.nii.gz	V1	1	1.5355313	1
sub-3841_ses-wave1.nii.gz	V1	1	1.5355871	1
PT030_OpenNeuro_ds003696_sub-09.nii.gz	V1	1	1.5356325	1
sub-OAS30817_ses-d0236_run-02.nii.gz	V1	1	1.5356337	1
003_S_6259_I977365.nii.gz	V1	1	1.5357094	1
sub-OAS30899_ses-d0070_run-01.nii.gz	V1	1	1.5357491	1
sub-ON23776.nii.gz	V1	1	1.5358139	1
sub-525096935871.nii.gz	V1	1	1.5358512	1
sub-OAS30898_ses-d0358_run-02.nii.gz	V1	1	1.5359013	1
sub-525443507902.nii.gz	V1	1	1.5359203	1
AOMIC-PIOP1_sub-0177_T1w.nii.gz	V1	1	1.5360186	1
sub-OAS30361_ses-d1457_run-02.nii.gz	V1	1	1.5360439	1
sub-244085485212.nii.gz	V1	1	1.5360677	1
sub-640829640252.nii.gz	V1	1	1.5360932	1
032_S_0677_I1196891.nii.gz	V1	1	1.5360944	1
PT030_OpenNeuro_ds005123_sub-079.nii.gz	V1	1	1.5360961	1
sub-528_ses-wave2.nii.gz	V1	1	1.5361149	1
sub-ON23664.nii.gz	V1	1	1.5361266	1
sub-ON72082.nii.gz	V1	1	1.5361576	1
sub-OAS30193_ses-d0043_run-02.nii.gz	V1	1	1.5362034	1
116_S_4453_I1539913.nii.gz	V1	1	1.5362107	1
sub-990935060181.nii.gz	V1	1	1.5363058	1
PT030_OpenNeuro_ds005684_sub-20.nii.gz	V1	1	1.536319	1
sub-OAS30007_ses-d0061_run-02.nii.gz	V1	1	1.5363721	1
PT030_OpenNeuro_ds000228_sub-001.nii.gz	V1	1	1.536395	1
PT030_OpenNeuro_ds004631_sub-06.nii.gz	V1	1	1.5364106	1
941_S_6575_I1227239.nii.gz	V1	1	1.5364466	1
135_S_6509_I1195531.nii.gz	V1	1	1.5364802	1
sub-624394559059.nii.gz	V1	1	1.5365479	1
sub-291398706162.nii.gz	V1	1	1.5365773	1
sub-OAS30163_ses-d0091_run-02.nii.gz	V1	1	1.5366106	1
sub-382364549184.nii.gz	V1	1	1.5366315	1
AOMIC-PIOP2_sub-0047_T1w.nii.gz	V1	1	1.5366426	1
129_S_6704_I1149034.nii.gz	V1	1	1.5366602	1
PT030_OpenNeuro_ds004917_sub-37.nii.gz	V1	1	1.5367154	1
sub-221_ses-wave1.nii.gz	V1	1	1.5367236	1
sub-OAS30514_ses-d0057.nii.gz	V1	1	1.5367402	1
PT030_OpenNeuro_ds005366_sub-128.nii.gz	V1	1	1.536774	1
PT030_OpenNeuro_ds005454_sub-02.nii.gz	V1	1	1.5367856	1
PT030_OpenNeuro_ds004934_sub-17.nii.gz	V1	1	1.536809	1
sub-CC721052.nii.gz	V1	1	1.5368913	1
sub-331731903831.nii.gz	V1	1	1.5369312	1
sub-OAS30163_ses-d0091_run-01.nii.gz	V1	1	1.5369372	1
PT030_OpenNeuro_ds006105_sub-49.nii.gz	V1	1	1.5369401	1
100_S_6308_I990027.nii.gz	V1	1	1.5369656	1
PT030_OpenNeuro_ds000208_sub-04.nii.gz	V1	1	1.5369748	1
sub-946_ses-wave1.nii.gz	V1	1	1.5369933	1
sub-556527723088.nii.gz	V1	1	1.5370294	1
sub-OAS30814_ses-d0144_run-02.nii.gz	V1	1	1.5370383	1
sub-385846642581.nii.gz	V1	1	1.5371284	1
sub-135106354565.nii.gz	V1	1	1.5371624	1
sub-429907786690.nii.gz	V1	1	1.53717	1
sub-858420327833.nii.gz	V1	1	1.5371711	1
sub-441115735819.nii.gz	V1	1	1.5371736	1
sub-ON03748.nii.gz	V1	1	1.5371774	1
070_S_4856_I1579646.nii.gz	V1	1	1.5372657	1
sub-125353958428.nii.gz	V1	1	1.5372683	1
AOMIC-PIOP1_sub-0041_T1w.nii.gz	V1	1	1.5373532	1
sub-OAS30877_ses-d0362.nii.gz	V1	1	1.5373558	1
sub-651479451260.nii.gz	V1	1	1.5373981	1
PT030_OpenNeuro_ds003592_sub-201.nii.gz	V1	1	1.5375602	1
014_S_6145_I1152910.nii.gz	V1	1	1.5375733	1
PT030_OpenNeuro_ds005892_sub-38.nii.gz	V1	1	1.537647	1
PT030_OpenNeuro_ds004892_sub-28.nii.gz	V1	1	1.5377091	1
sub-2126_ses-wave1.nii.gz	V1	1	1.5377353	1
sub-2068_ses-wave1.nii.gz	V1	1	1.5377692	1
AOMIC-PIOP1_sub-0074_T1w.nii.gz	V1	1	1.5378611	1
011_S_0021_I957745.nii.gz	V1	1	1.5378851	1
014_S_4401_I1556676.nii.gz	V1	1	1.5379674	1
PT030_OpenNeuro_ds003639_sub-29.nii.gz	V1	1	1.5380056	1
sub-483551880880.nii.gz	V1	1	1.5380491	1
PT030_OpenNeuro_ds001299_sub-18.nii.gz	V1	1	1.5380565	1
PT030_OpenNeuro_ds003381_sub-12.nii.gz	V1	1	1.5380833	1
sub-OAS31028_ses-d0058.nii.gz	V1	1	1.5380974	1
sub-OAS30742_ses-d1932_run-02.nii.gz	V1	1	1.53813	1
sub-918944432928.nii.gz	V1	1	1.5381833	1
sub-989798042528.nii.gz	V1	1	1.5382553	1
sub-949217685462.nii.gz	V1	1	1.5383345	1
PT030_OpenNeuro_ds003095_sub-03.nii.gz	V1	1	1.5383368	1
PT030_OpenNeuro_ds004917_sub-49.nii.gz	V1	1	1.5383396	1
sub-346184404122.nii.gz	V1	1	1.5383583	1
sub-OAS30395_ses-d0002.nii.gz	V1	1	1.5384228	1
067_S_0059_I1272868.nii.gz	V1	1	1.5384827	1
082_S_6283_I1530342.nii.gz	V1	1	1.5384928	1
sub-862728958301.nii.gz	V1	1	1.538508	1
sub-948510062520.nii.gz	V1	1	1.5385404	1
PT030_OpenNeuro_ds004142_sub-10.nii.gz	V1	1	1.5386018	1
PT030_OpenNeuro_ds001734_sub-087.nii.gz	V1	1	1.5386277	1
sub-ON61087.nii.gz	V1	1	1.5386811	1
sub-348573416015.nii.gz	V1	1	1.5387396	1
082_S_6563_I1521237.nii.gz	V1	1	1.5387897	1
sub-OAS30073_ses-d1587_run-01.nii.gz	V1	1	1.53879	1
131_S_6519_I1032569.nii.gz	V1	1	1.5388299	1
014_S_6424_I1491023.nii.gz	V1	1	1.5388525	1
PT030_OpenNeuro_ds006105_sub-35.nii.gz	V1	1	1.5388622	1
AOMIC-PIOP1_sub-0067_T1w.nii.gz	V1	1	1.5389271	1
sub-CC621080.nii.gz	V1	1	1.53897	1
PT030_OpenNeuro_ds006012_sub-13.nii.gz	V1	1	1.5389998	1
022_S_6797_I1496150.nii.gz	V1	1	1.53905	1
PT030_OpenNeuro_ds004795_sub-095.nii.gz	V1	1	1.5390657	1
sub-OAS30916_ses-d0172.nii.gz	V1	1	1.5390905	1
sub-165494760529.nii.gz	V1	1	1.5391288	1
PT030_OpenNeuro_ds004725_sub-83.nii.gz	V1	1	1.5391928	1
sub-OAS30277_ses-d0198.nii.gz	V1	1	1.5392125	1
sub-OAS31013_ses-d0039.nii.gz	V1	1	1.5392487	1
PT030_OpenNeuro_ds005783_sub-09.nii.gz	V1	1	1.5392818	1
sub-855954103754.nii.gz	V1	1	1.5392933	1
027_S_6001_I808819.nii.gz	V1	1	1.5393238	1
PT030_OpenNeuro_ds005752_sub-026.nii.gz	V1	1	1.539452	1
AOMIC-PIOP1_sub-0072_T1w.nii.gz	V1	1	1.5394875	1
PT030_OpenNeuro_ds005752_sub-125.nii.gz	V1	1	1.5395027	1
sub-1531_ses-wave1.nii.gz	V1	1	1.5395167	1
PT030_OpenNeuro_ds004725_sub-77.nii.gz	V1	1	1.5395217	1
sub-211700292441.nii.gz	V1	1	1.5395372	1
PT030_OpenNeuro_ds003465_sub-31.nii.gz	V1	1	1.5395449	1
011_S_6465_I1041482.nii.gz	V1	1	1.53962	1
sub-557547190042.nii.gz	V1	1	1.5397283	1
141_S_6015_I851352.nii.gz	V1	1	1.5397892	1
941_S_6575_I1360295.nii.gz	V1	1	1.5397913	1
135_S_6360_I1000359.nii.gz	V1	1	1.5399017	1
sub-OAS30305_ses-d0245_run-02.nii.gz	V1	1	1.5399166	1
sub-OAS30182_ses-d0094.nii.gz	V1	1	1.539926	1
JUK_sub-103.nii.gz	V1	1	1.539936	1
sub-833762581917.nii.gz	V1	1	1.5399549	1
AOMIC-PIOP2_sub-0088_T1w.nii.gz	V1	1	1.539986	1
sub-OAS30967_ses-d0098_run-02.nii.gz	V1	1	1.540007	1
sub-120533702955.nii.gz	V1	1	1.5400431	1
sub-OAS31472_sess-d0045.nii.gz	V1	1	1.5400978	1
sub-4582_ses-wave2.nii.gz	V1	1	1.5401129	1
sub-565908100162.nii.gz	V1	1	1.5401641	1
sub-49_ses-wave2.nii.gz	V1	1	1.5401789	1
AOMIC-PIOP1_sub-0158_T1w.nii.gz	V1	1	1.540182	1
CP0008.nii.gz	V1	1	1.5402285	1
PT030_OpenNeuro_ds006105_sub-05.nii.gz	V1	1	1.5402801	1
PT030_OpenNeuro_ds005405_sub-051.nii.gz	V1	1	1.5403081	1
PT030_OpenNeuro_ds001417_sub-14.nii.gz	V1	1	1.5403832	1
AOMIC-PIOP1_sub-0174_T1w.nii.gz	V1	1	1.540413	1
AOMIC-PIOP1_sub-0088_T1w.nii.gz	V1	1	1.5404358	1
sub-887424714190.nii.gz	V1	1	1.5404358	1
sub-853829288453.nii.gz	V1	1	1.5404394	1
sub-970977623265.nii.gz	V1	1	1.5404649	1
AOMIC-PIOP2_sub-0200_T1w.nii.gz	V1	1	1.5405104	1
sub-OAS30320_ses-d0136_run-02.nii.gz	V1	1	1.5405126	1
sub-814465855864.nii.gz	V1	1	1.540514	1
sub-CC710679.nii.gz	V1	1	1.5405203	1
sub-719423973532.nii.gz	V1	1	1.540544	1
AOMIC-PIOP1_sub-0155_T1w.nii.gz	V1	1	1.5405483	1
PT030_OpenNeuro_ds005884_sub-10.nii.gz	V1	1	1.5405726	1
sub-2087_ses-wave1.nii.gz	V1	1	1.5405909	1
AOMIC-PIOP1_sub-0083_T1w.nii.gz	V1	1	1.5406077	1
sub-877034835714.nii.gz	V1	1	1.5406272	1
094_S_6440_I1019224.nii.gz	V1	1	1.5406308	1
sub-980_ses-wave1.nii.gz	V1	1	1.5406383	1
sub-795710895899.nii.gz	V1	1	1.5407151	1
sub-ON49080.nii.gz	V1	1	1.540755	1
sub-232954346633.nii.gz	V1	1	1.5407681	1
sub-OAS30191_ses-d1136.nii.gz	V1	1	1.5407729	1
127_S_6330_I1346260.nii.gz	V1	1	1.540803	1
PT030_OpenNeuro_ds001226_sub-06.nii.gz	V1	1	1.5408062	1
PT036_Yale_HighRes_sub-039.nii.gz	V1	1	1.5408131	1
PT030_OpenNeuro_ds005366_sub-017.nii.gz	V1	1	1.5408415	1
PT030_OpenNeuro_ds003643_sub-085.nii.gz	V1	1	1.5408567	1
141_S_6416_I1511357.nii.gz	V1	1	1.5408568	1
PT030_OpenNeuro_ds005366_sub-041.nii.gz	V1	1	1.5408621	1
PT030_OpenNeuro_ds005237_sub-071.nii.gz	V1	1	1.5409609	1
JUK_sub-55.nii.gz	V1	1	1.5409989	1
sub-3899_ses-wave2.nii.gz	V1	1	1.5410771	1
PT030_OpenNeuro_ds003592_sub-213.nii.gz	V1	1	1.5411267	1
sub-232_ses-wave3.nii.gz	V1	1	1.5411497	1
AOMIC-PIOP2_sub-0032_T1w.nii.gz	V1	1	1.5411726	1
sub-210405402058.nii.gz	V1	1	1.5411984	1
PT030_OpenNeuro_ds001378_sub-13.nii.gz	V1	1	1.541252	1
PT030_OpenNeuro_ds005366_sub-109.nii.gz	V1	1	1.5412581	1
AOMIC-PIOP1_sub-0142_T1w.nii.gz	V1	1	1.5413077	1
PT030_OpenNeuro_ds006105_sub-18.nii.gz	V1	1	1.5413154	1
sub-OAS30823_ses-d0055_run-02.nii.gz	V1	1	1.541322	1
135_S_6359_I1180846.nii.gz	V1	1	1.5413346	1
082_S_6283_I992286.nii.gz	V1	1	1.5413493	1
PT030_OpenNeuro_ds005454_sub-04.nii.gz	V1	1	1.5413538	1
sub-ON76144.nii.gz	V1	1	1.541378	1
PT030_OpenNeuro_ds005884_sub-11.nii.gz	V1	1	1.5413852	1
007_S_4620_I1266356.nii.gz	V1	1	1.5413927	1
PT030_OpenNeuro_ds005884_sub-08.nii.gz	V1	1	1.5413952	1
116_S_6537_I1029554.nii.gz	V1	1	1.5414392	1
sub-OAS31071_ses-d0068.nii.gz	V1	1	1.5414588	1
011_S_4278_I1132797.nii.gz	V1	1	1.5414691	1
PT030_OpenNeuro_ds005752_sub-189.nii.gz	V1	1	1.541495	1
sub-376662670251.nii.gz	V1	1	1.5415136	1
sub-OAS30466_ses-d0671_run-02.nii.gz	V1	1	1.5417238	1
127_S_6173_I1559945.nii.gz	V1	1	1.5417576	1
sub-354907815533.nii.gz	V1	1	1.5417663	1
sub-OAS30294_ses-d0462_run-01.nii.gz	V1	1	1.5417713	1
PT030_OpenNeuro_ds004636_sub-047.nii.gz	V1	1	1.5418597	1
sub-ON30080.nii.gz	V1	1	1.5418868	1
PT030_OpenNeuro_ds003592_sub-008.nii.gz	V1	1	1.541935	1
sub-3328_ses-wave2.nii.gz	V1	1	1.5419668	1
116_S_6537_I1029553.nii.gz	V1	1	1.5420328	1
sub-OAS30127_ses-d0098.nii.gz	V1	1	1.5420606	1
sub-ON81734.nii.gz	V1	1	1.5420618	1
JUK_sub-104.nii.gz	V1	1	1.5421015	1
014_S_7072_I1591453.nii.gz	V1	1	1.5421149	1
068_S_0210_I939835.nii.gz	V1	1	1.5421253	1
sub-347809484806.nii.gz	V1	1	1.5421412	1
sub-832211824826.nii.gz	V1	1	1.5421432	1
sub-OAS30101_ses-d0101_run-01.nii.gz	V1	1	1.5421612	1
sub-220335571493.nii.gz	V1	1	1.5422114	1
sub-3727_ses-wave2.nii.gz	V1	1	1.5422416	1
sub-461078040898.nii.gz	V1	1	1.5422757	1
AOMIC-PIOP1_sub-0109_T1w.nii.gz	V1	1	1.5423049	1
PT030_OpenNeuro_ds003592_sub-218.nii.gz	V1	1	1.542308	1
sub-888144329032.nii.gz	V1	1	1.5424138	1
AOMIC-PIOP1_sub-0009_T1w.nii.gz	V1	1	1.5424205	1
sub-OAS30496_ses-d0065.nii.gz	V1	1	1.542423	1
sub-329567117750.nii.gz	V1	1	1.5424579	1
PT030_OpenNeuro_ds004725_sub-57.nii.gz	V1	1	1.5424854	1
021_S_6987_I1475785.nii.gz	V1	1	1.5425096	1
PT030_OpenNeuro_ds003592_sub-217.nii.gz	V1	1	1.5425994	1
sub-OAS30462_ses-d0020.nii.gz	V1	1	1.5426275	1
sub-597843888777.nii.gz	V1	1	1.5426546	1
sub-219466815546.nii.gz	V1	1	1.54267	1
AOMIC-PIOP1_sub-0119_T1w.nii.gz	V1	1	1.5427693	1
PT030_OpenNeuro_ds004934_sub-12.nii.gz	V1	1	1.5428163	1
PT030_OpenNeuro_ds004711_sub-116.nii.gz	V1	1	1.5428466	1
sub-OAS30765_ses-d0089_run-02.nii.gz	V1	1	1.542961	1
AOMIC-PIOP1_sub-0053_T1w.nii.gz	V1	1	1.5429691	1
JUK_sub-25.nii.gz	V1	1	1.5429935	1
sub-808051274484.nii.gz	V1	1	1.5429986	1
sub-1225_ses-wave2.nii.gz	V1	1	1.5430973	1
116_S_4453_I1280798.nii.gz	V1	1	1.5431007	1
137_S_6826_I1242424.nii.gz	V1	1	1.5431483	1
PT030_OpenNeuro_ds006444_sub-13.nii.gz	V1	1	1.5432498	1
PT030_OpenNeuro_ds006179_sub-17.nii.gz	V1	1	1.5432593	1
sub-OAS30296_ses-d0069.nii.gz	V1	1	1.543278	1
sub-866659229411.nii.gz	V1	1	1.5432856	1
PT030_OpenNeuro_ds003691_sub-05.nii.gz	V1	1	1.5432858	1
PT030_OpenNeuro_ds004958_sub-03.nii.gz	V1	1	1.5433277	1
sub-291966581649.nii.gz	V1	1	1.5434002	1
sub-ON85400.nii.gz	V1	1	1.5434074	1
AOMIC-PIOP1_sub-0014_T1w.nii.gz	V1	1	1.5434083	1
PT030_OpenNeuro_ds005366_sub-123.nii.gz	V1	1	1.5434245	1
PT030_OpenNeuro_ds003745_sub-10.nii.gz	V1	1	1.543426	1
sub-OAS30407_ses-d0061_run-01.nii.gz	V1	1	1.5434313	1
sub-OAS30073_ses-d1587_run-02.nii.gz	V1	1	1.5434759	1
109_S_6218_I982860.nii.gz	V1	1	1.5434787	1
041_S_6192_I959645.nii.gz	V1	1	1.543533	1
sub-675837960607.nii.gz	V1	1	1.5435747	1
PT030_OpenNeuro_ds003592_sub-203.nii.gz	V1	1	1.5436423	1
sub-614986450038.nii.gz	V1	1	1.5437187	1
127_S_6147_I1544012.nii.gz	V1	1	1.5437396	1
sub-OAS30817_ses-d0236_run-01.nii.gz	V1	1	1.5437781	1
135_S_6360_I1177292.nii.gz	V1	1	1.5438113	1
sub-ON09474.nii.gz	V1	1	1.543878	1
sub-ON96510.nii.gz	V1	1	1.54395	1
024_S_6184_I958727.nii.gz	V1	1	1.5439721	1
PT030_OpenNeuro_ds001299_sub-01.nii.gz	V1	1	1.5439914	1
sub-4582_ses-wave1.nii.gz	V1	1	1.544035	1
PT030_OpenNeuro_ds004648_sub-76.nii.gz	V1	1	1.5440354	1
sub-OAS30245_ses-d0058.nii.gz	V1	1	1.5440506	1
sub-ON85330.nii.gz	V1	1	1.5440551	1
PT030_OpenNeuro_ds004499_sub-19.nii.gz	V1	1	1.5441194	1
sub-OAS30637_ses-d0079.nii.gz	V1	1	1.544162	1
941_S_4365_I1486832.nii.gz	V1	1	1.5442075	1
sub-315096818503.nii.gz	V1	1	1.5442326	1
sub-957165906223.nii.gz	V1	1	1.5442494	1
PT030_OpenNeuro_ds002837_sub-26.nii.gz	V1	1	1.5442619	1
PT030_OpenNeuro_ds004302_sub-17.nii.gz	V1	1	1.5442728	1
sub-OAS30870_ses-d3066_run-01.nii.gz	V1	1	1.5442985	1
sub-OAS30765_ses-d0089_run-01.nii.gz	V1	1	1.5443184	1
082_S_4224_I974164.nii.gz	V1	1	1.544322	1
sub-389059678082.nii.gz	V1	1	1.5443294	1
116_S_4453_I1539914.nii.gz	V1	1	1.5443667	1
sub-724285887201.nii.gz	V1	1	1.5443695	1
035_S_6948_I1451030.nii.gz	V1	1	1.5443941	1
014_S_4401_I1556683.nii.gz	V1	1	1.544399	1
sub-ON65403.nii.gz	V1	1	1.5444064	1
CP0035.nii.gz	V1	1	1.5444251	1
sub-OAS30126_ses-d1105_run-02.nii.gz	V1	1	1.5444298	1
sub-OAS31180_sess-d0161.nii.gz	V1	1	1.5444496	1
sub-904383882447.nii.gz	V1	1	1.5444913	1
sub-593517093579.nii.gz	V1	1	1.5445162	1
sub-OAS30305_ses-d0245_run-01.nii.gz	V1	1	1.5445293	1
PT030_OpenNeuro_ds003542_sub-31.nii.gz	V1	1	1.5445958	1
sub-844369335575.nii.gz	V1	1	1.5446256	1
041_S_6192_I1286970.nii.gz	V1	1	1.5446666	1
PT030_OpenNeuro_ds005405_sub-094.nii.gz	V1	1	1.5447052	1
sub-OAS31108_ses-d3850_run-02.nii.gz	V1	1	1.5447053	1
PT030_OpenNeuro_ds006012_sub-11.nii.gz	V1	1	1.5447776	1
sub-OAS30368_ses-d0056_run-02.nii.gz	V1	1	1.5448284	1
109_S_6218_I982856.nii.gz	V1	1	1.5448878	1
sub-782541652483.nii.gz	V1	1	1.544902	1
sub-OAS30770_ses-d0255_run-02.nii.gz	V1	1	1.544927	1
PT030_OpenNeuro_ds004873_sub-60.nii.gz	V1	1	1.5449388	1
sub-ON09540.nii.gz	V1	1	1.5449529	1
PT030_OpenNeuro_ds005237_sub-040.nii.gz	V1	1	1.5450034	1
sub-OAS30363_ses-d0087_run-02.nii.gz	V1	1	1.5451034	1
sub-694127992242.nii.gz	V1	1	1.5451332	1
sub-883686860970.nii.gz	V1	1	1.5452129	1
036_S_4389_I930417.nii.gz	V1	1	1.5452181	1
sub-OAS30920_ses-d1125_run-01.nii.gz	V1	1	1.545227	1
sub-OAS30942_ses-d0111_run-02.nii.gz	V1	1	1.545278	1
014_S_6424_I1491025.nii.gz	V1	1	1.5453435	1
PT030_OpenNeuro_ds002797_sub-14.nii.gz	V1	1	1.5454655	1
sub-528_ses-wave1.nii.gz	V1	1	1.5454832	1
PT030_OpenNeuro_ds005088_sub-13.nii.gz	V1	1	1.5455317	1
sub-OAS30247_ses-d0168_run-02.nii.gz	V1	1	1.5455468	1
sub-OAS30788_ses-d0201_run-02.nii.gz	V1	1	1.5455502	1
PT030_OpenNeuro_ds003592_sub-227.nii.gz	V1	1	1.5455595	1
PT036_Yale_HighRes_sub-025.nii.gz	V1	1	1.5455714	1
sub-739189045744.nii.gz	V1	1	1.5456583	1
sub-732282391573.nii.gz	V1	1	1.5456737	1
PT030_OpenNeuro_ds005752_sub-110.nii.gz	V1	1	1.5457106	1
AOMIC-PIOP1_sub-0046_T1w.nii.gz	V1	1	1.5458142	1
sub-OAS31441_sess-d0067.nii.gz	V1	1	1.545824	1
sub-OAS30189_ses-d0072.nii.gz	V1	1	1.545843	1
sub-947217988145.nii.gz	V1	1	1.5458531	1
023_S_4164_I947480.nii.gz	V1	1	1.5458534	1
PT030_OpenNeuro_ds003453_sub-06.nii.gz	V1	1	1.5458599	1
AOMIC-PIOP2_sub-0083_T1w.nii.gz	V1	1	1.5458642	1
011_S_7048_I1558064.nii.gz	V1	1	1.5458695	1
PT030_OpenNeuro_ds004302_sub-02.nii.gz	V1	1	1.5458981	1
sub-OAS31145_ses-d0483_run-02.nii.gz	V1	1	1.5459054	1
AOMIC-PIOP1_sub-0092_T1w.nii.gz	V1	1	1.5459114	1
JUK_sub-20.nii.gz	V1	1	1.5459495	1
sub-OAS30192_ses-d1409_run-02.nii.gz	V1	1	1.5459535	1
sub-OAS31111_ses-d0246_run-02.nii.gz	V1	1	1.5459841	1
sub-OAS31133_ses-d0000_run-01.nii.gz	V1	1	1.5460274	1
sub-OAS30904_ses-d1304_run-01.nii.gz	V1	1	1.5460622	1
PT030_OpenNeuro_ds003592_sub-214.nii.gz	V1	1	1.5460771	1
sub-515467160170.nii.gz	V1	1	1.546098	1
141_S_6416_I1511356.nii.gz	V1	1	1.5461211	1
023_S_1190_I929044.nii.gz	V1	1	1.546124	1
sub-ON82948.nii.gz	V1	1	1.5461937	1
sub-CC722891.nii.gz	V1	1	1.5462118	1
sub-OAS31150_ses-d1416.nii.gz	V1	1	1.5462161	1
021_S_6896_I1533909.nii.gz	V1	1	1.5462246	1
sub-702089918687.nii.gz	V1	1	1.5462383	1
sub-OAS30547_ses-d0459.nii.gz	V1	1	1.5462935	1
021_S_6918_I1423357.nii.gz	V1	1	1.5462953	1
sub-2043_ses-wave3.nii.gz	V1	1	1.5462959	1
PT030_OpenNeuro_ds004604_sub-50.nii.gz	V1	1	1.5462979	1
PT030_OpenNeuro_ds004647_sub-23.nii.gz	V1	1	1.5464331	1
AOMIC-PIOP1_sub-0065_T1w.nii.gz	V1	1	1.5464373	1
sub-OAS30390_ses-d2428.nii.gz	V1	1	1.5464395	1
sub-OAS30175_ses-d0349_run-02.nii.gz	V1	1	1.5464541	1
016_S_6381_I1359936.nii.gz	V1	1	1.5465044	1
PT030_OpenNeuro_ds005581_sub-11.nii.gz	V1	1	1.5465362	1
sub-953496715521.nii.gz	V1	1	1.5465982	1
941_S_1195_I1557141.nii.gz	V1	1	1.546652	1
PT030_OpenNeuro_ds000245_sub-07.nii.gz	V1	1	1.546676	1
021_S_6896_I1395574.nii.gz	V1	1	1.5466865	1
116_S_4855_I1123765.nii.gz	V1	1	1.5467113	1
AOMIC-PIOP1_sub-0172_T1w.nii.gz	V1	1	1.5467247	1
sub-932328801110.nii.gz	V1	1	1.5467781	1
sub-OAS31036_ses-d0056_run-02.nii.gz	V1	1	1.5468112	1
sub-676_ses-wave1.nii.gz	V1	1	1.5468156	1
CP0052.nii.gz	V1	1	1.5468317	1
PT030_OpenNeuro_ds004873_sub-25.nii.gz	V1	1	1.5468345	1
sub-OAS31093_ses-d0063_run-02.nii.gz	V1	1	1.5468735	1
067_S_0059_I948808.nii.gz	V1	1	1.5468813	1
PT030_OpenNeuro_ds006010_sub-17.nii.gz	V1	1	1.5468934	1
sub-213073713974.nii.gz	V1	1	1.5469137	1
AOMIC-PIOP1_sub-0061_T1w.nii.gz	V1	1	1.5470153	1
PT030_OpenNeuro_ds004958_sub-27.nii.gz	V1	1	1.5470513	1
sub-ON47254.nii.gz	V1	1	1.547075	1
sub-OAS31085_ses-d0112_run-01.nii.gz	V1	1	1.5471101	1
AOMIC-PIOP1_sub-0057_T1w.nii.gz	V1	1	1.5471135	1
PT030_OpenNeuro_ds005056_sub-14.nii.gz	V1	1	1.5471603	1
012_S_4643_I1225000.nii.gz	V1	1	1.5471942	1
sub-867_ses-wave1.nii.gz	V1	1	1.5472375	1
sub-OAS30478_ses-d3566_run-01.nii.gz	V1	1	1.5472379	1
sub-534784570154.nii.gz	V1	1	1.5472851	1
sub-OAS31103_ses-d1829_run-01.nii.gz	V1	1	1.5473534	1
sub-1866_ses-wave1.nii.gz	V1	1	1.5473826	1
sub-476_ses-wave1.nii.gz	V1	1	1.5474	1
PT030_OpenNeuro_ds006012_sub-15.nii.gz	V1	1	1.5474143	1
sub-ON07392.nii.gz	V1	1	1.5474192	1
sub-891609925981.nii.gz	V1	1	1.5474521	1
sub-OAS30475_ses-d0062.nii.gz	V1	1	1.5474553	1
sub-OAS30783_ses-d0056_run-01.nii.gz	V1	1	1.547516	1
sub-OAS30407_ses-d0061_run-02.nii.gz	V1	1	1.5475355	1
sub-OAS31036_ses-d0056_run-01.nii.gz	V1	1	1.5475496	1
sub-939553665377.nii.gz	V1	1	1.547566	1
PT030_OpenNeuro_ds002711_sub-01.nii.gz	V1	1	1.5475675	1
PT030_OpenNeuro_ds005405_sub-036.nii.gz	V1	1	1.5475899	1
PT030_OpenNeuro_ds003592_sub-198.nii.gz	V1	1	1.547641	1
sub-OAS30376_ses-d0082.nii.gz	V1	1	1.5476446	1
PT030_OpenNeuro_ds003453_sub-25.nii.gz	V1	1	1.547713	1
sub-ON11111.nii.gz	V1	1	1.5477346	1
sub-OAS30466_ses-d0671_run-01.nii.gz	V1	1	1.5477368	1
sub-OAS30654_ses-d0079_run-01.nii.gz	V1	1	1.5477636	1
011_S_4278_I940882.nii.gz	V1	1	1.5477664	1
PT030_OpenNeuro_ds001378_sub-19.nii.gz	V1	1	1.5477748	1
sub-OAS30220_ses-d0104.nii.gz	V1	1	1.5478035	1
sub-192785276470.nii.gz	V1	1	1.5478796	1
PT030_OpenNeuro_ds004393_sub-01.nii.gz	V1	1	1.5479031	1
PT030_OpenNeuro_ds002843_sub-067.nii.gz	V1	1	1.5479047	1
sub-OAS30141_ses-d0544.nii.gz	V1	1	1.547993	1
135_S_4598_I878250.nii.gz	V1	1	1.5480025	1
sub-OAS30398_ses-d0051.nii.gz	V1	1	1.5480026	1
sub-717904447748.nii.gz	V1	1	1.5480213	1
PT030_OpenNeuro_ds004712_sub-01.nii.gz	V1	1	1.5480963	1
PT030_OpenNeuro_ds000101_sub-21.nii.gz	V1	1	1.5481099	1
sub-OAS30711_ses-d0185_run-01.nii.gz	V1	1	1.548115	1
sub-110519368768.nii.gz	V1	1	1.548129	1
sub-OAS30122_ses-d0136.nii.gz	V1	1	1.548135	1
sub-ON40397.nii.gz	V1	1	1.5482502	1
PT017_HBN-SSI_sub-06.nii.gz	V1	1	1.5482532	1
sub-OAS30742_ses-d1932_run-01.nii.gz	V1	1	1.5482566	1
sub-836730389250.nii.gz	V1	1	1.5483768	1
PT030_OpenNeuro_ds003095_sub-06.nii.gz	V1	1	1.5484071	1
sub-4172_ses-wave2.nii.gz	V1	1	1.5484124	1
AOMIC-PIOP1_sub-0048_T1w.nii.gz	V1	1	1.5484166	1
AOMIC-PIOP2_sub-0182_T1w.nii.gz	V1	1	1.5484391	1
sub-OAS31203_sess-d0237.nii.gz	V1	1	1.5485033	1
PT030_OpenNeuro_ds004917_sub-47.nii.gz	V1	1	1.548523	1
sub-ON54268.nii.gz	V1	1	1.5485452	1
sub-OAS31108_ses-d3850_run-01.nii.gz	V1	1	1.5485649	1
PT030_OpenNeuro_ds004725_sub-47.nii.gz	V1	1	1.5486076	1
013_S_4580_I1485594.nii.gz	V1	1	1.548614	1
PT030_OpenNeuro_ds005405_sub-086.nii.gz	V1	1	1.5486635	1
sub-548750637639.nii.gz	V1	1	1.5487071	1
PT030_OpenNeuro_ds002620_sub-38.nii.gz	V1	1	1.5487756	1
AOMIC-PIOP1_sub-0166_T1w.nii.gz	V1	1	1.5487972	1
sub-4539_ses-wave1.nii.gz	V1	1	1.548856	1
sub-CC710313.nii.gz	V1	1	1.5488567	1
sub-588914234169.nii.gz	V1	1	1.5488787	1
sub-OAS30232_ses-d0695_run-02.nii.gz	V1	1	1.5489217	1
sub-OAS30783_ses-d0056_run-02.nii.gz	V1	1	1.5490013	1
PT030_OpenNeuro_ds001748_sub-25.nii.gz	V1	1	1.5490351	1
PT030_OpenNeuro_ds003831_sub-33.nii.gz	V1	1	1.5490692	1
sub-OAS31110_ses-d0031_run-02.nii.gz	V1	1	1.5490826	1
AOMIC-PIOP1_sub-0150_T1w.nii.gz	V1	1	1.5491009	1
PT030_OpenNeuro_ds005126_sub-12.nii.gz	V1	1	1.5491027	1
sub-OAS30307_ses-d2362.nii.gz	V1	1	1.5491216	1
sub-1245_ses-wave3.nii.gz	V1	1	1.5491382	1
sub-OAS31034_ses-d0203.nii.gz	V1	1	1.5491596	1
sub-788492862739.nii.gz	V1	1	1.5491754	1
PT030_OpenNeuro_ds005374_sub-42.nii.gz	V1	1	1.5491933	1
PT030_OpenNeuro_ds005892_sub-30.nii.gz	V1	1	1.5492079	1
sub-OAS30962_ses-d0007.nii.gz	V1	1	1.549218	1
PT030_OpenNeuro_ds005783_sub-11.nii.gz	V1	1	1.5492386	1
sub-681700474135.nii.gz	V1	1	1.549248	1
sub-OAS30596_ses-d2477.nii.gz	V1	1	1.5492859	1
sub-256194885120.nii.gz	V1	1	1.5493002	1
PT030_OpenNeuro_ds005126_sub-26.nii.gz	V1	1	1.5493058	1
sub-OAS30423_ses-d1267.nii.gz	V1	1	1.5493343	1
sub-ON65232.nii.gz	V1	1	1.5493801	1
141_S_6872_I1324201.nii.gz	V1	1	1.5493984	1
sub-OAS30353_ses-d3421.nii.gz	V1	1	1.5494076	1
sub-295_ses-wave1.nii.gz	V1	1	1.54942	1
sub-4613_ses-wave1.nii.gz	V1	1	1.5494244	1
AOMIC-PIOP1_sub-0136_T1w.nii.gz	V1	1	1.549466	1
116_S_4453_I958094.nii.gz	V1	1	1.5494795	1
sub-OAS30406_ses-d0084_run-02.nii.gz	V1	1	1.5494906	1
035_S_6722_I1159023.nii.gz	V1	1	1.5494915	1
sub-926868125478.nii.gz	V1	1	1.5495126	1
PT030_OpenNeuro_ds004725_sub-70.nii.gz	V1	1	1.5495225	1
PT030_OpenNeuro_ds005366_sub-100.nii.gz	V1	1	1.5495238	1
129_S_4369_I862991.nii.gz	V1	1	1.5495454	1
sub-770_ses-wave2.nii.gz	V1	1	1.5495683	1
PT030_OpenNeuro_ds003745_sub-28.nii.gz	V1	1	1.5496151	1
012_S_4643_I1166752.nii.gz	V1	1	1.5496254	1
PT030_OpenNeuro_ds000220_sub-01.nii.gz	V1	1	1.5496336	1
sub-785585128108.nii.gz	V1	1	1.5496451	1
AOMIC-PIOP1_sub-0045_T1w.nii.gz	V1	1	1.5496526	1
AOMIC-PIOP1_sub-0042_T1w.nii.gz	V1	1	1.549702	1
PT030_OpenNeuro_ds004795_sub-109.nii.gz	V1	1	1.5497735	1
007_S_6255_I1325568.nii.gz	V1	1	1.549799	1
AOMIC-PIOP1_sub-0069_T1w.nii.gz	V1	1	1.5498277	1
AOMIC-PIOP1_sub-0108_T1w.nii.gz	V1	1	1.5498327	1
012_S_4643_I914397.nii.gz	V1	1	1.5498673	1
sub-OAS30456_ses-d0476_run-02.nii.gz	V1	1	1.5499057	1
PT030_OpenNeuro_ds005374_sub-02.nii.gz	V1	1	1.5499079	1
sub-509770945531.nii.gz	V1	1	1.5499204	1
068_S_4340_I892747.nii.gz	V1	1	1.549948	1
sub-OAS30969_ses-d1345_run-02.nii.gz	V1	1	1.5499667	1
041_S_4037_I873879.nii.gz	V1	1	1.5500042	1
sub-411371553282.nii.gz	V1	1	1.5500193	1
PT030_OpenNeuro_ds002886_sub-21.nii.gz	V1	1	1.5500278	1
AOMIC-PIOP1_sub-0043_T1w.nii.gz	V1	1	1.5500579	1
PT002_Nigerian_Clinical_sub-15.nii.gz	V1	1	1.5500797	1
sub-326361078662.nii.gz	V1	1	1.5500805	1
sub-OAS30494_ses-d4030.nii.gz	V1	1	1.5501207	1
sub-800520411823.nii.gz	V1	1	1.5501552	1
PT030_OpenNeuro_ds004711_sub-162.nii.gz	V1	1	1.5501772	1
AOMIC-PIOP1_sub-0062_T1w.nii.gz	V1	1	1.5501928	1
sub-ON52992.nii.gz	V1	1	1.5502098	1
PT030_OpenNeuro_ds005366_sub-005.nii.gz	V1	1	1.5502157	1
sub-OAS31000_ses-d0072.nii.gz	V1	1	1.5502532	1
sub-573188297121.nii.gz	V1	1	1.550254	1
PT030_OpenNeuro_ds000101_sub-18.nii.gz	V1	1	1.550258	1
sub-OAS30369_ses-d4058_run-02.nii.gz	V1	1	1.5502865	1
sub-209571211775.nii.gz	V1	1	1.5502981	1
PT030_OpenNeuro_ds005366_sub-114.nii.gz	V1	1	1.5504136	1
PT030_OpenNeuro_ds004636_sub-106.nii.gz	V1	1	1.5504224	1
AOMIC-PIOP1_sub-0056_T1w.nii.gz	V1	1	1.5504502	1
sub-OAS30208_ses-d0436.nii.gz	V1	1	1.5504608	1
sub-513432871555.nii.gz	V1	1	1.5504619	1
sub-986662453858.nii.gz	V1	1	1.5504633	1
sub-345201265289.nii.gz	V1	1	1.5505008	1
sub-237021285455.nii.gz	V1	1	1.5505365	1
141_S_0767_I845577.nii.gz	V1	1	1.5505698	1
sub-OAS30280_ses-d0085_run-02.nii.gz	V1	1	1.5505809	1
PT030_OpenNeuro_ds005366_sub-112.nii.gz	V1	1	1.5506396	1
041_S_6192_I959644.nii.gz	V1	1	1.5506548	1
sub-ON70467.nii.gz	V1	1	1.5507165	1
sub-ON93222.nii.gz	V1	1	1.5507338	1
sub-ON02747.nii.gz	V1	1	1.5507451	1
sub-285323240502.nii.gz	V1	1	1.550765	1
sub-OAS30710_ses-d1179.nii.gz	V1	1	1.5507697	1
PT030_OpenNeuro_ds000245_sub-10.nii.gz	V1	1	1.5507948	1
sub-392003255317.nii.gz	V1	1	1.5508051	1
PT030_OpenNeuro_ds004892_sub-07.nii.gz	V1	1	1.5508112	1
sub-CC721585.nii.gz	V1	1	1.5508127	1
sub-OAS30473_ses-d0385_run-01.nii.gz	V1	1	1.550819	1
116_S_6129_I944155.nii.gz	V1	1	1.5508292	1
sub-3212_ses-wave1.nii.gz	V1	1	1.5508317	1
PT030_OpenNeuro_ds005581_sub-18.nii.gz	V1	1	1.5508919	1
sub-280829663174.nii.gz	V1	1	1.550988	1
PT030_OpenNeuro_ds005684_sub-05.nii.gz	V1	1	1.5510466	1
sub-ON63221.nii.gz	V1	1	1.5510602	1
PT030_OpenNeuro_ds004631_sub-22.nii.gz	V1	1	1.5510986	1
sub-OAS30028_ses-d0043_run-02.nii.gz	V1	1	1.5511664	1
AOMIC-PIOP1_sub-0068_T1w.nii.gz	V1	1	1.5511757	1
AOMIC-PIOP1_sub-0060_T1w.nii.gz	V1	1	1.5512176	1
sub-ON95214.nii.gz	V1	1	1.5512365	1
PT030_OpenNeuro_ds004996_sub-04.nii.gz	V1	1	1.5512546	1
AOMIC-PIOP1_sub-0049_T1w.nii.gz	V1	1	1.5512702	1
sub-445357467271.nii.gz	V1	1	1.5512853	1
sub-OAS30489_ses-d0012_run-02.nii.gz	V1	1	1.5513399	1
sub-OAS30905_ses-d0154_run-02.nii.gz	V1	1	1.5513512	1
sub-CC723197.nii.gz	V1	1	1.551393	1
sub-833933618360.nii.gz	V1	1	1.5514609	1
PT030_OpenNeuro_ds005752_sub-107.nii.gz	V1	1	1.5515743	1
sub-OAS30814_ses-d0144_run-01.nii.gz	V1	1	1.5516208	1
sub-OAS30164_ses-d0233_run-01.nii.gz	V1	1	1.5517162	1
sub-ON87642.nii.gz	V1	1	1.5517484	1
sub-OAS30173_ses-d1188_run-02.nii.gz	V1	1	1.5517498	1
PT030_OpenNeuro_ds003453_sub-35.nii.gz	V1	1	1.5517559	1
127_S_4604_I882274.nii.gz	V1	1	1.551762	1
PT030_OpenNeuro_ds003592_sub-215.nii.gz	V1	1	1.5517642	1
PT036_Yale_HighRes_sub-060.nii.gz	V1	1	1.5517665	1
sub-924333698510.nii.gz	V1	1	1.551772	1
PT030_OpenNeuro_ds004604_sub-48.nii.gz	V1	1	1.5517771	1
sub-OAS31045_ses-d1901_run-02.nii.gz	V1	1	1.5517871	1
PT030_OpenNeuro_ds004312_sub-09.nii.gz	V1	1	1.5517877	1
sub-461077221741.nii.gz	V1	1	1.5518258	1
041_S_4037_I873878.nii.gz	V1	1	1.5518687	1
116_S_4855_I977141.nii.gz	V1	1	1.5518776	1
sub-OAS30580_ses-d0032_run-01.nii.gz	V1	1	1.551923	1
sub-604_ses-wave1.nii.gz	V1	1	1.5519747	1
sub-731383185695.nii.gz	V1	1	1.5520576	1
127_S_6357_I1025037.nii.gz	V1	1	1.5521245	1
sub-561225919354.nii.gz	V1	1	1.5521319	1
sub-794966343659.nii.gz	V1	1	1.5521399	1
116_S_4855_I977139.nii.gz	V1	1	1.552152	1
sub-ON87743.nii.gz	V1	1	1.5521588	1
sub-ON76525.nii.gz	V1	1	1.552185	1
sub-376809096242.nii.gz	V1	1	1.5521902	1
sub-OAS30320_ses-d0136_run-01.nii.gz	V1	1	1.5522076	1
PT030_OpenNeuro_ds006131_sub-11.nii.gz	V1	1	1.5522081	1
sub-OAS30406_ses-d0084_run-01.nii.gz	V1	1	1.5522115	1
sub-OAS30542_ses-d0489_run-02.nii.gz	V1	1	1.5522462	1
sub-OAS30378_ses-d0204_run-01.nii.gz	V1	1	1.5523591	1
PT030_OpenNeuro_ds005752_sub-229.nii.gz	V1	1	1.5524138	1
sub-OAS30411_ses-d1227_run-02.nii.gz	V1	1	1.5524292	1
AOMIC-PIOP1_sub-0079_T1w.nii.gz	V1	1	1.5524341	1
AOMIC-PIOP2_sub-0005_T1w.nii.gz	V1	1	1.552453	1
sub-OAS30603_ses-d0811.nii.gz	V1	1	1.5524775	1
sub-241739908307.nii.gz	V1	1	1.5525038	1
PT030_OpenNeuro_ds003592_sub-224.nii.gz	V1	1	1.5525085	1
sub-885871908832.nii.gz	V1	1	1.5525302	1
PT030_OpenNeuro_ds003592_sub-226.nii.gz	V1	1	1.552532	1
941_S_6575_I1045984.nii.gz	V1	1	1.5525392	1
sub-487875238077.nii.gz	V1	1	1.552557	1
116_S_4855_I1123764.nii.gz	V1	1	1.5525738	1
023_S_1190_I1135165.nii.gz	V1	1	1.5525793	1
PT030_OpenNeuro_ds005050_sub-17.nii.gz	V1	1	1.5525798	1
JUK_sub-105.nii.gz	V1	1	1.5525835	1
PT030_OpenNeuro_ds005892_sub-51.nii.gz	V1	1	1.55262	1
sub-1247_ses-wave1.nii.gz	V1	1	1.5526835	1
014_S_6424_I1037395.nii.gz	V1	1	1.5527179	1
sub-494149399145.nii.gz	V1	1	1.5527322	1
116_S_4043_I969403.nii.gz	V1	1	1.5528452	1
sub-ON48925.nii.gz	V1	1	1.5529076	1
CP0003.nii.gz	V1	1	1.5529089	1
sub-OAS30904_ses-d1304_run-02.nii.gz	V1	1	1.5529112	1
sub-OAS30033_ses-d0133_run-02.nii.gz	V1	1	1.5529523	1
PT030_OpenNeuro_ds005405_sub-075.nii.gz	V1	1	1.5529565	1
141_S_6416_I1018186.nii.gz	V1	1	1.5529822	1
sub-574606430986.nii.gz	V1	1	1.5530186	1
PT030_OpenNeuro_ds004513_sub-08.nii.gz	V1	1	1.5530312	1
sub-418353205823.nii.gz	V1	1	1.5530533	1
sub-OAS30907_ses-d0084_run-02.nii.gz	V1	1	1.5531304	1
sub-543380072448.nii.gz	V1	1	1.5531442	1
sub-OAS31090_ses-d0353_run-02.nii.gz	V1	1	1.5531583	1
sub-OAS30717_ses-d0039_run-03.nii.gz	V1	1	1.5531818	1
sub-ON75450.nii.gz	V1	1	1.5531964	1
PT030_OpenNeuro_ds004482_sub-07.nii.gz	V1	1	1.5532254	1
sub-324167023501.nii.gz	V1	1	1.5532341	1
sub-OAS31093_ses-d0063_run-01.nii.gz	V1	1	1.5532936	1
023_S_6374_I1002815.nii.gz	V1	1	1.5532978	1
sub-OAS30057_ses-d0075.nii.gz	V1	1	1.5533074	1
sub-198639009666.nii.gz	V1	1	1.5533088	1
PT030_OpenNeuro_ds002872_sub-08.nii.gz	V1	1	1.5533164	1
sub-OAS30185_ses-d4551.nii.gz	V1	1	1.553352	1
116_S_4453_I1280797.nii.gz	V1	1	1.5533525	1
sub-OAS30517_ses-d0072_run-01.nii.gz	V1	1	1.5533888	1
003_S_4119_I1514449.nii.gz	V1	1	1.5534096	1
sub-140105537115.nii.gz	V1	1	1.5534166	1
130_S_4352_I1175083.nii.gz	V1	1	1.5534474	1
sub-OAS30536_ses-d2552_run-01.nii.gz	V1	1	1.5534679	1
sub-OAS30036_ses-d0059.nii.gz	V1	1	1.5534872	1
sub-3211_ses-wave3.nii.gz	V1	1	1.5535383	1
sub-OAS30490_ses-d0412_run-01.nii.gz	V1	1	1.553554	1
sub-140330630373.nii.gz	V1	1	1.5535706	1
AOMIC-PIOP1_sub-0013_T1w.nii.gz	V1	1	1.5536005	1
PT030_OpenNeuro_ds005405_sub-074.nii.gz	V1	1	1.553616	1
sub-ON08792.nii.gz	V1	1	1.5536231	1
sub-ON96522.nii.gz	V1	1	1.5536332	1
PT030_OpenNeuro_ds000218_sub-12.nii.gz	V1	1	1.5536587	1
PT030_OpenNeuro_ds001486_sub-025.nii.gz	V1	1	1.5536709	1
PT030_OpenNeuro_ds005366_sub-014.nii.gz	V1	1	1.5536892	1
sub-OAS31255_sess-d0100.nii.gz	V1	1	1.5536941	1
014_S_6502_I1037418.nii.gz	V1	1	1.5537581	1
PT030_OpenNeuro_ds005237_sub-179.nii.gz	V1	1	1.5537771	1
sub-311225423865.nii.gz	V1	1	1.553779	1
sub-ON65733.nii.gz	V1	1	1.553782	1
sub-OAS30040_ses-d4230_run-01.nii.gz	V1	1	1.5537914	1
PT036_Yale_HighRes_sub-026.nii.gz	V1	1	1.553793	1
127_S_6203_I1331870.nii.gz	V1	1	1.5538107	1
PT030_OpenNeuro_ds002837_sub-13.nii.gz	V1	1	1.5538427	1
PT030_OpenNeuro_ds005899_sub-49.nii.gz	V1	1	1.5538651	1
082_S_4224_I1175748.nii.gz	V1	1	1.5538846	1
sub-OAS30681_ses-d0141.nii.gz	V1	1	1.5538877	1
PT030_OpenNeuro_ds003592_sub-228.nii.gz	V1	1	1.5539215	1
sub-488302703346.nii.gz	V1	1	1.5539621	1
116_S_4043_I969402.nii.gz	V1	1	1.5539892	1
sub-OAS30432_ses-d0100.nii.gz	V1	1	1.5539997	1
082_S_6287_I998048.nii.gz	V1	1	1.5540144	1
116_S_6119_I957995.nii.gz	V1	1	1.5540571	1
sub-925503805331.nii.gz	V1	1	1.5540683	1
sub-OAS30550_ses-d0070.nii.gz	V1	1	1.5540719	1
AOMIC-PIOP1_sub-0071_T1w.nii.gz	V1	1	1.5540946	1
053_S_4578_I1423985.nii.gz	V1	1	1.554112	1
sub-335409753642.nii.gz	V1	1	1.5541209	1
007_S_1222_I1291745.nii.gz	V1	1	1.5541399	1
sub-372353765912.nii.gz	V1	1	1.554157	1
sub-OAS30535_ses-d0139_run-01.nii.gz	V1	1	1.5541602	1
AOMIC-PIOP2_sub-0188_T1w.nii.gz	V1	1	1.5541703	1
sub-OAS30405_ses-d0079_run-01.nii.gz	V1	1	1.5541854	1
sub-OAS30280_ses-d0085_run-01.nii.gz	V1	1	1.5541975	1
PT030_OpenNeuro_ds003592_sub-211.nii.gz	V1	1	1.554206	1
PT030_OpenNeuro_ds005126_sub-30.nii.gz	V1	1	1.5542424	1
PT030_OpenNeuro_ds005752_sub-040.nii.gz	V1	1	1.5542431	1
PT030_OpenNeuro_ds005366_sub-079.nii.gz	V1	1	1.5542536	1
sub-616515819656.nii.gz	V1	1	1.554307	1
041_S_6314_I989129.nii.gz	V1	1	1.5544108	1
sub-2054_ses-wave1.nii.gz	V1	1	1.5544275	1
PT030_OpenNeuro_ds003381_sub-21.nii.gz	V1	1	1.5544282	1
sub-1656_ses-wave2.nii.gz	V1	1	1.554457	1
PT030_OpenNeuro_ds005366_sub-075.nii.gz	V1	1	1.5544722	1
sub-ON09681.nii.gz	V1	1	1.554487	1
PT030_OpenNeuro_ds006444_sub-03.nii.gz	V1	1	1.5545121	1
sub-OAS30222_ses-d1000_run-02.nii.gz	V1	1	1.5545244	1
135_S_4598_I1471033.nii.gz	V1	1	1.5545275	1
sub-OAS30921_ses-d1141_run-02.nii.gz	V1	1	1.5545355	1
sub-443884348394.nii.gz	V1	1	1.5546168	1
PT030_OpenNeuro_ds001299_sub-06.nii.gz	V1	1	1.5546738	1
AOMIC-PIOP1_sub-0125_T1w.nii.gz	V1	1	1.5546844	1
sub-ON96353.nii.gz	V1	1	1.5547363	1
067_S_6443_I1011216.nii.gz	V1	1	1.554776	1
sub-865463279252.nii.gz	V1	1	1.5547858	1
sub-992939872393.nii.gz	V1	1	1.5547992	1
sub-914841201324.nii.gz	V1	1	1.5548743	1
PT030_OpenNeuro_ds005752_sub-068.nii.gz	V1	1	1.5549132	1
sub-406442518076.nii.gz	V1	1	1.5549679	1
PT030_OpenNeuro_ds002837_sub-25.nii.gz	V1	1	1.5550076	1
PT030_OpenNeuro_ds005366_sub-051.nii.gz	V1	1	1.5550116	1
sub-ON52083.nii.gz	V1	1	1.5550249	1
sub-545998333506.nii.gz	V1	1	1.5550494	1
AOMIC-PIOP1_sub-0144_T1w.nii.gz	V1	1	1.5550522	1
PT030_OpenNeuro_ds004636_sub-030.nii.gz	V1	1	1.5550553	1
123_S_6118_I927419.nii.gz	V1	1	1.5550917	1
sub-OAS30574_ses-d0918.nii.gz	V1	1	1.5551007	1
114_S_6524_I1387553.nii.gz	V1	1	1.5551423	1
sub-ON88512.nii.gz	V1	1	1.5552148	1
014_S_7072_I1591455.nii.gz	V1	1	1.5552675	1
sub-481338540032.nii.gz	V1	1	1.5552995	1
AOMIC-PIOP1_sub-0146_T1w.nii.gz	V1	1	1.5553049	1
035_S_6200_I1294355.nii.gz	V1	1	1.5553311	1
PT030_OpenNeuro_ds004499_sub-02.nii.gz	V1	1	1.5553343	1
016_S_4952_I1172863.nii.gz	V1	1	1.5553653	1
sub-OAS30580_ses-d0032_run-02.nii.gz	V1	1	1.5553987	1
PT030_OpenNeuro_ds002643_sub-29.nii.gz	V1	1	1.5554332	1
100_S_6578_I1052843.nii.gz	V1	1	1.5554515	1
PT030_OpenNeuro_ds005366_sub-097.nii.gz	V1	1	1.5555271	1
003_S_4350_I1252848.nii.gz	V1	1	1.5555338	1
PT030_OpenNeuro_ds003643_sub-111.nii.gz	V1	1	1.5555384	1
070_S_4856_I983798.nii.gz	V1	1	1.5555648	1
sub-ON82386.nii.gz	V1	1	1.5556166	1
sub-418545560694.nii.gz	V1	1	1.5556176	1
sub-OAS31337_sess-d0032.nii.gz	V1	1	1.5557512	1
070_S_4856_I983797.nii.gz	V1	1	1.5557526	1
sub-OAS31448_sess-d0137.nii.gz	V1	1	1.5557656	1
PT030_OpenNeuro_ds005366_sub-119.nii.gz	V1	1	1.5557866	1
130_S_6372_I1001329.nii.gz	V1	1	1.5557895	1
PT030_OpenNeuro_ds002837_sub-41.nii.gz	V1	1	1.5558045	1
sub-295441371216.nii.gz	V1	1	1.555807	1
PT030_OpenNeuro_ds006092_sub-17.nii.gz	V1	1	1.555825	1
PT030_OpenNeuro_ds005498_sub-095.nii.gz	V1	1	1.5558392	1
168_S_6062_I1280182.nii.gz	V1	1	1.5558501	1
116_S_4453_I958093.nii.gz	V1	1	1.5559156	1
sub-OAS30138_sess-d0074.nii.gz	V1	1	1.5559175	1
sub-210286147525.nii.gz	V1	1	1.5559227	1
sub-OAS30535_ses-d0139_run-02.nii.gz	V1	1	1.5559344	1
014_S_6424_I1037394.nii.gz	V1	1	1.5559428	1
sub-OAS30040_ses-d4230_run-02.nii.gz	V1	1	1.5559478	1
sub-ON01802.nii.gz	V1	1	1.5559609	1
021_S_6910_I1417316.nii.gz	V1	1	1.555967	1
AOMIC-PIOP1_sub-0070_T1w.nii.gz	V1	1	1.555974	1
sub-ON28693.nii.gz	V1	1	1.5560193	1
JUK_sub-28.nii.gz	V1	1	1.5560197	1
AOMIC-PIOP1_sub-0029_T1w.nii.gz	V1	1	1.5560608	1
PT030_OpenNeuro_ds005234_sub-18.nii.gz	V1	1	1.5561402	1
PT030_OpenNeuro_ds003592_sub-223.nii.gz	V1	1	1.5561814	1
sub-OAS30211_ses-d0046.nii.gz	V1	1	1.5562104	1
sub-OAS31114_ses-d1442_run-01.nii.gz	V1	1	1.5562154	1
PT030_OpenNeuro_ds002748_sub-71.nii.gz	V1	1	1.5562433	1
127_S_6348_I1346777.nii.gz	V1	1	1.5562966	1
sub-OAS30456_ses-d0476_run-01.nii.gz	V1	1	1.5562979	1
sub-OAS30378_ses-d0204_run-02.nii.gz	V1	1	1.5563228	1
sub-ON33159.nii.gz	V1	1	1.5563316	1
AOMIC-PIOP1_sub-0015_T1w.nii.gz	V1	1	1.5563402	1
AOMIC-PIOP1_sub-0121_T1w.nii.gz	V1	1	1.5563513	1
sub-615511318906.nii.gz	V1	1	1.5563513	1
sub-524609168470.nii.gz	V1	1	1.556366	1
sub-ON87725.nii.gz	V1	1	1.5563682	1
sub-4869_ses-wave1.nii.gz	V1	1	1.5564675	1
PT030_OpenNeuro_ds004440_sub-20.nii.gz	V1	1	1.5564698	1
sub-ON77753.nii.gz	V1	1	1.5564864	1
sub-596190685497.nii.gz	V1	1	1.5565153	1
sub-OAS30944_ses-d0089_run-02.nii.gz	V1	1	1.5565381	1
sub-OAS30963_ses-d1279_run-01.nii.gz	V1	1	1.5565677	1
JUK_sub-54.nii.gz	V1	1	1.5565886	1
sub-373122705602.nii.gz	V1	1	1.5566117	1
sub-CC721377.nii.gz	V1	1	1.5566134	1
sub-OAS31080_ses-d0183.nii.gz	V1	1	1.556644	1
141_S_6872_I1324187.nii.gz	V1	1	1.5567423	1
sub-347308296503.nii.gz	V1	1	1.5567576	1
sub-OAS30414_ses-d0030_run-01.nii.gz	V1	1	1.5567932	1
sub-OAS30499_ses-d0067_run-01.nii.gz	V1	1	1.5567955	1
082_S_6287_I998049.nii.gz	V1	1	1.5567973	1
021_S_6312_I1160387.nii.gz	V1	1	1.5568151	1
PT030_OpenNeuro_ds004934_sub-43.nii.gz	V1	1	1.5568725	1
067_S_7068_I1583750.nii.gz	V1	1	1.5568801	1
141_S_6423_I1018391.nii.gz	V1	1	1.556927	1
006_S_0498_I928366.nii.gz	V1	1	1.5569415	1
sub-4540_ses-wave1.nii.gz	V1	1	1.5569433	1
PT030_OpenNeuro_ds002837_sub-76.nii.gz	V1	1	1.5569679	1
sub-OAS30969_ses-d1345_run-01.nii.gz	V1	1	1.5569737	1
sub-252_ses-wave1.nii.gz	V1	1	1.5569905	1
sub-641503012169.nii.gz	V1	1	1.557001	1
sub-700656025905.nii.gz	V1	1	1.5570198	1
sub-OAS30963_ses-d1279_run-02.nii.gz	V1	1	1.5570389	1
sub-271880337764.nii.gz	V1	1	1.5570682	1
sub-OAS30492_ses-d0090.nii.gz	V1	1	1.5570879	1
sub-526119249037.nii.gz	V1	1	1.5571046	1
sub-OAS30478_ses-d3566_run-02.nii.gz	V1	1	1.5571173	1
PT030_OpenNeuro_ds004302_sub-01.nii.gz	V1	1	1.5571562	1
sub-OAS31286_sess-d0058.nii.gz	V1	1	1.5571774	1
sub-519256340478.nii.gz	V1	1	1.5572338	1
sub-OAS30258_ses-d0487_run-01.nii.gz	V1	1	1.5572733	1
sub-348545205066.nii.gz	V1	1	1.557332	1
PT030_OpenNeuro_ds003416_sub-13.nii.gz	V1	1	1.5573553	1
sub-447558225957.nii.gz	V1	1	1.5573583	1
sub-OAS30222_ses-d1000_run-01.nii.gz	V1	1	1.5573747	1
sub-OAS30173_ses-d1188_run-01.nii.gz	V1	1	1.5573806	1
sub-114950860875.nii.gz	V1	1	1.5573962	1
sub-539647283515.nii.gz	V1	1	1.5574124	1
PT030_OpenNeuro_ds003592_sub-216.nii.gz	V1	1	1.5574547	1
011_S_6418_I1009810.nii.gz	V1	1	1.557462	1
003_S_6959_I1456305.nii.gz	V1	1	1.5574945	1
082_S_6629_I1079629.nii.gz	V1	1	1.5575188	1
127_S_6024_I931614.nii.gz	V1	1	1.5575421	1
037_S_6974_I1478784.nii.gz	V1	1	1.5576221	1
sub-OAS30375_ses-d5792_run-01.nii.gz	V1	1	1.5576594	1
PT030_OpenNeuro_ds004711_sub-173.nii.gz	V1	1	1.5577143	1
PT030_OpenNeuro_ds002643_sub-50.nii.gz	V1	1	1.5577346	1
021_S_6312_I987823.nii.gz	V1	1	1.5577428	1
sub-ON37194.nii.gz	V1	1	1.5577433	1
sub-ON87777.nii.gz	V1	1	1.5578054	1
PT030_OpenNeuro_ds004928_sub-07.nii.gz	V1	1	1.5578091	1
PT030_OpenNeuro_ds006092_sub-28.nii.gz	V1	1	1.5578494	1
sub-OAS31127_ses-d2140.nii.gz	V1	1	1.5578718	1
PT036_Yale_HighRes_sub-031.nii.gz	V1	1	1.5578837	1
sub-OAS31151_ses-d0086_run-02.nii.gz	V1	1	1.5578945	1
035_S_6950_I1449497.nii.gz	V1	1	1.5579008	1
AOMIC-PIOP1_sub-0124_T1w.nii.gz	V1	1	1.5579019	1
sub-OAS30028_ses-d0043_run-01.nii.gz	V1	1	1.5579027	1
sub-601230696909.nii.gz	V1	1	1.5579188	1
sub-ON87538.nii.gz	V1	1	1.5579203	1
AOMIC-PIOP1_sub-0111_T1w.nii.gz	V1	1	1.5579325	1
PT030_OpenNeuro_ds002643_sub-04.nii.gz	V1	1	1.5579401	1
PT030_OpenNeuro_ds002886_sub-38.nii.gz	V1	1	1.5579927	1
sub-OAS30335_ses-d0693_run-02.nii.gz	V1	1	1.557995	1
sub-OAS31018_ses-d0041.nii.gz	V1	1	1.5580043	1
035_S_6200_I964917.nii.gz	V1	1	1.55806	1
020_S_6504_I1027631.nii.gz	V1	1	1.5581445	1
100_S_6164_I1285929.nii.gz	V1	1	1.5581465	1
PT030_OpenNeuro_ds004393_sub-12.nii.gz	V1	1	1.5582013	1
031_S_0618_I1229284.nii.gz	V1	1	1.5582161	1
sub-OAS31251_sess-d0197.nii.gz	V1	1	1.558249	1
AOMIC-PIOP1_sub-0031_T1w.nii.gz	V1	1	1.5583094	1
068_S_0473_I1267882.nii.gz	V1	1	1.5583922	1
sub-OAS30778_ses-d0510_run-01.nii.gz	V1	1	1.5583943	1
sub-OAS30717_ses-d0039_run-01.nii.gz	V1	1	1.5584005	1
023_S_1190_I1251421.nii.gz	V1	1	1.5584228	1
sub-ON05258.nii.gz	V1	1	1.5584475	1
114_S_6524_I1064839.nii.gz	V1	1	1.5584581	1
PT030_OpenNeuro_ds006105_sub-56.nii.gz	V1	1	1.5584607	1
PT036_Yale_HighRes_sub-089.nii.gz	V1	1	1.5584636	1
sub-4664_ses-wave2.nii.gz	V1	1	1.5584948	1
sub-811800470787.nii.gz	V1	1	1.5585084	1
sub-OAS31336_sess-d0176.nii.gz	V1	1	1.5585111	1
AOMIC-PIOP1_sub-0173_T1w.nii.gz	V1	1	1.5585173	1
sub-ON63704.nii.gz	V1	1	1.5585426	1
037_S_0303_I850396.nii.gz	V1	1	1.5585749	1
PT030_OpenNeuro_ds003763_sub-28.nii.gz	V1	1	1.5585852	1
PT030_OpenNeuro_ds002872_sub-14.nii.gz	V1	1	1.5585891	1
041_S_4427_I915902.nii.gz	V1	1	1.5586568	1
AOMIC-PIOP1_sub-0024_T1w.nii.gz	V1	1	1.5587767	1
AOMIC-PIOP1_sub-0012_T1w.nii.gz	V1	1	1.5587857	1
sub-854351385010.nii.gz	V1	1	1.558857	1
sub-OAS31133_ses-d0000_run-02.nii.gz	V1	1	1.5588875	1
116_S_6129_I944156.nii.gz	V1	1	1.558913	1
141_S_6589_I1072748.nii.gz	V1	1	1.5589304	1
AOMIC-PIOP1_sub-0090_T1w.nii.gz	V1	1	1.5589372	1
sub-1978_ses-wave1.nii.gz	V1	1	1.5589405	1
sub-OAS30797_ses-d1375_run-02.nii.gz	V1	1	1.558974	1
PT030_OpenNeuro_ds005892_sub-07.nii.gz	V1	1	1.5590028	1
sub-ON56250.nii.gz	V1	1	1.5590146	1
sub-826636241714.nii.gz	V1	1	1.559054	1
sub-OAS30372_ses-d3464.nii.gz	V1	1	1.5591037	1
007_S_6255_I1157071.nii.gz	V1	1	1.559113	1
sub-1656_ses-wave1.nii.gz	V1	1	1.5591284	1
PT030_OpenNeuro_ds003831_sub-56.nii.gz	V1	1	1.5591447	1
sub-266666775428.nii.gz	V1	1	1.5591571	1
sub-754576729221.nii.gz	V1	1	1.559184	1
sub-565309523170.nii.gz	V1	1	1.5592115	1
sub-OAS31147_ses-d0147.nii.gz	V1	1	1.5592251	1
sub-OAS30634_ses-d0066.nii.gz	V1	1	1.559244	1
014_S_4576_I899473.nii.gz	V1	1	1.55925	1
sub-OAS30403_ses-d0091.nii.gz	V1	1	1.5592532	1
PT030_OpenNeuro_ds004873_sub-24.nii.gz	V1	1	1.5592631	1
CP0061.nii.gz	V1	1	1.5592645	1
sub-864521527320.nii.gz	V1	1	1.5593363	1
007_S_4620_I942907.nii.gz	V1	1	1.5593389	1
sub-OAS30402_ses-d1085.nii.gz	V1	1	1.5593507	1
sub-514812597461.nii.gz	V1	1	1.5594194	1
sub-779305323530.nii.gz	V1	1	1.559494	1
sub-4615_ses-wave2.nii.gz	V1	1	1.5594959	1
sub-965042495970.nii.gz	V1	1	1.5594965	1
sub-674820667498.nii.gz	V1	1	1.5594983	1
082_S_4428_I947588.nii.gz	V1	1	1.5595104	1
PT036_Yale_HighRes_sub-033.nii.gz	V1	1	1.559511	1
sub-866415490846.nii.gz	V1	1	1.559533	1
sub-705014140357.nii.gz	V1	1	1.5595447	1
PT030_OpenNeuro_ds003095_sub-08.nii.gz	V1	1	1.5595604	1
114_S_6429_I1391580.nii.gz	V1	1	1.5595868	1
PT030_OpenNeuro_ds005884_sub-19.nii.gz	V1	1	1.5595934	1
sub-OAS30719_ses-d1166_run-01.nii.gz	V1	1	1.5596062	1
PT030_OpenNeuro_ds001748_sub-34.nii.gz	V1	1	1.5596454	1
sub-705202087318.nii.gz	V1	1	1.5596496	1
sub-OAS30473_ses-d0385_run-02.nii.gz	V1	1	1.5596504	1
sub-OAS30499_ses-d0067_run-02.nii.gz	V1	1	1.5597162	1
PT030_OpenNeuro_ds003465_sub-55.nii.gz	V1	1	1.5597165	1
sub-ON42107.nii.gz	V1	1	1.5598546	1
JUK_sub-81.nii.gz	V1	1	1.5598596	1
sub-353024213943.nii.gz	V1	1	1.559886	1
sub-OAS31103_ses-d1829_run-02.nii.gz	V1	1	1.5598985	1
sub-718994616498.nii.gz	V1	1	1.5599539	1
sub-OAS30813_ses-d0138.nii.gz	V1	1	1.5599924	1
sub-OAS30656_ses-d1638.nii.gz	V1	1	1.5599948	1
sub-141283734820.nii.gz	V1	1	1.5601295	1
023_S_6374_I1589927.nii.gz	V1	1	1.5601364	1
sub-ON74320.nii.gz	V1	1	1.5601574	1
PT030_OpenNeuro_ds005752_sub-169.nii.gz	V1	1	1.5602517	1
PT030_OpenNeuro_ds001748_sub-27.nii.gz	V1	1	1.5602784	1
sub-ON65412.nii.gz	V1	1	1.5603179	1
sub-OAS30382_ses-d1199.nii.gz	V1	1	1.5603778	1
sub-793544068287.nii.gz	V1	1	1.5604057	1
sub-502907007823.nii.gz	V1	1	1.5604646	1
sub-CC711244.nii.gz	V1	1	1.560579	1
sub-116602902372.nii.gz	V1	1	1.5606068	1
sub-217201093508.nii.gz	V1	1	1.5606344	1
PT030_OpenNeuro_ds004173_sub-008.nii.gz	V1	1	1.5606433	1
sub-OAS30134_sess-d2927.nii.gz	V1	1	1.5606467	1
sub-568253876124.nii.gz	V1	1	1.5606623	1
sub-184796333025.nii.gz	V1	1	1.5606699	1
sub-OAS30146_ses-d0272_run-01.nii.gz	V1	1	1.5607195	1
PT030_OpenNeuro_ds004725_sub-60.nii.gz	V1	1	1.5607222	1
sub-714454703838.nii.gz	V1	1	1.5607358	1
PT030_OpenNeuro_ds004128_sub-11.nii.gz	V1	1	1.5607977	1
AOMIC-PIOP1_sub-0145_T1w.nii.gz	V1	1	1.5608131	1
sub-OAS31378_sess-d0196.nii.gz	V1	1	1.5608203	1
sub-120297106086.nii.gz	V1	1	1.5608246	1
sub-OAS30967_ses-d0098_run-01.nii.gz	V1	1	1.5608846	1
sub-49_ses-wave1.nii.gz	V1	1	1.5608929	1
014_S_4576_I1555595.nii.gz	V1	1	1.5608975	1
AOMIC-PIOP1_sub-0037_T1w.nii.gz	V1	1	1.5608993	1
PT030_OpenNeuro_ds000254_sub-04.nii.gz	V1	1	1.5609016	1
PT030_OpenNeuro_ds002837_sub-57.nii.gz	V1	1	1.5609279	1
sub-OAS30719_ses-d1166_run-02.nii.gz	V1	1	1.5610251	1
sub-ON96530.nii.gz	V1	1	1.561034	1
PT030_OpenNeuro_ds006179_sub-09.nii.gz	V1	1	1.5610495	1
082_S_4224_I1175747.nii.gz	V1	1	1.5610499	1
AOMIC-PIOP1_sub-0010_T1w.nii.gz	V1	1	1.5610603	1
PT030_OpenNeuro_ds005374_sub-17.nii.gz	V1	1	1.561115	1
sub-492_ses-wave2.nii.gz	V1	1	1.5611188	1
PT030_OpenNeuro_ds004711_sub-059.nii.gz	V1	1	1.5612011	1
sub-OAS30149_ses-d0051.nii.gz	V1	1	1.5612074	1
sub-OAS30754_sess-d0019_run-02.nii.gz	V1	1	1.5612108	1
sub-OAS30933_ses-d0052_run-02.nii.gz	V1	1	1.5612291	1
sub-OAS30769_ses-d0039_run-02.nii.gz	V1	1	1.5612651	1
AOMIC-PIOP1_sub-0073_T1w.nii.gz	V1	1	1.561266	1
sub-461514597819.nii.gz	V1	1	1.5613214	1
sub-969931025667.nii.gz	V1	1	1.5613223	1
sub-OAS31297_sess-d0035.nii.gz	V1	1	1.5613744	1
sub-OAS30257_ses-d0610_run-02.nii.gz	V1	1	1.5614144	1
PT030_OpenNeuro_ds005884_sub-13.nii.gz	V1	1	1.5614245	1
PT030_OpenNeuro_ds005405_sub-100.nii.gz	V1	1	1.5614319	1
sub-462250796215.nii.gz	V1	1	1.561473	1
PT030_OpenNeuro_ds004725_sub-80.nii.gz	V1	1	1.561475	1
sub-801429143696.nii.gz	V1	1	1.5614835	1
sub-OAS30921_ses-d1141_run-01.nii.gz	V1	1	1.5615162	1
AOMIC-PIOP1_sub-0216_T1w.nii.gz	V1	1	1.5615499	1
PT030_OpenNeuro_ds003592_sub-229.nii.gz	V1	1	1.5615536	1
sub-564557955687.nii.gz	V1	1	1.5615541	1
sub-OAS30097_ses-d2551.nii.gz	V1	1	1.5615654	1
PT030_OpenNeuro_ds006179_sub-07.nii.gz	V1	1	1.5615743	1
PT036_Yale_HighRes_sub-128.nii.gz	V1	1	1.561598	1
sub-ON39384.nii.gz	V1	1	1.5615993	1
041_S_6159_I1274602.nii.gz	V1	1	1.561603	1
PT030_OpenNeuro_ds004725_sub-56.nii.gz	V1	1	1.561604	1
PT030_OpenNeuro_ds002006_sub-19.nii.gz	V1	1	1.5616375	1
PT030_OpenNeuro_ds004393_sub-18.nii.gz	V1	1	1.5616635	1
PT030_OpenNeuro_ds002797_sub-08.nii.gz	V1	1	1.5616914	1
sub-3319_ses-wave2.nii.gz	V1	1	1.5616962	1
PT030_OpenNeuro_ds003639_sub-07.nii.gz	V1	1	1.5617571	1
PT030_OpenNeuro_ds003592_sub-232.nii.gz	V1	1	1.5618386	1
sub-127129724976.nii.gz	V1	1	1.5618676	1
sub-CC721107.nii.gz	V1	1	1.56189	1
JUK_sub-145.nii.gz	V1	1	1.561961	1
PT030_OpenNeuro_ds004873_sub-54.nii.gz	V1	1	1.5619711	1
sub-OAS30164_ses-d0233_run-02.nii.gz	V1	1	1.5620486	1
sub-OAS31231_sess-d0035.nii.gz	V1	1	1.562049	1
sub-OAS30907_ses-d0084_run-01.nii.gz	V1	1	1.5620564	1
sub-346545954848.nii.gz	V1	1	1.5620648	1
PT030_OpenNeuro_ds004006_sub-26.nii.gz	V1	1	1.5620794	1
123_S_0072_I922176.nii.gz	V1	1	1.5620979	1
sub-OAS30872_ses-d1285_run-01.nii.gz	V1	1	1.5621003	1
PT030_OpenNeuro_ds004128_sub-16.nii.gz	V1	1	1.5621563	1
037_S_6951_I1488791.nii.gz	V1	1	1.5621624	1
sub-OAS30132_ses-d0063_run-01.nii.gz	V1	1	1.5621862	1
AOMIC-PIOP1_sub-0112_T1w.nii.gz	V1	1	1.5621912	1
PT030_OpenNeuro_ds005366_sub-087.nii.gz	V1	1	1.5622793	1
PT030_OpenNeuro_ds005374_sub-15.nii.gz	V1	1	1.5623958	1
AOMIC-PIOP1_sub-0114_T1w.nii.gz	V1	1	1.5624274	1
sub-213442744017.nii.gz	V1	1	1.562472	1
007_S_6310_I1327191.nii.gz	V1	1	1.5624863	1
JUK_sub-07.nii.gz	V1	1	1.5624926	1
022_S_6797_I1220921.nii.gz	V1	1	1.5625324	1
PT030_OpenNeuro_ds005366_sub-107.nii.gz	V1	1	1.5625564	1
sub-427477880682.nii.gz	V1	1	1.562562	1
141_S_6589_I1072741.nii.gz	V1	1	1.5625912	1
941_S_4365_I1043570.nii.gz	V1	1	1.5626079	1
007_S_4620_I1084935.nii.gz	V1	1	1.56261	1
PT030_OpenNeuro_ds006092_sub-41.nii.gz	V1	1	1.5626291	1
sub-OAS31247_sess-d0110.nii.gz	V1	1	1.5626379	1
sub-935814932779.nii.gz	V1	1	1.5626422	1
CP0192.nii.gz	V1	1	1.5626694	1
PT030_OpenNeuro_ds005009_sub-07.nii.gz	V1	1	1.562674	1
013_S_4580_I1485595.nii.gz	V1	1	1.5626762	1
073_S_6925_I1469814.nii.gz	V1	1	1.5626953	1
PT030_OpenNeuro_ds003568_sub-40.nii.gz	V1	1	1.5627064	1
sub-OAS30687_ses-d0064_run-02.nii.gz	V1	1	1.5627259	1
sub-480168790227.nii.gz	V1	1	1.5627556	1
PT030_OpenNeuro_ds006395_sub-01.nii.gz	V1	1	1.5627643	1
PT030_OpenNeuro_ds002837_sub-30.nii.gz	V1	1	1.5627985	1
PT030_OpenNeuro_ds003831_sub-36.nii.gz	V1	1	1.5628221	1
sub-OAS30553_ses-d0216_run-02.nii.gz	V1	1	1.5628314	1
032_S_6293_I1193770.nii.gz	V1	1	1.5628678	1
sub-OAS30572_ses-d1156.nii.gz	V1	1	1.562882	1
sub-138111937707.nii.gz	V1	1	1.5628866	1
sub-OAS30375_ses-d5792_run-02.nii.gz	V1	1	1.5628903	1
PT030_OpenNeuro_ds005366_sub-056.nii.gz	V1	1	1.5629042	1
PT030_OpenNeuro_ds000254_sub-07.nii.gz	V1	1	1.5629152	1
PT030_OpenNeuro_ds004873_sub-28.nii.gz	V1	1	1.5629171	1
PT030_OpenNeuro_ds005752_sub-142.nii.gz	V1	1	1.5629343	1
sub-510407668762.nii.gz	V1	1	1.562963	1
sub-CC620919.nii.gz	V1	1	1.5629634	1
sub-2093_ses-wave1.nii.gz	V1	1	1.5629678	1
sub-934881118276.nii.gz	V1	1	1.5630199	1
sub-CC710429.nii.gz	V1	1	1.5630411	1
041_S_4427_I1243833.nii.gz	V1	1	1.5630586	1
sub-110_ses-wave1.nii.gz	V1	1	1.5630972	1
sub-2068_ses-wave2.nii.gz	V1	1	1.5631118	1
sub-371096451080.nii.gz	V1	1	1.5631297	1
PT030_OpenNeuro_ds005899_sub-48.nii.gz	V1	1	1.5631552	1
PT030_OpenNeuro_ds004996_sub-03.nii.gz	V1	1	1.5633084	1
PT030_OpenNeuro_ds001894_sub-087.nii.gz	V1	1	1.5633245	1
sub-OAS30559_ses-d0431_run-01.nii.gz	V1	1	1.5633396	1
sub-901679307794.nii.gz	V1	1	1.5633996	1
sub-ON21959.nii.gz	V1	1	1.5634224	1
sub-383134182753.nii.gz	V1	1	1.5634438	1
sub-ON61373.nii.gz	V1	1	1.5635061	1
sub-ON48984.nii.gz	V1	1	1.5635165	1
PT030_OpenNeuro_ds005234_sub-39.nii.gz	V1	1	1.5635602	1
sub-OAS30369_ses-d4058_run-01.nii.gz	V1	1	1.5636027	1
AOMIC-PIOP1_sub-0091_T1w.nii.gz	V1	1	1.5636158	1
PT030_OpenNeuro_ds005405_sub-088.nii.gz	V1	1	1.5636218	1
AOMIC-PIOP1_sub-0081_T1w.nii.gz	V1	1	1.5636308	1
PT030_OpenNeuro_ds005366_sub-115.nii.gz	V1	1	1.5636433	1
007_S_6455_I1344288.nii.gz	V1	1	1.5636743	1
PT030_OpenNeuro_ds000228_sub-008.nii.gz	V1	1	1.5637395	1
sub-669938223438.nii.gz	V1	1	1.5637864	1
CP0004.nii.gz	V1	1	1.5637982	1
116_S_6119_I957994.nii.gz	V1	1	1.563805	1
AOMIC-PIOP1_sub-0140_T1w.nii.gz	V1	1	1.5638268	1
114_S_6813_I1516264.nii.gz	V1	1	1.563966	1
116_S_4855_I1304067.nii.gz	V1	1	1.56398	1
sub-OAS30387_ses-d0616_run-02.nii.gz	V1	1	1.5639876	1
sub-461789283926.nii.gz	V1	1	1.5639905	1
PT030_OpenNeuro_ds003453_sub-01.nii.gz	V1	1	1.5639954	1
sub-375839754407.nii.gz	V1	1	1.5640128	1
PT030_OpenNeuro_ds004302_sub-05.nii.gz	V1	1	1.5640676	1
sub-456312815950.nii.gz	V1	1	1.5640687	1
AOMIC-PIOP1_sub-0160_T1w.nii.gz	V1	1	1.5640805	1
PT030_OpenNeuro_ds003592_sub-206.nii.gz	V1	1	1.5640855	1
PT030_OpenNeuro_ds005892_sub-48.nii.gz	V1	1	1.5641167	1
941_S_1195_I1332317.nii.gz	V1	1	1.56414	1
PT030_OpenNeuro_ds001894_sub-172.nii.gz	V1	1	1.5641531	1
PT030_OpenNeuro_ds005405_sub-077.nii.gz	V1	1	1.5642306	1
PT030_OpenNeuro_ds000102_sub-14.nii.gz	V1	1	1.5642438	1
sub-836274868483.nii.gz	V1	1	1.5642684	1
sub-OAS31458_sess-d0030.nii.gz	V1	1	1.564302	1
sub-OAS30636_ses-d0056.nii.gz	V1	1	1.5644866	1
sub-OAS30253_ses-d1288.nii.gz	V1	1	1.5645083	1
sub-194285722232.nii.gz	V1	1	1.564524	1
007_S_1222_I955206.nii.gz	V1	1	1.5645291	1
130_S_6361_I1009040.nii.gz	V1	1	1.5645431	1
033_S_4176_I1285188.nii.gz	V1	1	1.5646231	1
032_S_4277_I1225896.nii.gz	V1	1	1.5646306	1
PT030_OpenNeuro_ds005752_sub-051.nii.gz	V1	1	1.5646526	1
sub-427425670013.nii.gz	V1	1	1.5646536	1
sub-80_ses-wave1.nii.gz	V1	1	1.5647104	1
sub-110_ses-wave2.nii.gz	V1	1	1.5647111	1
sub-OAS30870_ses-d3066_run-02.nii.gz	V1	1	1.5647599	1
AOMIC-PIOP1_sub-0179_T1w.nii.gz	V1	1	1.5647773	1
PT030_OpenNeuro_ds003453_sub-29.nii.gz	V1	1	1.5647858	1
114_S_6813_I1237740.nii.gz	V1	1	1.564791	1
sub-651378609045.nii.gz	V1	1	1.5647924	1
sub-ON93503.nii.gz	V1	1	1.5648439	1
sub-300408685340.nii.gz	V1	1	1.5648515	1
094_S_6250_I979816.nii.gz	V1	1	1.5648628	1
sub-OAS30750_ses-d0376_run-02.nii.gz	V1	1	1.5648936	1
sub-229077327791.nii.gz	V1	1	1.5649061	1
sub-OAS30411_ses-d1227_run-01.nii.gz	V1	1	1.5649337	1
sub-OAS30003_ses-d2669.nii.gz	V1	1	1.564934	1
116_S_4855_I1304066.nii.gz	V1	1	1.5649456	1
PT030_OpenNeuro_ds004711_sub-170.nii.gz	V1	1	1.5649921	1
PT030_OpenNeuro_ds003592_sub-195.nii.gz	V1	1	1.5650254	1
sub-526857328599.nii.gz	V1	1	1.5650355	1
PT030_OpenNeuro_ds004958_sub-11.nii.gz	V1	1	1.5650647	1
sub-142102321393.nii.gz	V1	1	1.5651097	1
JUK_sub-140.nii.gz	V1	1	1.5651178	1
PT030_OpenNeuro_ds003524_sub-11.nii.gz	V1	1	1.5651287	1
014_S_6210_I969430.nii.gz	V1	1	1.5651857	1
PT030_OpenNeuro_ds003831_sub-06.nii.gz	V1	1	1.565188	1
sub-OAS30101_ses-d0101_run-02.nii.gz	V1	1	1.5651892	1
sub-196_ses-wave3.nii.gz	V1	1	1.565228	1
AOMIC-PIOP1_sub-0018_T1w.nii.gz	V1	1	1.5652406	1
sub-338078821659.nii.gz	V1	1	1.5653234	1
sub-ON96252.nii.gz	V1	1	1.5653313	1
sub-OAS31141_ses-d0106_run-02.nii.gz	V1	1	1.5653391	1
PT030_OpenNeuro_ds001894_sub-157.nii.gz	V1	1	1.5653461	1
PT030_OpenNeuro_ds003831_sub-52.nii.gz	V1	1	1.5653557	1
sub-329510193737.nii.gz	V1	1	1.5653559	1
sub-OAS30160_ses-d0099_run-02.nii.gz	V1	1	1.5653653	1
130_S_6390_I1010018.nii.gz	V1	1	1.565387	1
sub-OAS30898_ses-d0358_run-01.nii.gz	V1	1	1.565405	1
sub-2034_ses-wave1.nii.gz	V1	1	1.5654665	1
sub-OAS30160_ses-d0099_run-01.nii.gz	V1	1	1.5654812	1
130_S_6388_I1051867.nii.gz	V1	1	1.5655041	1
100_S_6164_I953555.nii.gz	V1	1	1.5655253	1
sub-ON08710.nii.gz	V1	1	1.565528	1
sub-OAS30652_ses-d0778_run-02.nii.gz	V1	1	1.5655407	1
PT030_OpenNeuro_ds002837_sub-79.nii.gz	V1	1	1.565564	1
013_S_4580_I990117.nii.gz	V1	1	1.5655924	1
PT030_OpenNeuro_ds004631_sub-13.nii.gz	V1	1	1.5656623	1
AOMIC-PIOP2_sub-0035_T1w.nii.gz	V1	1	1.565675	1
024_S_6472_I1016587.nii.gz	V1	1	1.565682	1
PT002_Nigerian_Clinical_sub-17.nii.gz	V1	1	1.5657727	1
PT030_OpenNeuro_ds002797_sub-02.nii.gz	V1	1	1.5658115	1
082_S_4428_I1182765.nii.gz	V1	1	1.565836	1
sub-3102_ses-wave3.nii.gz	V1	1	1.5658422	1
sub-OAS30663_ses-d0051.nii.gz	V1	1	1.5658476	1
sub-466416085736.nii.gz	V1	1	1.5658565	1
sub-OAS30107_ses-d0387_run-01.nii.gz	V1	1	1.5659076	1
020_S_6566_I1045619.nii.gz	V1	1	1.5659392	1
014_S_6210_I969431.nii.gz	V1	1	1.5659679	1
sub-197974406551.nii.gz	V1	1	1.5659992	1
sub-OAS30797_ses-d1375_run-01.nii.gz	V1	1	1.5660133	1
sub-968674783031.nii.gz	V1	1	1.5660189	1
sub-OAS31343_sess-d0902.nii.gz	V1	1	1.5660228	1
sub-OAS30933_ses-d0052_run-01.nii.gz	V1	1	1.5660889	1
AOMIC-PIOP1_sub-0206_T1w.nii.gz	V1	1	1.5661069	1
021_S_6896_I1533908.nii.gz	V1	1	1.5661137	1
sub-524943052363.nii.gz	V1	1	1.5661311	1
sub-ON87616.nii.gz	V1	1	1.5661668	1
sub-OAS30935_ses-d0201.nii.gz	V1	1	1.5661678	1
153_S_6237_I970943.nii.gz	V1	1	1.5661689	1
sub-OAS30046_ses-d0072_run-01.nii.gz	V1	1	1.5661727	1
141_S_6178_I1136580.nii.gz	V1	1	1.5661988	1
CP0235.nii.gz	V1	1	1.5662394	1
sub-ON87092.nii.gz	V1	1	1.5662525	1
sub-OAS31381_sess-d0032.nii.gz	V1	1	1.5663178	1
sub-557485689083.nii.gz	V1	1	1.5663586	1
PT030_OpenNeuro_ds005237_sub-051.nii.gz	V1	1	1.5663619	1
sub-772534550257.nii.gz	V1	1	1.566363	1
PT001_ClevelandCCF_sub-13.nii.gz	V1	1	1.5663859	1
sub-465414665572.nii.gz	V1	1	1.5663973	1
sub-708991118562.nii.gz	V1	1	1.5664009	1
sub-948173892357.nii.gz	V1	1	1.5664831	1
073_S_6952_I1469854.nii.gz	V1	1	1.5665376	1
PT030_OpenNeuro_ds001297_sub-30.nii.gz	V1	1	1.5665635	1
094_S_6269_I979935.nii.gz	V1	1	1.5665752	1
AOMIC-PIOP1_sub-0099_T1w.nii.gz	V1	1	1.566649	1
PT030_OpenNeuro_ds002643_sub-62.nii.gz	V1	1	1.5666773	1
sub-4613_ses-wave2.nii.gz	V1	1	1.5666803	1
sub-OAS31131_ses-d0101.nii.gz	V1	1	1.5666865	1
sub-492_ses-wave1.nii.gz	V1	1	1.5667361	1
941_S_7051_I1553005.nii.gz	V1	1	1.5667424	1
PT030_OpenNeuro_ds004956_sub-07.nii.gz	V1	1	1.566775	1
082_S_6629_I1079630.nii.gz	V1	1	1.5667799	1
sub-ON66401.nii.gz	V1	1	1.5668118	1
PT030_OpenNeuro_ds004725_sub-85.nii.gz	V1	1	1.5668229	1
sub-OAS30126_ses-d1105_run-01.nii.gz	V1	1	1.5668981	1
sub-226786530373.nii.gz	V1	1	1.5669168	1
sub-OAS30592_ses-d0087_run-02.nii.gz	V1	1	1.566943	1
sub-541568909688.nii.gz	V1	1	1.5669844	1
PT030_OpenNeuro_ds002643_sub-13.nii.gz	V1	1	1.5670508	1
AOMIC-PIOP2_sub-0160_T1w.nii.gz	V1	1	1.5670613	1
sub-336517455359.nii.gz	V1	1	1.5671009	1
sub-882478073953.nii.gz	V1	1	1.5671517	1
sub-231157978140.nii.gz	V1	1	1.5671886	1
sub-OAS30458_ses-d0063.nii.gz	V1	1	1.5672188	1
AOMIC-PIOP2_sub-0003_T1w.nii.gz	V1	1	1.5672275	1
002_S_6456_I1017836.nii.gz	V1	1	1.5672464	1
sub-OAS30482_ses-d0140.nii.gz	V1	1	1.5672765	1
sub-ON26105.nii.gz	V1	1	1.5672767	1
AOMIC-PIOP1_sub-0089_T1w.nii.gz	V1	1	1.5673062	1
sub-192342344812.nii.gz	V1	1	1.567308	1
PT030_OpenNeuro_ds005366_sub-096.nii.gz	V1	1	1.5673686	1
003_S_4119_I1249336.nii.gz	V1	1	1.5673822	1
067_S_7059_I1565078.nii.gz	V1	1	1.5674008	1
PT030_OpenNeuro_ds004956_sub-12.nii.gz	V1	1	1.5674014	1
PT030_OpenNeuro_ds005237_sub-044.nii.gz	V1	1	1.5674164	1
PT030_OpenNeuro_ds004482_sub-18.nii.gz	V1	1	1.5674174	1
sub-846111666046.nii.gz	V1	1	1.567494	1
PT030_OpenNeuro_ds004107_sub-02.nii.gz	V1	1	1.567516	1
PT030_OpenNeuro_ds005366_sub-117.nii.gz	V1	1	1.5675182	1
020_S_6358_I996377.nii.gz	V1	1	1.5675197	1
sub-244803317233.nii.gz	V1	1	1.5675333	1
PT030_OpenNeuro_ds005405_sub-079.nii.gz	V1	1	1.5675534	1
sub-CC621284.nii.gz	V1	1	1.5675566	1
sub-OAS31138_ses-d0487.nii.gz	V1	1	1.5675917	1
PT030_OpenNeuro_ds006179_sub-08.nii.gz	V1	1	1.5675927	1
PT030_OpenNeuro_ds000254_sub-10.nii.gz	V1	1	1.5676134	1
sub-OAS30748_ses-d0219_run-01.nii.gz	V1	1	1.5676506	1
123_S_0072_I1241191.nii.gz	V1	1	1.5676674	1
PT030_OpenNeuro_ds004996_sub-20.nii.gz	V1	1	1.567678	1
PT030_OpenNeuro_ds002643_sub-57.nii.gz	V1	1	1.5676879	1
sub-CC721891.nii.gz	V1	1	1.5676996	1
sub-OAS30117_ses-d2034_run-01.nii.gz	V1	1	1.5677048	1
PT030_OpenNeuro_ds004302_sub-20.nii.gz	V1	1	1.5677294	1
123_S_0072_I1504750.nii.gz	V1	1	1.5677308	1
sub-OAS31023_ses-d0070.nii.gz	V1	1	1.5677413	1
sub-OAS30066_ses-d2006.nii.gz	V1	1	1.5677484	1
sub-CC721392.nii.gz	V1	1	1.5677612	1
sub-OAS30200_ses-d0075_run-02.nii.gz	V1	1	1.5678115	1
014_S_4576_I899474.nii.gz	V1	1	1.567827	1
sub-865831043042.nii.gz	V1	1	1.567857	1
sub-137109291560.nii.gz	V1	1	1.5679227	1
PT030_OpenNeuro_ds001814_sub-04.nii.gz	V1	1	1.5679265	1
sub-ON01016.nii.gz	V1	1	1.5679332	1
sub-CC620005.nii.gz	V1	1	1.5680135	1
AOMIC-PIOP1_sub-0038_T1w.nii.gz	V1	1	1.5680238	1
sub-OAS30995_ses-d0054.nii.gz	V1	1	1.5680382	1
AOMIC-PIOP1_sub-0171_T1w.nii.gz	V1	1	1.5680947	1
014_S_6988_I1481579.nii.gz	V1	1	1.5681295	1
sub-OAS30551_ses-d0104.nii.gz	V1	1	1.568148	1
PT030_OpenNeuro_ds003745_sub-27.nii.gz	V1	1	1.56816	1
sub-OAS30567_ses-d0040.nii.gz	V1	1	1.5681757	1
sub-ON84478.nii.gz	V1	1	1.5681893	1
sub-OAS30430_ses-d0055_run-01.nii.gz	V1	1	1.5682052	1
sub-349042220249.nii.gz	V1	1	1.5682087	1
PT030_OpenNeuro_ds000245_sub-06.nii.gz	V1	1	1.5682313	1
PT030_OpenNeuro_ds003831_sub-31.nii.gz	V1	1	1.5682895	1
AOMIC-PIOP1_sub-0122_T1w.nii.gz	V1	1	1.56829	1
sub-ON13545.nii.gz	V1	1	1.5682939	1
sub-OAS30268_ses-d0096_run-01.nii.gz	V1	1	1.5683043	1
AOMIC-PIOP1_sub-0184_T1w.nii.gz	V1	1	1.5683048	1
sub-201082965117.nii.gz	V1	1	1.5683299	1
sub-862953161156.nii.gz	V1	1	1.5683419	1
PT030_OpenNeuro_ds003568_sub-41.nii.gz	V1	1	1.5683473	1
sub-427009086482.nii.gz	V1	1	1.5684597	1
PT030_OpenNeuro_ds003763_sub-25.nii.gz	V1	1	1.5684632	1
sub-155379893261.nii.gz	V1	1	1.5684856	1
PT030_OpenNeuro_ds004711_sub-056.nii.gz	V1	1	1.5684984	1
sub-OAS30673_ses-d0043.nii.gz	V1	1	1.5685115	1
sub-OAS30748_ses-d0219_run-02.nii.gz	V1	1	1.5685192	1
sub-343622597476.nii.gz	V1	1	1.5685316	1
PT030_OpenNeuro_ds001408_sub-19.nii.gz	V1	1	1.5685383	1
PT030_OpenNeuro_ds005374_sub-35.nii.gz	V1	1	1.5685736	1
sub-444777292394.nii.gz	V1	1	1.5685914	1
sub-ON97604.nii.gz	V1	1	1.568641	1
JUK_sub-09.nii.gz	V1	1	1.5686588	1
AOMIC-PIOP1_sub-0162_T1w.nii.gz	V1	1	1.5686886	1
sub-OAS30531_ses-d0108_run-02.nii.gz	V1	1	1.5687007	1
sub-286013330597.nii.gz	V1	1	1.5687063	1
AOMIC-PIOP1_sub-0196_T1w.nii.gz	V1	1	1.5687326	1
082_S_4428_I1182766.nii.gz	V1	1	1.568767	1
127_S_4198_I1092492.nii.gz	V1	1	1.5687766	1
013_S_6780_I1221674.nii.gz	V1	1	1.5688002	1
sub-OAS30195_ses-d0193.nii.gz	V1	1	1.5688171	1
PT030_OpenNeuro_ds004478_sub-03.nii.gz	V1	1	1.5688825	1
sub-901032588667.nii.gz	V1	1	1.5688834	1
sub-375914855182.nii.gz	V1	1	1.5688915	1
168_S_6049_I916365.nii.gz	V1	1	1.5689036	1
sub-OAS30033_ses-d0133_run-01.nii.gz	V1	1	1.5689113	1
AOMIC-PIOP1_sub-0128_T1w.nii.gz	V1	1	1.5689162	1
116_S_6750_I1477605.nii.gz	V1	1	1.568923	1
AOMIC-PIOP1_sub-0095_T1w.nii.gz	V1	1	1.5689304	1
116_S_6439_I1015824.nii.gz	V1	1	1.568933	1
sub-OAS30750_ses-d0376_run-01.nii.gz	V1	1	1.5689574	1
AOMIC-PIOP1_sub-0101_T1w.nii.gz	V1	1	1.5689833	1
sub-405164913230.nii.gz	V1	1	1.5689883	1
sub-210494257180.nii.gz	V1	1	1.5690154	1
sub-991421767355.nii.gz	V1	1	1.5690341	1
sub-CC621128.nii.gz	V1	1	1.5691049	1
sub-211221824204.nii.gz	V1	1	1.5691104	1
sub-218188880547.nii.gz	V1	1	1.5691239	1
AOMIC-PIOP2_sub-0118_T1w.nii.gz	V1	1	1.5691395	1
941_S_4365_I896821.nii.gz	V1	1	1.5691454	1
PT030_OpenNeuro_ds004873_sub-27.nii.gz	V1	1	1.5691556	1
PT030_OpenNeuro_ds005374_sub-22.nii.gz	V1	1	1.5691617	1
sub-4658_ses-wave2.nii.gz	V1	1	1.5691644	1
PT030_OpenNeuro_ds001486_sub-036.nii.gz	V1	1	1.569174	1
sub-720493926180.nii.gz	V1	1	1.5692087	1
sub-975224233837.nii.gz	V1	1	1.5692713	1
sub-OAS30597_ses-d3137.nii.gz	V1	1	1.5693345	1
PT030_OpenNeuro_ds003592_sub-210.nii.gz	V1	1	1.5693712	1
AOMIC-PIOP1_sub-0102_T1w.nii.gz	V1	1	1.569389	1
016_S_6381_I1000691.nii.gz	V1	1	1.5694028	1
sub-725649088906.nii.gz	V1	1	1.5695238	1
AOMIC-PIOP1_sub-0034_T1w.nii.gz	V1	1	1.5695477	1
019_S_4835_I1020355.nii.gz	V1	1	1.5695492	1
100_S_6349_I1471138.nii.gz	V1	1	1.5695525	1
PT030_OpenNeuro_ds004499_sub-09.nii.gz	V1	1	1.56958	1
PT036_Yale_HighRes_sub-109.nii.gz	V1	1	1.569588	1
JUK_sub-59.nii.gz	V1	1	1.5695992	1
sub-OAS30517_ses-d0072_run-02.nii.gz	V1	1	1.5696601	1
PT030_OpenNeuro_ds006010_sub-40.nii.gz	V1	1	1.5696683	1
sub-759162668860.nii.gz	V1	1	1.5696759	1
941_S_6574_I1360551.nii.gz	V1	1	1.5696785	1
PT030_OpenNeuro_ds000208_sub-20.nii.gz	V1	1	1.5697643	1
116_S_6439_I1015823.nii.gz	V1	1	1.5698458	1
sub-OAS31143_ses-d0109_run-02.nii.gz	V1	1	1.5698642	1
sub-ON43585.nii.gz	V1	1	1.569901	1
sub-146928055873.nii.gz	V1	1	1.5699373	1
114_S_6251_I980928.nii.gz	V1	1	1.5699717	1
sub-873856873596.nii.gz	V1	1	1.5699956	1
141_S_6061_I1229464.nii.gz	V1	1	1.5700173	1
PT030_OpenNeuro_ds005366_sub-106.nii.gz	V1	1	1.5700175	1
PT030_OpenNeuro_ds002837_sub-81.nii.gz	V1	1	1.570043	1
PT030_OpenNeuro_ds003639_sub-01.nii.gz	V1	1	1.5700477	1
sub-OAS30966_ses-d0189_run-01.nii.gz	V1	1	1.5700483	1
sub-408_ses-wave1.nii.gz	V1	1	1.5700556	1
PT030_OpenNeuro_ds005752_sub-168.nii.gz	V1	1	1.5700803	1
sub-CC721894.nii.gz	V1	1	1.5700816	1
sub-394973589257.nii.gz	V1	1	1.570085	1
PT030_OpenNeuro_ds003745_sub-30.nii.gz	V1	1	1.5700866	1
sub-930887135237.nii.gz	V1	1	1.5700929	1
PT030_OpenNeuro_ds001486_sub-052.nii.gz	V1	1	1.5700957	1
PT030_OpenNeuro_ds003404_sub-11.nii.gz	V1	1	1.5701404	1
sub-OAS31330_sess-d0229.nii.gz	V1	1	1.5701804	1
sub-892946894485.nii.gz	V1	1	1.5702823	1
sub-935_ses-wave2.nii.gz	V1	1	1.5703019	1
014_S_6366_I1002373.nii.gz	V1	1	1.5703073	1
PT030_OpenNeuro_ds005126_sub-33.nii.gz	V1	1	1.570375	1
sub-935_ses-wave1.nii.gz	V1	1	1.5704223	1
sub-786594979854.nii.gz	V1	1	1.5704292	1
PT030_OpenNeuro_ds004285_sub-32.nii.gz	V1	1	1.5704829	1
sub-119019619320.nii.gz	V1	1	1.5705765	1
AOMIC-PIOP2_sub-0066_T1w.nii.gz	V1	1	1.5706034	1
sub-385965134643.nii.gz	V1	1	1.5706139	1
141_S_6423_I1018387.nii.gz	V1	1	1.5706143	1
CP0131.nii.gz	V1	1	1.5706751	1
PT030_OpenNeuro_ds006105_sub-72.nii.gz	V1	1	1.5706962	1
sub-408964579184.nii.gz	V1	1	1.5706975	1
sub-OAS30049_ses-d1633.nii.gz	V1	1	1.5707262	1
PT030_OpenNeuro_ds004725_sub-81.nii.gz	V1	1	1.5707304	1
sub-OAS31014_ses-d1363_run-01.nii.gz	V1	1	1.5707892	1
082_S_6415_I1031066.nii.gz	V1	1	1.5707914	1
PT030_OpenNeuro_ds002643_sub-69.nii.gz	V1	1	1.5708255	1
PT030_OpenNeuro_ds005892_sub-52.nii.gz	V1	1	1.5708334	1
PT030_OpenNeuro_ds002748_sub-52.nii.gz	V1	1	1.5708598	1
CP0199.nii.gz	V1	1	1.5708598	1
PT030_OpenNeuro_ds005366_sub-071.nii.gz	V1	1	1.5708724	1
sub-814384510207.nii.gz	V1	1	1.570884	1
AOMIC-PIOP1_sub-0156_T1w.nii.gz	V1	1	1.5709181	1
sub-549448988509.nii.gz	V1	1	1.5709518	1
sub-997863968388.nii.gz	V1	1	1.57096	1
AOMIC-PIOP1_sub-0106_T1w.nii.gz	V1	1	1.570969	1
sub-383_ses-wave3.nii.gz	V1	1	1.5709848	1
sub-1915_ses-wave1.nii.gz	V1	1	1.5710076	1
sub-295485375852.nii.gz	V1	1	1.5710098	1
sub-622232871408.nii.gz	V1	1	1.5710117	1
sub-397029930331.nii.gz	V1	1	1.5710295	1
PT030_OpenNeuro_ds006092_sub-04.nii.gz	V1	1	1.5710298	1
sub-OAS30371_ses-d0338_run-02.nii.gz	V1	1	1.5710412	1
sub-ON52220.nii.gz	V1	1	1.5711206	1
sub-343373917254.nii.gz	V1	1	1.5711224	1
sub-1141_ses-wave3.nii.gz	V1	1	1.5711544	1
PT030_OpenNeuro_ds001748_sub-31.nii.gz	V1	1	1.5711781	1
sub-OAS30687_ses-d0064_run-01.nii.gz	V1	1	1.5711992	1
PT030_OpenNeuro_ds006105_sub-03.nii.gz	V1	1	1.5711997	1
sub-1108_ses-wave1.nii.gz	V1	1	1.5712218	1
sub-386477621787.nii.gz	V1	1	1.5712621	1
JUK_sub-70.nii.gz	V1	1	1.571263	1
sub-CC620592.nii.gz	V1	1	1.5712817	1
006_S_0498_I1253392.nii.gz	V1	1	1.571299	1
sub-461899341745.nii.gz	V1	1	1.5713085	1
AOMIC-PIOP2_sub-0031_T1w.nii.gz	V1	1	1.5713108	1
sub-903484352651.nii.gz	V1	1	1.5713418	1
sub-707270874156.nii.gz	V1	1	1.5713698	1
sub-OAS30227_ses-d0000_run-01.nii.gz	V1	1	1.5714191	1
sub-OAS30300_ses-d0100.nii.gz	V1	1	1.5714921	1
sub-285171811694.nii.gz	V1	1	1.5715005	1
AOMIC-PIOP2_sub-0220_T1w.nii.gz	V1	1	1.5715346	1
sub-OAS30328_ses-d0105.nii.gz	V1	1	1.571551	1
131_S_6692_I1137476.nii.gz	V1	1	1.5715529	1
sub-817170359143.nii.gz	V1	1	1.5715588	1
AOMIC-PIOP1_sub-0105_T1w.nii.gz	V1	1	1.5715986	1
sub-954854557667.nii.gz	V1	1	1.5716254	1
sub-OAS31145_ses-d0483_run-01.nii.gz	V1	1	1.5716914	1
PT030_OpenNeuro_ds006105_sub-59.nii.gz	V1	1	1.571694	1
024_S_6472_I1453675.nii.gz	V1	1	1.5717127	1
sub-1245_ses-wave1.nii.gz	V1	1	1.5717263	1
JUK_sub-18.nii.gz	V1	1	1.5717354	1
sub-647721851796.nii.gz	V1	1	1.5717373	1
014_S_6988_I1481578.nii.gz	V1	1	1.5717435	1
sub-OAS31057_ses-d1054_run-01.nii.gz	V1	1	1.571747	1
sub-OAS31120_ses-d0119.nii.gz	V1	1	1.5717759	1
sub-OAS30905_ses-d0154_run-01.nii.gz	V1	1	1.5718017	1
PT030_OpenNeuro_ds001748_sub-24.nii.gz	V1	1	1.5718051	1
sub-OAS30822_ses-d0036_run-02.nii.gz	V1	1	1.5718368	1
130_S_6361_I1009041.nii.gz	V1	1	1.5718862	1
002_S_6009_I1167388.nii.gz	V1	1	1.5719082	1
AOMIC-PIOP1_sub-0032_T1w.nii.gz	V1	1	1.5719143	1
PT030_OpenNeuro_ds004712_sub-08.nii.gz	V1	1	1.5719593	1
sub-204626974728.nii.gz	V1	1	1.5719616	1
014_S_6502_I1037417.nii.gz	V1	1	1.5719835	1
sub-3331_ses-wave1.nii.gz	V1	1	1.5720624	1
sub-OAS30249_ses-d0749.nii.gz	V1	1	1.5720825	1
sub-OAS30615_ses-d0191.nii.gz	V1	1	1.5720872	1
PT030_OpenNeuro_ds006179_sub-05.nii.gz	V1	1	1.5720887	1
sub-OAS30308_ses-d0004_run-01.nii.gz	V1	1	1.5721015	1
AOMIC-PIOP1_sub-0019_T1w.nii.gz	V1	1	1.5721055	1
sub-126599668341.nii.gz	V1	1	1.5721853	1
AOMIC-PIOP1_sub-0163_T1w.nii.gz	V1	1	1.572191	1
024_S_6005_I1464695.nii.gz	V1	1	1.5722078	1
sub-4394_ses-wave3.nii.gz	V1	1	1.5722452	1
PT030_OpenNeuro_ds000208_sub-03.nii.gz	V1	1	1.5722456	1
sub-595618580909.nii.gz	V1	1	1.5722713	1
PT030_OpenNeuro_ds006105_sub-40.nii.gz	V1	1	1.5722739	1
sub-2058_ses-wave1.nii.gz	V1	1	1.5722826	1
sub-763015005475.nii.gz	V1	1	1.5722835	1
sub-ON09766.nii.gz	V1	1	1.5722861	1
007_S_6310_I983493.nii.gz	V1	1	1.5722921	1
sub-OAS30405_ses-d0079_run-03.nii.gz	V1	1	1.5723182	1
sub-238319148726.nii.gz	V1	1	1.5723215	1
sub-OAS30303_ses-d1948_run-02.nii.gz	V1	1	1.5723237	1
sub-OAS30184_ses-d0169_run-02.nii.gz	V1	1	1.5723461	1
116_S_4855_I977140.nii.gz	V1	1	1.5723931	1
sub-OAS30801_ses-d0097_run-02.nii.gz	V1	1	1.5724044	1
sub-2561_ses-wave3.nii.gz	V1	1	1.5724068	1
sub-408_ses-wave2.nii.gz	V1	1	1.5724279	1
127_S_4198_I914039.nii.gz	V1	1	1.5724362	1
sub-772_ses-wave3.nii.gz	V1	1	1.5724798	1
sub-549407246031.nii.gz	V1	1	1.5724808	1
141_S_6178_I1299105.nii.gz	V1	1	1.5724903	1
sub-OAS31059_ses-d1231_run-01.nii.gz	V1	1	1.5725299	1
sub-OAS30303_ses-d1948_run-01.nii.gz	V1	1	1.5725459	1
PT030_OpenNeuro_ds005216_sub-04.nii.gz	V1	1	1.5725982	1
sub-468836030322.nii.gz	V1	1	1.5725992	1
sub-OAS30335_ses-d0693_run-01.nii.gz	V1	1	1.5726571	1
sub-CC721729.nii.gz	V1	1	1.572678	1
sub-OAS30715_ses-d0060.nii.gz	V1	1	1.5727364	1
sub-207371258652.nii.gz	V1	1	1.5727559	1
PT030_OpenNeuro_ds006267_sub-10.nii.gz	V1	1	1.5727564	1
PT030_OpenNeuro_ds004873_sub-59.nii.gz	V1	1	1.5728083	1
sub-ON69092.nii.gz	V1	1	1.5728111	1
PT030_OpenNeuro_ds000101_sub-07.nii.gz	V1	1	1.5728604	1
sub-946587342908.nii.gz	V1	1	1.5728623	1
sub-ON96602.nii.gz	V1	1	1.5728992	1
PT030_OpenNeuro_ds000101_sub-13.nii.gz	V1	1	1.5729135	1
sub-OAS30212_ses-d0091_run-01.nii.gz	V1	1	1.5729535	1
sub-ON72409.nii.gz	V1	1	1.5729561	1
114_S_6251_I1355446.nii.gz	V1	1	1.5729616	1
sub-OAS30268_ses-d0096_run-02.nii.gz	V1	1	1.5729897	1
020_S_6282_I983428.nii.gz	V1	1	1.572996	1
116_S_4855_I977138.nii.gz	V1	1	1.5729992	1
068_S_0473_I932015.nii.gz	V1	1	1.573005	1
PT030_OpenNeuro_ds004725_sub-66.nii.gz	V1	1	1.5730276	1
PT030_OpenNeuro_ds003136_sub-16.nii.gz	V1	1	1.5730371	1
032_S_4429_I944327.nii.gz	V1	1	1.573054	1
109_S_6405_I1028017.nii.gz	V1	1	1.5730611	1
sub-ON92067.nii.gz	V1	1	1.5730777	1
sub-505313912099.nii.gz	V1	1	1.5731044	1
141_S_6061_I1229457.nii.gz	V1	1	1.5731727	1
sub-OAS31039_ses-d0001.nii.gz	V1	1	1.5731822	1
PT030_OpenNeuro_ds004302_sub-09.nii.gz	V1	1	1.5731921	1
PT030_OpenNeuro_ds001486_sub-132.nii.gz	V1	1	1.5732052	1
sub-692150651594.nii.gz	V1	1	1.5732454	1
sub-789275489213.nii.gz	V1	1	1.5732526	1
014_S_4401_I1224466.nii.gz	V1	1	1.5733086	1
sub-4172_ses-wave1.nii.gz	V1	1	1.5733457	1
sub-OAS30476_ses-d0090.nii.gz	V1	1	1.5733997	1
PT030_OpenNeuro_ds005165_sub-07.nii.gz	V1	1	1.5734016	1
sub-745672226345.nii.gz	V1	1	1.5734401	1
AOMIC-PIOP2_sub-0057_T1w.nii.gz	V1	1	1.5734572	1
014_S_4576_I1555583.nii.gz	V1	1	1.573467	1
024_S_6184_I1287192.nii.gz	V1	1	1.5734931	1
sub-OAS31184_sess-d0056.nii.gz	V1	1	1.5735314	1
sub-826455898290.nii.gz	V1	1	1.5735315	1
PT030_OpenNeuro_ds002886_sub-27.nii.gz	V1	1	1.573549	1
sub-OAS30581_ses-d1374_run-02.nii.gz	V1	1	1.5735712	1
PT030_OpenNeuro_ds004331_sub-18.nii.gz	V1	1	1.5735956	1
sub-OAS31085_ses-d0112_run-02.nii.gz	V1	1	1.573603	1
sub-468444508245.nii.gz	V1	1	1.5736091	1
CP0041.nii.gz	V1	1	1.5736179	1
AOMIC-PIOP1_sub-0051_T1w.nii.gz	V1	1	1.5736321	1
AOMIC-PIOP1_sub-0126_T1w.nii.gz	V1	1	1.5736395	1
AOMIC-PIOP1_sub-0199_T1w.nii.gz	V1	1	1.573652	1
AOMIC-PIOP1_sub-0139_T1w.nii.gz	V1	1	1.5736753	1
sub-390641627114.nii.gz	V1	1	1.5737	1
PT030_OpenNeuro_ds004636_sub-063.nii.gz	V1	1	1.573759	1
AOMIC-PIOP1_sub-0016_T1w.nii.gz	V1	1	1.5737673	1
PT030_OpenNeuro_ds003831_sub-64.nii.gz	V1	1	1.573771	1
sub-828311225647.nii.gz	V1	1	1.5737956	1
sub-CC711158.nii.gz	V1	1	1.5737967	1
sub-896958385751.nii.gz	V1	1	1.5738014	1
PT030_OpenNeuro_ds005366_sub-008.nii.gz	V1	1	1.5738353	1
AOMIC-PIOP1_sub-0076_T1w.nii.gz	V1	1	1.5738393	1
sub-851444737023.nii.gz	V1	1	1.5738426	1
109_S_6405_I1028011.nii.gz	V1	1	1.5738587	1
sub-3446_ses-wave1.nii.gz	V1	1	1.5738672	1
sub-187090693848.nii.gz	V1	1	1.5738757	1
PT030_OpenNeuro_ds004636_sub-037.nii.gz	V1	1	1.5738909	1
011_S_6367_I1170118.nii.gz	V1	1	1.5739135	1
019_S_4835_I1190397.nii.gz	V1	1	1.5739168	1
sub-OAS30387_ses-d0616_run-01.nii.gz	V1	1	1.5739353	1
114_S_6429_I1047619.nii.gz	V1	1	1.5739893	1
sub-2133_ses-wave1.nii.gz	V1	1	1.5740098	1
PT030_OpenNeuro_ds001386_sub-35.nii.gz	V1	1	1.5740229	1
019_S_7016_I1502705.nii.gz	V1	1	1.574025	1
sub-OAS30324_ses-d0119.nii.gz	V1	1	1.5740294	1
sub-ON42941.nii.gz	V1	1	1.5740356	1
sub-OAS30581_ses-d1374_run-01.nii.gz	V1	1	1.5740461	1
sub-587717071548.nii.gz	V1	1	1.5740719	1
JUK_sub-131.nii.gz	V1	1	1.5740776	1
sub-1613_ses-wave1.nii.gz	V1	1	1.5740874	1
sub-931524427617.nii.gz	V1	1	1.5740908	1
sub-OAS30212_ses-d0091_run-02.nii.gz	V1	1	1.5741446	1
PT030_OpenNeuro_ds000208_sub-15.nii.gz	V1	1	1.5741518	1
AOMIC-PIOP1_sub-0183_T1w.nii.gz	V1	1	1.574196	1
PT030_OpenNeuro_ds004873_sub-32.nii.gz	V1	1	1.5742376	1
PT030_OpenNeuro_ds004958_sub-26.nii.gz	V1	1	1.5743054	1
PT030_OpenNeuro_ds003721_sub-35.nii.gz	V1	1	1.5743396	1
sub-871243121130.nii.gz	V1	1	1.5743527	1
014_S_4576_I1226457.nii.gz	V1	1	1.574375	1
sub-OAS30683_ses-d0037.nii.gz	V1	1	1.5743786	1
sub-764887990615.nii.gz	V1	1	1.5744054	1
sub-ON95742.nii.gz	V1	1	1.5744092	1
AOMIC-PIOP1_sub-0159_T1w.nii.gz	V1	1	1.5744294	1
PT030_OpenNeuro_ds001748_sub-61.nii.gz	V1	1	1.574436	1
sub-OAS30167_ses-d0111.nii.gz	V1	1	1.5744433	1
sub-OAS30115_ses-d0138.nii.gz	V1	1	1.5744672	1
sub-3457_ses-wave3.nii.gz	V1	1	1.5744826	1
sub-OAS30844_ses-d0035_run-02.nii.gz	V1	1	1.5745068	1
sub-ON63734.nii.gz	V1	1	1.5745083	1
sub-852119035315.nii.gz	V1	1	1.5745369	1
PT030_OpenNeuro_ds003831_sub-39.nii.gz	V1	1	1.5745417	1
sub-OAS30816_ses-d3379.nii.gz	V1	1	1.5746028	1
002_S_1261_I989320.nii.gz	V1	1	1.5746039	1
sub-743455835231.nii.gz	V1	1	1.5746496	1
PT030_OpenNeuro_ds004469_sub-22.nii.gz	V1	1	1.5746644	1
AOMIC-PIOP1_sub-0020_T1w.nii.gz	V1	1	1.5746847	1
PT030_OpenNeuro_ds002620_sub-08.nii.gz	V1	1	1.5746958	1
sub-OAS30350_ses-d0018_run-01.nii.gz	V1	1	1.574704	1
PT030_OpenNeuro_ds001748_sub-62.nii.gz	V1	1	1.5747113	1
AOMIC-PIOP1_sub-0147_T1w.nii.gz	V1	1	1.5747313	1
sub-OAS30592_ses-d0087_run-01.nii.gz	V1	1	1.574757	1
sub-OAS30308_ses-d0004_run-02.nii.gz	V1	1	1.5747659	1
007_S_6255_I974757.nii.gz	V1	1	1.5747687	1
082_S_6415_I1031067.nii.gz	V1	1	1.5747961	1
PT030_OpenNeuro_ds001814_sub-18.nii.gz	V1	1	1.5748111	1
sub-191710084170.nii.gz	V1	1	1.5748369	1
019_S_4835_I876699.nii.gz	V1	1	1.5748559	1
032_S_6293_I1193762.nii.gz	V1	1	1.574865	1
sub-167117669616.nii.gz	V1	1	1.5748771	1
sub-903566122683.nii.gz	V1	1	1.5748985	1
PT030_OpenNeuro_ds004956_sub-08.nii.gz	V1	1	1.5749081	1
sub-ON52662.nii.gz	V1	1	1.5749316	1
PT030_OpenNeuro_ds003242_sub-55.nii.gz	V1	1	1.574957	1
sub-OAS30728_ses-d0516.nii.gz	V1	1	1.574994	1
sub-OAS30566_ses-d0067.nii.gz	V1	1	1.5750014	1
sub-3946_ses-wave3.nii.gz	V1	1	1.5750242	1
sub-OAS31068_ses-d1547_run-01.nii.gz	V1	1	1.5750583	1
sub-892593645708.nii.gz	V1	1	1.5750586	1
sub-OAS30729_ses-d3628_run-02.nii.gz	V1	1	1.575071	1
sub-489797046592.nii.gz	V1	1	1.575076	1
sub-607439259335.nii.gz	V1	1	1.5750921	1
sub-299053759850.nii.gz	V1	1	1.5751163	1
PT030_OpenNeuro_ds005088_sub-07.nii.gz	V1	1	1.575121	1
sub-997655642426.nii.gz	V1	1	1.5751486	1
sub-928641172711.nii.gz	V1	1	1.5751795	1
sub-OAS30337_sess-d1204.nii.gz	V1	1	1.5751805	1
sub-955683340459.nii.gz	V1	1	1.5751812	1
AOMIC-PIOP1_sub-0025_T1w.nii.gz	V1	1	1.5751816	1
PT030_OpenNeuro_ds005884_sub-17.nii.gz	V1	1	1.5752031	1
PT030_OpenNeuro_ds003592_sub-222.nii.gz	V1	1	1.5752573	1
sub-OAS30430_ses-d0055_run-02.nii.gz	V1	1	1.5752659	1
sub-OAS31110_ses-d0031_run-01.nii.gz	V1	1	1.5752707	1
sub-OAS31143_ses-d0109_run-01.nii.gz	V1	1	1.5752876	1
AOMIC-PIOP1_sub-0096_T1w.nii.gz	V1	1	1.5752968	1
PT030_OpenNeuro_ds005366_sub-064.nii.gz	V1	1	1.5753089	1
PT030_OpenNeuro_ds002797_sub-10.nii.gz	V1	1	1.5753441	1
sub-OAS31091_ses-d3949_run-02.nii.gz	V1	1	1.5754032	1
PT030_OpenNeuro_ds000208_sub-08.nii.gz	V1	1	1.5754368	1
PT030_OpenNeuro_ds005123_sub-013.nii.gz	V1	1	1.5754368	1
sub-ON94856.nii.gz	V1	1	1.5754583	1
PT030_OpenNeuro_ds003242_sub-56.nii.gz	V1	1	1.5754653	1
sub-OAS30350_ses-d0018_run-02.nii.gz	V1	1	1.5755253	1
PT030_OpenNeuro_ds005123_sub-003.nii.gz	V1	1	1.5755395	1
sub-OAS30624_ses-d0035_run-01.nii.gz	V1	1	1.5755777	1
sub-OAS30169_ses-d0282_run-01.nii.gz	V1	1	1.5756003	1
sub-580260346291.nii.gz	V1	1	1.5756348	1
sub-OAS30060_ses-d0074_run-02.nii.gz	V1	1	1.5756704	1
sub-OAS31128_ses-d0673_run-02.nii.gz	V1	1	1.5756732	1
JUK_sub-64.nii.gz	V1	1	1.5757104	1
PT030_OpenNeuro_ds004725_sub-75.nii.gz	V1	1	1.5757163	1
PT030_OpenNeuro_ds003831_sub-68.nii.gz	V1	1	1.575734	1
sub-OAS31414_sess-d0147.nii.gz	V1	1	1.5757892	1
sub-OAS31005_ses-d0066_run-02.nii.gz	V1	1	1.5758036	1
PT030_OpenNeuro_ds003242_sub-15.nii.gz	V1	1	1.5758352	1
068_S_4340_I1250826.nii.gz	V1	1	1.5758355	1
AOMIC-PIOP1_sub-0075_T1w.nii.gz	V1	1	1.5758609	1
sub-778048043938.nii.gz	V1	1	1.5758846	1
014_S_4401_I907768.nii.gz	V1	1	1.5759271	1
sub-ON50636.nii.gz	V1	1	1.5759481	1
PT030_OpenNeuro_ds003592_sub-212.nii.gz	V1	1	1.5759525	1
sub-ON92220.nii.gz	V1	1	1.5759715	1
PT030_OpenNeuro_ds000254_sub-11.nii.gz	V1	1	1.576023	1
sub-ON67563.nii.gz	V1	1	1.5760504	1
sub-106847803341.nii.gz	V1	1	1.576097	1
CP0207.nii.gz	V1	1	1.576131	1
PT030_OpenNeuro_ds004697_sub-21.nii.gz	V1	1	1.5761358	1
033_S_6352_I1564284.nii.gz	V1	1	1.5761373	1
sub-804813073858.nii.gz	V1	1	1.5761652	1
941_S_1195_I982345.nii.gz	V1	1	1.5761892	1
sub-729614213997.nii.gz	V1	1	1.5762286	1
AOMIC-PIOP1_sub-0063_T1w.nii.gz	V1	1	1.5762452	1
sub-225933783421.nii.gz	V1	1	1.5762668	1
033_S_6352_I996786.nii.gz	V1	1	1.5762682	1
sub-OAS30205_ses-d0061.nii.gz	V1	1	1.5762701	1
PT030_OpenNeuro_ds002843_sub-141.nii.gz	V1	1	1.576272	1
PT030_OpenNeuro_ds005752_sub-106.nii.gz	V1	1	1.5763506	1
CP0140.nii.gz	V1	1	1.5764498	1
PT030_OpenNeuro_ds004469_sub-08.nii.gz	V1	1	1.5764543	1
sub-601303234093.nii.gz	V1	1	1.5764558	1
PT030_OpenNeuro_ds003745_sub-25.nii.gz	V1	1	1.576473	1
sub-OAS30107_ses-d0387_run-02.nii.gz	V1	1	1.576484	1
sub-1891_ses-wave3.nii.gz	V1	1	1.5765339	1
sub-ON22671.nii.gz	V1	1	1.5765425	1
PT030_OpenNeuro_ds006267_sub-11.nii.gz	V1	1	1.5765864	1
PT030_OpenNeuro_ds006010_sub-27.nii.gz	V1	1	1.5765951	1
020_S_6185_I958011.nii.gz	V1	1	1.5766071	1
sub-OAS30431_ses-d0113.nii.gz	V1	1	1.5766071	1
PT030_OpenNeuro_ds004142_sub-07.nii.gz	V1	1	1.5766267	1
sub-215419545430.nii.gz	V1	1	1.5766908	1
sub-477401855410.nii.gz	V1	1	1.5766958	1
100_S_6349_I998328.nii.gz	V1	1	1.576713	1
sub-737279775927.nii.gz	V1	1	1.5767196	1
PT030_OpenNeuro_ds001927_sub-11.nii.gz	V1	1	1.5767205	1
037_S_0454_I900932.nii.gz	V1	1	1.5767208	1
141_S_6061_I1116404.nii.gz	V1	1	1.5767455	1
PT030_OpenNeuro_ds003568_sub-45.nii.gz	V1	1	1.5767647	1
sub-1093_ses-wave3.nii.gz	V1	1	1.5767852	1
sub-232_ses-wave1.nii.gz	V1	1	1.5767897	1
sub-917433394750.nii.gz	V1	1	1.5767927	1
sub-672514734200.nii.gz	V1	1	1.5767956	1
sub-OAS30046_ses-d0072_run-02.nii.gz	V1	1	1.5767995	1
007_S_6455_I1011962.nii.gz	V1	1	1.5768147	1
PT030_OpenNeuro_ds000228_sub-014.nii.gz	V1	1	1.576829	1
sub-183351013726.nii.gz	V1	1	1.5768342	1
sub-4394_ses-wave2.nii.gz	V1	1	1.5768611	1
PT030_OpenNeuro_ds002797_sub-07.nii.gz	V1	1	1.5768871	1
sub-962854214097.nii.gz	V1	1	1.5769143	1
sub-OAS30981_ses-d0061.nii.gz	V1	1	1.5769186	1
PT030_OpenNeuro_ds004636_sub-049.nii.gz	V1	1	1.5769738	1
PT030_OpenNeuro_ds005899_sub-52.nii.gz	V1	1	1.5770075	1
020_S_6185_I1278640.nii.gz	V1	1	1.5770736	1
941_S_6499_I1335865.nii.gz	V1	1	1.5771201	1
PT030_OpenNeuro_ds006010_sub-16.nii.gz	V1	1	1.5771662	1
sub-676756169324.nii.gz	V1	1	1.5771706	1
013_S_6780_I1221673.nii.gz	V1	1	1.57718	1
sub-OAS30333_ses-d0093_run-01.nii.gz	V1	1	1.5772431	1
sub-434761416929.nii.gz	V1	1	1.5772516	1
sub-OAS30658_ses-d0237_run-01.nii.gz	V1	1	1.5772926	1
AOMIC-PIOP1_sub-0080_T1w.nii.gz	V1	1	1.5772972	1
sub-4540_ses-wave2.nii.gz	V1	1	1.5773038	1
sub-463017442825.nii.gz	V1	1	1.5773112	1
sub-2790_ses-wave3.nii.gz	V1	1	1.5773135	1
sub-OAS30887_ses-d0064.nii.gz	V1	1	1.5773451	1
PT030_OpenNeuro_ds005892_sub-03.nii.gz	V1	1	1.577361	1
032_S_6211_I1174901.nii.gz	V1	1	1.5773696	1
003_S_6307_I1205679.nii.gz	V1	1	1.5773956	1
sub-OAS30006_ses-d0166.nii.gz	V1	1	1.5774245	1
127_S_6330_I1003831.nii.gz	V1	1	1.5774403	1
sub-OAS30251_ses-d0220_run-01.nii.gz	V1	1	1.5774919	1
sub-616516018787.nii.gz	V1	1	1.5775346	1
sub-740983317440.nii.gz	V1	1	1.5775496	1
PT030_OpenNeuro_ds001748_sub-58.nii.gz	V1	1	1.5775557	1
sub-288264084208.nii.gz	V1	1	1.5775679	1
PT030_OpenNeuro_ds004725_sub-78.nii.gz	V1	1	1.5775738	1
PT030_OpenNeuro_ds002006_sub-24.nii.gz	V1	1	1.5776464	1
sub-1136_ses-wave2.nii.gz	V1	1	1.5776505	1
PT030_OpenNeuro_ds004482_sub-12.nii.gz	V1	1	1.577675	1
PT030_OpenNeuro_ds004393_sub-26.nii.gz	V1	1	1.5777037	1
sub-4195_ses-wave1.nii.gz	V1	1	1.5777376	1
sub-1591_ses-wave3.nii.gz	V1	1	1.5777439	1
sub-OAS31045_ses-d1901_run-01.nii.gz	V1	1	1.5777465	1
052_S_6412_I1029891.nii.gz	V1	1	1.5777478	1
AOMIC-PIOP1_sub-0007_T1w.nii.gz	V1	1	1.5777676	1
sub-OAS30413_ses-d0044.nii.gz	V1	1	1.5777845	1
sub-752_ses-wave1.nii.gz	V1	1	1.5778066	1
PT030_OpenNeuro_ds001748_sub-59.nii.gz	V1	1	1.5778657	1
PT030_OpenNeuro_ds003592_sub-231.nii.gz	V1	1	1.5778768	1
AOMIC-PIOP1_sub-0190_T1w.nii.gz	V1	1	1.5778944	1
CP0115.nii.gz	V1	1	1.5779076	1
sub-OAS30966_ses-d0189_run-02.nii.gz	V1	1	1.5779274	1
PT030_OpenNeuro_ds003831_sub-69.nii.gz	V1	1	1.5779419	1
116_S_6750_I1477606.nii.gz	V1	1	1.5779504	1
sub-540143190916.nii.gz	V1	1	1.5779592	1
PT030_OpenNeuro_ds005892_sub-53.nii.gz	V1	1	1.5780003	1
sub-OAS30392_ses-d0730_run-01.nii.gz	V1	1	1.578013	1
AOMIC-PIOP1_sub-0103_T1w.nii.gz	V1	1	1.5780156	1
sub-OAS30184_ses-d0169_run-01.nii.gz	V1	1	1.5780224	1
sub-3182_ses-wave2.nii.gz	V1	1	1.5780547	1
070_S_6542_I1031289.nii.gz	V1	1	1.5780572	1
024_S_6005_I828694.nii.gz	V1	1	1.5780811	1
PT030_OpenNeuro_ds005366_sub-089.nii.gz	V1	1	1.5780909	1
PT030_OpenNeuro_ds001748_sub-51.nii.gz	V1	1	1.5781038	1
002_S_4213_I888008.nii.gz	V1	1	1.5781231	1
AOMIC-PIOP1_sub-0107_T1w.nii.gz	V1	1	1.5781335	1
141_S_6178_I961814.nii.gz	V1	1	1.5781587	1
016_S_6934_I1499631.nii.gz	V1	1	1.5781626	1
sub-572252462559.nii.gz	V1	1	1.5782096	1
sub-610887047293.nii.gz	V1	1	1.5782156	1
sub-234754984795.nii.gz	V1	1	1.5782164	1
sub-OAS30293_ses-d0056.nii.gz	V1	1	1.5782243	1
sub-116491083443.nii.gz	V1	1	1.5782648	1
PT033_WAND_sub-052.nii.gz	V1	1	1.5782864	1
sub-2748_ses-wave2.nii.gz	V1	1	1.5783049	1
sub-992514956211.nii.gz	V1	1	1.5783195	1
sub-889466711592.nii.gz	V1	1	1.5783556	1
070_S_6548_I1032324.nii.gz	V1	1	1.5783597	1
PT030_OpenNeuro_ds005237_sub-144.nii.gz	V1	1	1.5783639	1
PT030_OpenNeuro_ds003568_sub-34.nii.gz	V1	1	1.5783718	1
PT030_OpenNeuro_ds004725_sub-63.nii.gz	V1	1	1.5783796	1
PT001_ClevelandCCF_sub-29.nii.gz	V1	1	1.5783917	1
035_S_6730_I1176653.nii.gz	V1	1	1.5784105	1
003_S_4441_I1154566.nii.gz	V1	1	1.5784124	1
PT030_OpenNeuro_ds002424_sub-26.nii.gz	V1	1	1.5784533	1
PT030_OpenNeuro_ds005884_sub-16.nii.gz	V1	1	1.5784724	1
sub-OAS30206_ses-d3024.nii.gz	V1	1	1.578485	1
sub-OAS30652_ses-d0778_run-01.nii.gz	V1	1	1.5784976	1
AOMIC-PIOP1_sub-0127_T1w.nii.gz	V1	1	1.578524	1
PT030_OpenNeuro_ds002886_sub-04.nii.gz	V1	1	1.5785282	1
sub-OAS30917_ses-d0053.nii.gz	V1	1	1.5785517	1
PT030_OpenNeuro_ds005374_sub-06.nii.gz	V1	1	1.578577	1
sub-OAS30858_ses-d0060_run-02.nii.gz	V1	1	1.578614	1
PT030_OpenNeuro_ds004873_sub-17.nii.gz	V1	1	1.5786227	1
PT030_OpenNeuro_ds002837_sub-02.nii.gz	V1	1	1.5786358	1
sub-OAS30200_ses-d0075_run-01.nii.gz	V1	1	1.5786437	1
sub-890_ses-wave1.nii.gz	V1	1	1.5786513	1
PT030_OpenNeuro_ds000208_sub-12.nii.gz	V1	1	1.578652	1
sub-ON59735.nii.gz	V1	1	1.578661	1
PT030_OpenNeuro_ds006033_sub-03.nii.gz	V1	1	1.5786748	1
PT030_OpenNeuro_ds005123_sub-067.nii.gz	V1	1	1.5787133	1
014_S_6920_I1426127.nii.gz	V1	1	1.5787394	1
070_S_6542_I1031290.nii.gz	V1	1	1.5788091	1
035_S_6730_I1460645.nii.gz	V1	1	1.5788231	1
sub-250511855843.nii.gz	V1	1	1.5788474	1
PT030_OpenNeuro_ds002620_sub-13.nii.gz	V1	1	1.5788848	1
PT030_OpenNeuro_ds005405_sub-093.nii.gz	V1	1	1.5788853	1
sub-ON44262.nii.gz	V1	1	1.578897	1
141_S_6240_I974282.nii.gz	V1	1	1.57892	1
sub-277010773559.nii.gz	V1	1	1.5790293	1
114_S_6813_I1516263.nii.gz	V1	1	1.5790331	1
sub-350114404797.nii.gz	V1	1	1.5790741	1
sub-ON21976.nii.gz	V1	1	1.5791409	1
sub-483_ses-wave1.nii.gz	V1	1	1.5791943	1
PT030_OpenNeuro_ds005123_sub-039.nii.gz	V1	1	1.5792061	1
AOMIC-PIOP1_sub-0104_T1w.nii.gz	V1	1	1.5792161	1
sub-141883005255.nii.gz	V1	1	1.5792447	1
007_S_6120_I1081546.nii.gz	V1	1	1.5792577	1
sub-186653896119.nii.gz	V1	1	1.5792751	1
sub-361024685049.nii.gz	V1	1	1.5792958	1
sub-OAS30800_ses-d0029_run-01.nii.gz	V1	1	1.5792987	1
sub-OAS30273_ses-d0077.nii.gz	V1	1	1.5793061	1
sub-OAS30099_ses-d0032.nii.gz	V1	1	1.579342	1
CP0042.nii.gz	V1	1	1.5793515	1
sub-181147758212.nii.gz	V1	1	1.5794232	1
sub-860_ses-wave3.nii.gz	V1	1	1.5794305	1
PT030_OpenNeuro_ds003453_sub-36.nii.gz	V1	1	1.5794483	1
AOMIC-PIOP1_sub-0110_T1w.nii.gz	V1	1	1.5794524	1
PT030_OpenNeuro_ds003453_sub-27.nii.gz	V1	1	1.5794722	1
114_S_6251_I1226508.nii.gz	V1	1	1.5794774	1
011_S_6367_I998447.nii.gz	V1	1	1.5794814	1
PT030_OpenNeuro_ds003481_sub-032.nii.gz	V1	1	1.579483	1
141_S_6178_I1299107.nii.gz	V1	1	1.5794879	1
032_S_6293_I993285.nii.gz	V1	1	1.5794914	1
sub-OAS30570_ses-d0099_run-01.nii.gz	V1	1	1.5795102	1
070_S_6191_I958917.nii.gz	V1	1	1.5795131	1
PT030_OpenNeuro_ds003831_sub-20.nii.gz	V1	1	1.5795381	1
AOMIC-PIOP1_sub-0066_T1w.nii.gz	V1	1	1.5795504	1
PT030_OpenNeuro_ds004128_sub-01.nii.gz	V1	1	1.579563	1
PT030_OpenNeuro_ds005237_sub-198.nii.gz	V1	1	1.5795797	1
sub-ON67121.nii.gz	V1	1	1.5796039	1
AOMIC-PIOP1_sub-0082_T1w.nii.gz	V1	1	1.5796056	1
sub-OAS30132_ses-d0063_run-02.nii.gz	V1	1	1.5796498	1
sub-261_ses-wave2.nii.gz	V1	1	1.5797044	1
073_S_6907_I1469708.nii.gz	V1	1	1.5797288	1
116_S_6750_I1176879.nii.gz	V1	1	1.5797504	1
013_S_4580_I990113.nii.gz	V1	1	1.579752	1
PT030_OpenNeuro_ds001748_sub-47.nii.gz	V1	1	1.5798339	1
PT030_OpenNeuro_ds003542_sub-22.nii.gz	V1	1	1.5798461	1
035_S_7076_I1584200.nii.gz	V1	1	1.5798519	1
CP0027.nii.gz	V1	1	1.5798525	1
sub-OAS31390_sess-d0060.nii.gz	V1	1	1.5799245	1
sub-557_ses-wave3.nii.gz	V1	1	1.5799446	1
PT030_OpenNeuro_ds001748_sub-56.nii.gz	V1	1	1.5799847	1
sub-833405084335.nii.gz	V1	1	1.5799971	1
AOMIC-PIOP1_sub-0161_T1w.nii.gz	V1	1	1.5799999	1
PT030_OpenNeuro_ds004725_sub-79.nii.gz	V1	1	1.5800788	1
PT030_OpenNeuro_ds001748_sub-33.nii.gz	V1	1	1.5801134	1
PT030_OpenNeuro_ds003524_sub-04.nii.gz	V1	1	1.5801235	1
130_S_6035_I914208.nii.gz	V1	1	1.5801328	1
sub-4556_ses-wave1.nii.gz	V1	1	1.5801365	1
PT030_OpenNeuro_ds004312_sub-14.nii.gz	V1	1	1.5801611	1
116_S_6750_I1176878.nii.gz	V1	1	1.5802169	1
AOMIC-PIOP1_sub-0151_T1w.nii.gz	V1	1	1.5802504	1
AOMIC-PIOP1_sub-0026_T1w.nii.gz	V1	1	1.5803075	1
AOMIC-PIOP1_sub-0087_T1w.nii.gz	V1	1	1.5803133	1
116_S_4483_I982443.nii.gz	V1	1	1.5803281	1
AOMIC-PIOP1_sub-0169_T1w.nii.gz	V1	1	1.5803674	1
sub-ON95003.nii.gz	V1	1	1.5803716	1
141_S_6061_I887919.nii.gz	V1	1	1.5803779	1
PT030_OpenNeuro_ds001748_sub-52.nii.gz	V1	1	1.5803852	1
sub-167346018673.nii.gz	V1	1	1.5804063	1
JUK_sub-130.nii.gz	V1	1	1.5805001	1
PT002_Nigerian_Clinical_sub-10.nii.gz	V1	1	1.5805031	1
sub-OAS31048_ses-d1151_run-01.nii.gz	V1	1	1.5805348	1
PT030_OpenNeuro_ds004482_sub-06.nii.gz	V1	1	1.5805469	1
003_S_4288_I1498579.nii.gz	V1	1	1.5805542	1
024_S_4084_I1479560.nii.gz	V1	1	1.5805554	1
sub-OAS30798_sess-d0078.nii.gz	V1	1	1.5805686	1
037_S_6993_I1490106.nii.gz	V1	1	1.580585	1
sub-346048710171.nii.gz	V1	1	1.5805886	1
014_S_6831_I1254387.nii.gz	V1	1	1.5806338	1
sub-OAS30531_ses-d0108_run-01.nii.gz	V1	1	1.5806471	1
sub-OAS30553_ses-d0216_run-01.nii.gz	V1	1	1.5806473	1
AOMIC-PIOP2_sub-0011_T1w.nii.gz	V1	1	1.5806506	1
JUK_sub-72.nii.gz	V1	1	1.5806612	1
sub-4451_ses-wave2.nii.gz	V1	1	1.5806686	1
sub-786291754095.nii.gz	V1	1	1.5806706	1
sub-380356104109.nii.gz	V1	1	1.5806865	1
sub-OAS30660_ses-d3464.nii.gz	V1	1	1.5807096	1
CP0014.nii.gz	V1	1	1.5807728	1
sub-CC710551.nii.gz	V1	1	1.5807925	1
sub-OAS30146_ses-d0272_run-02.nii.gz	V1	1	1.5808067	1
sub-OAS30193_ses-d0043_run-01.nii.gz	V1	1	1.5808301	1
PT030_OpenNeuro_ds005126_sub-03.nii.gz	V1	1	1.5808414	1
PT030_OpenNeuro_ds003242_sub-68.nii.gz	V1	1	1.5808531	1
sub-268346653282.nii.gz	V1	1	1.5808562	1
sub-OAS31412_sess-d0137.nii.gz	V1	1	1.5808605	1
037_S_6187_I1214909.nii.gz	V1	1	1.5808653	1
116_S_4483_I982444.nii.gz	V1	1	1.5808926	1
PT030_OpenNeuro_ds004725_sub-72.nii.gz	V1	1	1.5808947	1
024_S_6005_I1146857.nii.gz	V1	1	1.5809294	1
sub-OAS30875_ses-d0154.nii.gz	V1	1	1.580948	1
sub-OAS30943_ses-d0295.nii.gz	V1	1	1.5809605	1
sub-CC620466.nii.gz	V1	1	1.5810066	1
PT030_OpenNeuro_ds006267_sub-20.nii.gz	V1	1	1.5810252	1
sub-OAS30333_ses-d0093_run-02.nii.gz	V1	1	1.5810336	1
sub-OAS30857_ses-d0058_run-02.nii.gz	V1	1	1.5810603	1
PT030_OpenNeuro_ds004958_sub-25.nii.gz	V1	1	1.581067	1
AOMIC-PIOP2_sub-0133_T1w.nii.gz	V1	1	1.5810748	1
AOMIC-PIOP2_sub-0223_T1w.nii.gz	V1	1	1.5811462	1
033_S_6352_I1174125.nii.gz	V1	1	1.5812026	1
PT030_OpenNeuro_ds004711_sub-120.nii.gz	V1	1	1.5812068	1
sub-OAS31091_ses-d3949_run-01.nii.gz	V1	1	1.5812114	1
sub-844469283877.nii.gz	V1	1	1.5812187	1
sub-OAS30363_ses-d0087_run-01.nii.gz	V1	1	1.5812285	1
sub-704242875726.nii.gz	V1	1	1.5812292	1
130_S_6027_I938632.nii.gz	V1	1	1.5812962	1
sub-OAS30651_ses-d0253_run-01.nii.gz	V1	1	1.5812978	1
sub-600265031153.nii.gz	V1	1	1.5813369	1
AOMIC-PIOP1_sub-0132_T1w.nii.gz	V1	1	1.581341	1
PT030_OpenNeuro_ds005531_sub-01.nii.gz	V1	1	1.5813429	1
AOMIC-PIOP1_sub-0002_T1w.nii.gz	V1	1	1.5814041	1
PT030_OpenNeuro_ds003643_sub-090.nii.gz	V1	1	1.5814505	1
PT030_OpenNeuro_ds004469_sub-02.nii.gz	V1	1	1.5815041	1
sub-1886_ses-wave1.nii.gz	V1	1	1.5815121	1
PT030_OpenNeuro_ds000222_sub-61.nii.gz	V1	1	1.581604	1
PT030_OpenNeuro_ds004795_sub-067.nii.gz	V1	1	1.5816197	1
PT030_OpenNeuro_ds001748_sub-57.nii.gz	V1	1	1.5816246	1
sub-OAS30106_ses-d4675.nii.gz	V1	1	1.5816334	1
sub-ON51111.nii.gz	V1	1	1.5816334	1
sub-OAS30062_ses-d1134_run-01.nii.gz	V1	1	1.5816658	1
sub-994666209803.nii.gz	V1	1	1.5816699	1
sub-142756155441.nii.gz	V1	1	1.5817561	1
PT030_OpenNeuro_ds005892_sub-04.nii.gz	V1	1	1.5818096	1
sub-281368353911.nii.gz	V1	1	1.5818433	1
PT030_OpenNeuro_ds003568_sub-12.nii.gz	V1	1	1.5818497	1
127_S_6232_I980179.nii.gz	V1	1	1.5818896	1
JUK_sub-03.nii.gz	V1	1	1.581891	1
PT030_OpenNeuro_ds003568_sub-44.nii.gz	V1	1	1.5818946	1
sub-CC710664.nii.gz	V1	1	1.5819038	1
sub-CC710548.nii.gz	V1	1	1.5819039	1
sub-ON35773.nii.gz	V1	1	1.5819699	1
sub-216437025414.nii.gz	V1	1	1.581976	1
PT030_OpenNeuro_ds005237_sub-058.nii.gz	V1	1	1.5819771	1
sub-OAS30701_ses-d0054_run-02.nii.gz	V1	1	1.5819886	1
941_S_6574_I1046901.nii.gz	V1	1	1.5820408	1
003_S_6257_I974338.nii.gz	V1	1	1.5820774	1
PT030_OpenNeuro_ds002748_sub-55.nii.gz	V1	1	1.5820812	1
032_S_4277_I1025881.nii.gz	V1	1	1.5821543	1
sub-423177554702.nii.gz	V1	1	1.58216	1
AOMIC-PIOP2_sub-0081_T1w.nii.gz	V1	1	1.5821655	1
sub-OAS30232_ses-d0695_run-01.nii.gz	V1	1	1.5821981	1
PT030_OpenNeuro_ds002748_sub-58.nii.gz	V1	1	1.582216	1
sub-ON13986.nii.gz	V1	1	1.5822176	1
020_S_6513_I1329968.nii.gz	V1	1	1.5822495	1
sub-OAS30801_ses-d0097_run-01.nii.gz	V1	1	1.582262	1
PT030_OpenNeuro_ds004725_sub-82.nii.gz	V1	1	1.5822684	1
PT001_ClevelandCCF_sub-16.nii.gz	V1	1	1.5822726	1
sub-4301_ses-wave2.nii.gz	V1	1	1.5822781	1
014_S_4576_I1226456.nii.gz	V1	1	1.5823218	1
sub-849953102115.nii.gz	V1	1	1.5823227	1
sub-OAS30822_ses-d0036_run-01.nii.gz	V1	1	1.5823318	1
PT030_OpenNeuro_ds000222_sub-56.nii.gz	V1	1	1.5823553	1
sub-593571421825.nii.gz	V1	1	1.5823648	1
041_S_6447_I1047860.nii.gz	V1	1	1.5824085	1
sub-ON88700.nii.gz	V1	1	1.5824094	1
PT030_OpenNeuro_ds004873_sub-20.nii.gz	V1	1	1.5824102	1
AOMIC-PIOP1_sub-0141_T1w.nii.gz	V1	1	1.5824226	1
sub-4488_ses-wave2.nii.gz	V1	1	1.5824323	1
sub-OAS30455_ses-d2887_run-03.nii.gz	V1	1	1.5824354	1
sub-790342109183.nii.gz	V1	1	1.5824615	1
sub-705633983091.nii.gz	V1	1	1.5824912	1
sub-OAS30129_ses-d0055.nii.gz	V1	1	1.5825026	1
sub-OAS30178_ses-d0049.nii.gz	V1	1	1.5825087	1
AOMIC-PIOP1_sub-0113_T1w.nii.gz	V1	1	1.5825131	1
sub-181291024762.nii.gz	V1	1	1.5825975	1
130_S_6027_I938631.nii.gz	V1	1	1.5826032	1
sub-917435174544.nii.gz	V1	1	1.5826511	1
sub-890_ses-wave2.nii.gz	V1	1	1.5826638	1
PT030_OpenNeuro_ds001417_sub-27.nii.gz	V1	1	1.5826874	1
JUK_sub-21.nii.gz	V1	1	1.5827223	1
sub-OAS31339_sess-d0189_run-03.nii.gz	V1	1	1.5827299	1
sub-375658799126.nii.gz	V1	1	1.5827615	1
sub-ON88762.nii.gz	V1	1	1.5828177	1
sub-OAS30671_ses-d0267_run-01.nii.gz	V1	1	1.5828179	1
sub-OAS31114_ses-d1442_run-02.nii.gz	V1	1	1.5828384	1
sub-675459567756.nii.gz	V1	1	1.5828857	1
PT030_OpenNeuro_ds006105_sub-48.nii.gz	V1	1	1.5829173	1
JUK_sub-31.nii.gz	V1	1	1.5829175	1
sub-ON08392.nii.gz	V1	1	1.5829796	1
PT030_OpenNeuro_ds005374_sub-36.nii.gz	V1	1	1.5830476	1
014_S_4401_I1224468.nii.gz	V1	1	1.5830867	1
sub-OAS30840_ses-d0042_run-01.nii.gz	V1	1	1.5830938	1
sub-616763050202.nii.gz	V1	1	1.5830961	1
sub-511702562230.nii.gz	V1	1	1.5831295	1
sub-402295700509.nii.gz	V1	1	1.5831445	1
sub-294697747217.nii.gz	V1	1	1.583154	1
sub-612699294349.nii.gz	V1	1	1.5831627	1
PT030_OpenNeuro_ds004873_sub-52.nii.gz	V1	1	1.583165	1
sub-CC722536.nii.gz	V1	1	1.5831809	1
sub-952623268151.nii.gz	V1	1	1.583205	1
PT030_OpenNeuro_ds005418_sub-32.nii.gz	V1	1	1.583215	1
PT008_AdolescentBrainDevelopment_sub-32.nii.gz	V1	1	1.5833033	1
sub-OAS31075_ses-d1199.nii.gz	V1	1	1.583341	1
014_S_4576_I1072377.nii.gz	V1	1	1.5833436	1
sub-298381638165.nii.gz	V1	1	1.5833639	1
024_S_6385_I1186714.nii.gz	V1	1	1.5833998	1
AOMIC-PIOP1_sub-0093_T1w.nii.gz	V1	1	1.5834135	1
PT030_OpenNeuro_ds003592_sub-192.nii.gz	V1	1	1.5834419	1
sub-OAS30090_ses-d0118.nii.gz	V1	1	1.5834502	1
PT030_OpenNeuro_ds003542_sub-34.nii.gz	V1	1	1.5834726	1
sub-OAS30524_ses-d0198_run-01.nii.gz	V1	1	1.5834786	1
PT030_OpenNeuro_ds004996_sub-32.nii.gz	V1	1	1.5835023	1
PT030_OpenNeuro_ds004958_sub-17.nii.gz	V1	1	1.5835197	1
AOMIC-PIOP2_sub-0166_T1w.nii.gz	V1	1	1.5835781	1
PT030_OpenNeuro_ds004873_sub-13.nii.gz	V1	1	1.583586	1
sub-OAS31089_ses-d0023.nii.gz	V1	1	1.5836264	1
sub-OAS31094_ses-d0103_run-02.nii.gz	V1	1	1.5836483	1
sub-574140052026.nii.gz	V1	1	1.5836828	1
sub-OAS31167_ses-d3530.nii.gz	V1	1	1.5837145	1
PT030_OpenNeuro_ds005123_sub-053.nii.gz	V1	1	1.5837455	1
sub-351489708854.nii.gz	V1	1	1.5837464	1
sub-772_ses-wave2.nii.gz	V1	1	1.5837535	1
AOMIC-PIOP1_sub-0152_T1w.nii.gz	V1	1	1.5837561	1
032_S_4277_I881981.nii.gz	V1	1	1.58385	1
sub-519440386564.nii.gz	V1	1	1.5838511	1
sub-CC722542.nii.gz	V1	1	1.5838825	1
116_S_6517_I1344400.nii.gz	V1	1	1.5839134	1
014_S_6935_I1440035.nii.gz	V1	1	1.5839298	1
sub-745072544230.nii.gz	V1	1	1.583947	1
PT030_OpenNeuro_ds005892_sub-34.nii.gz	V1	1	1.5839561	1
sub-300699768338.nii.gz	V1	1	1.5839602	1
067_S_6117_I1477866.nii.gz	V1	1	1.5839722	1
PT030_OpenNeuro_ds003469_sub-26.nii.gz	V1	1	1.5840119	1
sub-710313763466.nii.gz	V1	1	1.5840323	1
sub-CC721504.nii.gz	V1	1	1.5840386	1
sub-OAS30524_ses-d0198_run-02.nii.gz	V1	1	1.584074	1
PT030_OpenNeuro_ds005405_sub-071.nii.gz	V1	1	1.5840822	1
PT030_OpenNeuro_ds003831_sub-12.nii.gz	V1	1	1.5840954	1
sub-3328_ses-wave1.nii.gz	V1	1	1.5841023	1
CP0023.nii.gz	V1	1	1.5841402	1
PT030_OpenNeuro_ds000007_sub-01.nii.gz	V1	1	1.5841466	1
sub-682373025096.nii.gz	V1	1	1.5841526	1
PT030_OpenNeuro_ds004956_sub-11.nii.gz	V1	1	1.5841739	1
sub-OAS31099_ses-d0086.nii.gz	V1	1	1.5841789	1
PT030_OpenNeuro_ds001748_sub-38.nii.gz	V1	1	1.5841817	1
sub-521804912208.nii.gz	V1	1	1.5842077	1
sub-OAS30169_ses-d0282_run-02.nii.gz	V1	1	1.5842117	1
168_S_6051_I1252024.nii.gz	V1	1	1.5842128	1
sub-OAS30060_ses-d0074_run-01.nii.gz	V1	1	1.5842131	1
116_S_6517_I1344399.nii.gz	V1	1	1.5842375	1
sub-ON43210.nii.gz	V1	1	1.5842524	1
sub-OAS30623_ses-d0054_run-02.nii.gz	V1	1	1.5842915	1
PT030_OpenNeuro_ds001748_sub-29.nii.gz	V1	1	1.5843043	1
123_S_6118_I1561905.nii.gz	V1	1	1.5843081	1
PT030_OpenNeuro_ds004513_sub-04.nii.gz	V1	1	1.584309	1
AOMIC-PIOP1_sub-0185_T1w.nii.gz	V1	1	1.5843239	1
AOMIC-PIOP2_sub-0050_T1w.nii.gz	V1	1	1.5843245	1
032_S_6701_I1154769.nii.gz	V1	1	1.5843631	1
141_S_6178_I1136571.nii.gz	V1	1	1.5844078	1
PT030_OpenNeuro_ds004725_sub-64.nii.gz	V1	1	1.5844594	1
sub-OAS30392_ses-d0730_run-02.nii.gz	V1	1	1.5844711	1
PT030_OpenNeuro_ds004128_sub-09.nii.gz	V1	1	1.5844721	1
sub-3608_ses-wave3.nii.gz	V1	1	1.5845258	1
PT030_OpenNeuro_ds003831_sub-34.nii.gz	V1	1	1.584534	1
PT030_OpenNeuro_ds002006_sub-17.nii.gz	V1	1	1.5845551	1
sub-864075417113.nii.gz	V1	1	1.5845649	1
sub-671_ses-wave1.nii.gz	V1	1	1.5845783	1
sub-1882_ses-wave1.nii.gz	V1	1	1.5846022	1
sub-199448573805.nii.gz	V1	1	1.5846248	1
sub-322195351267.nii.gz	V1	1	1.5846269	1
PT030_OpenNeuro_ds004499_sub-39.nii.gz	V1	1	1.5846326	1
PT030_OpenNeuro_ds006105_sub-47.nii.gz	V1	1	1.5846432	1
037_S_6187_I973541.nii.gz	V1	1	1.5846568	1
sub-CC720516.nii.gz	V1	1	1.5846851	1
PT030_OpenNeuro_ds002797_sub-22.nii.gz	V1	1	1.5847232	1
PT030_OpenNeuro_ds004406_sub-06.nii.gz	V1	1	1.5847247	1
PT030_OpenNeuro_ds006033_sub-02.nii.gz	V1	1	1.5847273	1
sub-OAS30360_ses-d0118.nii.gz	V1	1	1.5847293	1
AOMIC-PIOP1_sub-0044_T1w.nii.gz	V1	1	1.584735	1
PT030_OpenNeuro_ds004737_sub-05.nii.gz	V1	1	1.5847889	1
sub-651870854529.nii.gz	V1	1	1.5847934	1
sub-967739637280.nii.gz	V1	1	1.5847994	1
sub-ON87655.nii.gz	V1	1	1.5848135	1
sub-OAS30729_ses-d3628_run-01.nii.gz	V1	1	1.5848247	1
PT030_OpenNeuro_ds003745_sub-40.nii.gz	V1	1	1.5848348	1
sub-832_ses-wave1.nii.gz	V1	1	1.584842	1
128_S_4607_I1363593.nii.gz	V1	1	1.5848519	1
sub-3005_ses-wave2.nii.gz	V1	1	1.5848877	1
127_S_6348_I1027175.nii.gz	V1	1	1.5849224	1
PT030_OpenNeuro_ds005123_sub-066.nii.gz	V1	1	1.5849253	1
037_S_6956_I1462576.nii.gz	V1	1	1.5849277	1
sub-OAS30157_ses-d2674_run-02.nii.gz	V1	1	1.5849509	1
sub-OAS30706_ses-d0060.nii.gz	V1	1	1.5849718	1
003_S_6260_I1185102.nii.gz	V1	1	1.5849922	1
941_S_4100_I1075536.nii.gz	V1	1	1.5850234	1
PT030_OpenNeuro_ds002643_sub-12.nii.gz	V1	1	1.5850304	1
sub-3344_ses-wave1.nii.gz	V1	1	1.5850455	1
PT030_OpenNeuro_ds004725_sub-87.nii.gz	V1	1	1.5850779	1
sub-OAS30227_ses-d0000_run-02.nii.gz	V1	1	1.5851005	1
sub-OAS30601_ses-d0111.nii.gz	V1	1	1.5851204	1
PT030_OpenNeuro_ds001814_sub-20.nii.gz	V1	1	1.5851567	1
PT030_OpenNeuro_ds000228_sub-006.nii.gz	V1	1	1.585157	1
sub-3392_ses-wave1.nii.gz	V1	1	1.5851777	1
002_S_1261_I1270020.nii.gz	V1	1	1.5851905	1
020_S_6185_I1117156.nii.gz	V1	1	1.5851971	1
sub-137613044284.nii.gz	V1	1	1.5852113	1
sub-OAS30371_ses-d0338_run-01.nii.gz	V1	1	1.5852219	1
sub-OAS30367_ses-d1540_run-01.nii.gz	V1	1	1.5852507	1
sub-335_ses-wave3.nii.gz	V1	1	1.5852553	1
PT030_OpenNeuro_ds003643_sub-109.nii.gz	V1	1	1.5852658	1
sub-4607_ses-wave1.nii.gz	V1	1	1.5852723	1
AOMIC-PIOP2_sub-0225_T1w.nii.gz	V1	1	1.5852888	1
sub-492495844016.nii.gz	V1	1	1.58531	1
sub-OAS30027_ses-d0433_run-03.nii.gz	V1	1	1.5853497	1
JUK_sub-48.nii.gz	V1	1	1.5853498	1
sub-1226_ses-wave3.nii.gz	V1	1	1.585352	1
114_S_6251_I1355445.nii.gz	V1	1	1.5853628	1
PT030_OpenNeuro_ds004285_sub-47.nii.gz	V1	1	1.5853814	1
033_S_1016_I943663.nii.gz	V1	1	1.5854402	1
PT030_OpenNeuro_ds005884_sub-20.nii.gz	V1	1	1.5854477	1
sub-OAS30256_ses-d1284_run-02.nii.gz	V1	1	1.5854592	1
sub-OAS30435_sess-d0054.nii.gz	V1	1	1.5854603	1
sub-OAS30818_ses-d0097_run-01.nii.gz	V1	1	1.5854785	1
sub-211479171648.nii.gz	V1	1	1.5855036	1
PT030_OpenNeuro_ds000102_sub-15.nii.gz	V1	1	1.5855051	1
JUK_sub-39.nii.gz	V1	1	1.5855117	1
PT030_OpenNeuro_ds001748_sub-32.nii.gz	V1	1	1.5855281	1
PT030_OpenNeuro_ds003701_sub-69.nii.gz	V1	1	1.5855417	1
sub-770_ses-wave3.nii.gz	V1	1	1.5855496	1
AOMIC-PIOP1_sub-0008_T1w.nii.gz	V1	1	1.5855508	1
127_S_6436_I1021435.nii.gz	V1	1	1.5856019	1
sub-262202743250.nii.gz	V1	1	1.5856082	1
CP0010.nii.gz	V1	1	1.5856346	1
002_S_4213_I1236679.nii.gz	V1	1	1.5856409	1
sub-OAS30143_ses-d2235_run-01.nii.gz	V1	1	1.585645	1
PT030_OpenNeuro_ds002797_sub-16.nii.gz	V1	1	1.5856724	1
141_S_6178_I961824.nii.gz	V1	1	1.5857102	1
PT030_OpenNeuro_ds004711_sub-008.nii.gz	V1	1	1.5857238	1
sub-183797804453.nii.gz	V1	1	1.5857238	1
PT030_OpenNeuro_ds004636_sub-033.nii.gz	V1	1	1.5857451	1
sub-1316_ses-wave3.nii.gz	V1	1	1.5857722	1
sub-OAS30108_ses-d2066.nii.gz	V1	1	1.5857881	1
sub-784746686469.nii.gz	V1	1	1.5858276	1
023_S_6795_I1195981.nii.gz	V1	1	1.5858512	1
sub-OAS31106_ses-d0065_run-02.nii.gz	V1	1	1.5859089	1
PT030_OpenNeuro_ds000208_sub-14.nii.gz	V1	1	1.5859417	1
PT030_OpenNeuro_ds005405_sub-097.nii.gz	V1	1	1.5859822	1
sub-664400075329.nii.gz	V1	1	1.5859833	1
011_S_6714_I1154285.nii.gz	V1	1	1.5859978	1
PT030_OpenNeuro_ds001608_sub-18.nii.gz	V1	1	1.5860184	1
PT030_OpenNeuro_ds004808_sub-23.nii.gz	V1	1	1.5860447	1
sub-294096075340.nii.gz	V1	1	1.5860484	1
sub-OAS31128_ses-d0673_run-01.nii.gz	V1	1	1.5860645	1
sub-OAS30529_ses-d0099.nii.gz	V1	1	1.5860729	1
002_S_1261_I831065.nii.gz	V1	1	1.5860733	1
sub-OAS30438_ses-d0064_run-01.nii.gz	V1	1	1.5860744	1
941_S_6499_I1023542.nii.gz	V1	1	1.5861276	1
sub-ON41090.nii.gz	V1	1	1.5861374	1
sub-OAS30906_ses-d0035_run-01.nii.gz	V1	1	1.586181	1
sub-OAS30484_sess-d2273.nii.gz	V1	1	1.5861955	1
sub-OAS30747_ses-d0338_run-02.nii.gz	V1	1	1.5861968	1
sub-641924756694.nii.gz	V1	1	1.5862081	1
PT030_OpenNeuro_ds001748_sub-30.nii.gz	V1	1	1.5862454	1
PT030_OpenNeuro_ds005234_sub-26.nii.gz	V1	1	1.586288	1
PT030_OpenNeuro_ds005366_sub-003.nii.gz	V1	1	1.5862918	1
PT030_OpenNeuro_ds004873_sub-42.nii.gz	V1	1	1.5863223	1
PT030_OpenNeuro_ds005366_sub-063.nii.gz	V1	1	1.5863415	1
sub-OAS30014_ses-d0196_run-02.nii.gz	V1	1	1.586382	1
JUK_sub-26.nii.gz	V1	1	1.5864187	1
sub-866905041948.nii.gz	V1	1	1.5865028	1
PT030_OpenNeuro_ds003545_sub-23.nii.gz	V1	1	1.586509	1
sub-688_ses-wave2.nii.gz	V1	1	1.5865169	1
sub-OAS30367_ses-d1540_run-02.nii.gz	V1	1	1.5865222	1
014_S_4401_I907767.nii.gz	V1	1	1.5865256	1
sub-494597935437.nii.gz	V1	1	1.5865699	1
PT030_OpenNeuro_ds003745_sub-24.nii.gz	V1	1	1.5865825	1
sub-OAS31285_sess-d0055.nii.gz	V1	1	1.5866716	1
PT030_OpenNeuro_ds005123_sub-019.nii.gz	V1	1	1.5866857	1
sub-OAS30658_ses-d0237_run-02.nii.gz	V1	1	1.586732	1
014_S_6366_I1002374.nii.gz	V1	1	1.586733	1
sub-428749095291.nii.gz	V1	1	1.5867531	1
sub-OAS30974_ses-d0901.nii.gz	V1	1	1.5867995	1
sub-OAS30143_ses-d2235_run-02.nii.gz	V1	1	1.5868258	1
sub-270532925177.nii.gz	V1	1	1.5868397	1
PT030_OpenNeuro_ds002938_sub-15.nii.gz	V1	1	1.586885	1
sub-OAS30677_ses-d0000.nii.gz	V1	1	1.5868878	1
PT030_OpenNeuro_ds003481_sub-012.nii.gz	V1	1	1.5868983	1
141_S_6061_I887923.nii.gz	V1	1	1.5869005	1
PT030_OpenNeuro_ds005899_sub-44.nii.gz	V1	1	1.5869205	1
PT030_OpenNeuro_ds004499_sub-18.nii.gz	V1	1	1.5869337	1
sub-890147750842.nii.gz	V1	1	1.5869482	1
sub-4847_ses-wave3.nii.gz	V1	1	1.5869597	1
PT030_OpenNeuro_ds001415_sub-16.nii.gz	V1	1	1.5869619	1
sub-OAS30671_ses-d0267_run-02.nii.gz	V1	1	1.5869703	1
CP0205.nii.gz	V1	1	1.5869708	1
AOMIC-PIOP1_sub-0135_T1w.nii.gz	V1	1	1.5869997	1
168_S_6059_I892759.nii.gz	V1	1	1.5870104	1
JUK_sub-56.nii.gz	V1	1	1.5870339	1
PT030_OpenNeuro_ds001415_sub-11.nii.gz	V1	1	1.5870605	1
PT030_OpenNeuro_ds003453_sub-22.nii.gz	V1	1	1.5870776	1
sub-183653154751.nii.gz	V1	1	1.5871241	1
014_S_6920_I1426128.nii.gz	V1	1	1.5871278	1
PT030_OpenNeuro_ds003542_sub-07.nii.gz	V1	1	1.5871319	1
JUK_sub-93.nii.gz	V1	1	1.587137	1
AOMIC-PIOP2_sub-0165_T1w.nii.gz	V1	1	1.5871624	1
sub-OAS31210_sess-d0064.nii.gz	V1	1	1.5871631	1
PT030_OpenNeuro_ds000102_sub-20.nii.gz	V1	1	1.5872341	1
PT030_OpenNeuro_ds004808_sub-07.nii.gz	V1	1	1.5872344	1
sub-OAS30924_ses-d0069.nii.gz	V1	1	1.5872582	1
sub-OAS31423_sess-d0046.nii.gz	V1	1	1.5872602	1
sub-309024406654.nii.gz	V1	1	1.5873322	1
070_S_6548_I1032325.nii.gz	V1	1	1.5873876	1
sub-OAS30174_ses-d0582_run-01.nii.gz	V1	1	1.5874171	1
sub-OAS30037_ses-d0154.nii.gz	V1	1	1.5874172	1
sub-OAS30221_ses-d0079.nii.gz	V1	1	1.5874214	1
PT030_OpenNeuro_ds001814_sub-17.nii.gz	V1	1	1.5874293	1
sub-684_ses-wave3.nii.gz	V1	1	1.5874333	1
PT030_OpenNeuro_ds005525_sub-05.nii.gz	V1	1	1.5874866	1
AOMIC-PIOP1_sub-0211_T1w.nii.gz	V1	1	1.5875186	1
PT030_OpenNeuro_ds002424_sub-31.nii.gz	V1	1	1.5875486	1
sub-2748_ses-wave1.nii.gz	V1	1	1.5875553	1
sub-220_ses-wave3.nii.gz	V1	1	1.587596	1
sub-OAS31057_ses-d1054_run-02.nii.gz	V1	1	1.5876049	1
sub-CC520247.nii.gz	V1	1	1.5876076	1
PT030_OpenNeuro_ds001344_sub-13.nii.gz	V1	1	1.5876242	1
PT030_OpenNeuro_ds004725_sub-52.nii.gz	V1	1	1.5876445	1
PT030_OpenNeuro_ds005899_sub-46.nii.gz	V1	1	1.5876532	1
073_S_4552_I1473416.nii.gz	V1	1	1.5876744	1
PT030_OpenNeuro_ds004331_sub-27.nii.gz	V1	1	1.587725	1
PT001_ClevelandCCF_sub-28.nii.gz	V1	1	1.587759	1
sub-OAS30792_ses-d0106_run-02.nii.gz	V1	1	1.5877817	1
035_S_6946_I1449598.nii.gz	V1	1	1.5877931	1
sub-OAS30117_ses-d2034_run-02.nii.gz	V1	1	1.5878143	1
020_S_6449_I1325857.nii.gz	V1	1	1.5878148	1
PT030_OpenNeuro_ds005123_sub-085.nii.gz	V1	1	1.5878264	1
002_S_6053_I878146.nii.gz	V1	1	1.5878985	1
sub-856371903883.nii.gz	V1	1	1.5879034	1
sub-CC710342.nii.gz	V1	1	1.5879178	1
127_S_4198_I1092491.nii.gz	V1	1	1.5879617	1
sub-OAS30248_ses-d0078.nii.gz	V1	1	1.5879676	1
PT030_OpenNeuro_ds003592_sub-199.nii.gz	V1	1	1.5880138	1
sub-870383451100.nii.gz	V1	1	1.5880331	1
127_S_6357_I1337907.nii.gz	V1	1	1.5880433	1
sub-265534577682.nii.gz	V1	1	1.5880444	1
sub-OAS30257_ses-d0610_run-01.nii.gz	V1	1	1.5880474	1
130_S_6469_I1020036.nii.gz	V1	1	1.5880722	1
AOMIC-PIOP1_sub-0176_T1w.nii.gz	V1	1	1.5880858	1
PT030_OpenNeuro_ds006010_sub-29.nii.gz	V1	1	1.588091	1
sub-381318055265.nii.gz	V1	1	1.5881013	1
sub-OAS30251_ses-d0220_run-02.nii.gz	V1	1	1.5881178	1
AOMIC-PIOP1_sub-0094_T1w.nii.gz	V1	1	1.5881462	1
PT030_OpenNeuro_ds000245_sub-05.nii.gz	V1	1	1.5881479	1
AOMIC-PIOP1_sub-0030_T1w.nii.gz	V1	1	1.5881553	1
sub-OAS30818_ses-d0097_run-02.nii.gz	V1	1	1.5882127	1
PT030_OpenNeuro_ds005405_sub-078.nii.gz	V1	1	1.5882291	1
PT030_OpenNeuro_ds001748_sub-17.nii.gz	V1	1	1.5882457	1
sub-522535703135.nii.gz	V1	1	1.5882638	1
PT030_OpenNeuro_ds001228_sub-01.nii.gz	V1	1	1.5882916	1
sub-117262576182.nii.gz	V1	1	1.5882931	1
AOMIC-PIOP1_sub-0004_T1w.nii.gz	V1	1	1.5883511	1
PT030_OpenNeuro_ds004697_sub-22.nii.gz	V1	1	1.5883703	1
130_S_6105_I1259842.nii.gz	V1	1	1.5883895	1
032_S_6211_I974943.nii.gz	V1	1	1.5883895	1
sub-OAS30157_ses-d2674_run-01.nii.gz	V1	1	1.5884111	1
sub-OAS30038_ses-d3376.nii.gz	V1	1	1.5884686	1
sub-237432325790.nii.gz	V1	1	1.5884995	1
003_S_4441_I1430377.nii.gz	V1	1	1.5885019	1
sub-OAS30789_ses-d1604.nii.gz	V1	1	1.5885088	1
sub-353156518163.nii.gz	V1	1	1.5885932	1
sub-OAS30755_ses-d0063_run-02.nii.gz	V1	1	1.5886011	1
PT030_OpenNeuro_ds003481_sub-044.nii.gz	V1	1	1.588634	1
JUK_sub-91.nii.gz	V1	1	1.5886469	1
sub-461054387316.nii.gz	V1	1	1.5887293	1
sub-3319_ses-wave3.nii.gz	V1	1	1.5887436	1
PT030_OpenNeuro_ds004725_sub-59.nii.gz	V1	1	1.5887994	1
PT030_OpenNeuro_ds004711_sub-181.nii.gz	V1	1	1.5888252	1
sub-496746034871.nii.gz	V1	1	1.5888267	1
PT030_OpenNeuro_ds000222_sub-59.nii.gz	V1	1	1.5888503	1
PT030_OpenNeuro_ds005126_sub-34.nii.gz	V1	1	1.588857	1
PT030_OpenNeuro_ds001545_sub-09.nii.gz	V1	1	1.5888708	1
sub-OAS30631_ses-d0000_run-02.nii.gz	V1	1	1.5889208	1
sub-719305753553.nii.gz	V1	1	1.5889578	1
007_S_6323_I1342528.nii.gz	V1	1	1.5889782	1
PT030_OpenNeuro_ds000222_sub-47.nii.gz	V1	1	1.5889865	1
sub-868370615460.nii.gz	V1	1	1.589036	1
PT030_OpenNeuro_ds005418_sub-19.nii.gz	V1	1	1.5890654	1
sub-335_ses-wave2.nii.gz	V1	1	1.5890698	1
sub-ON21834.nii.gz	V1	1	1.589092	1
PT030_OpenNeuro_ds004725_sub-61.nii.gz	V1	1	1.5891291	1
sub-816210634962.nii.gz	V1	1	1.5891411	1
sub-2043_ses-wave2.nii.gz	V1	1	1.5891945	1
sub-251928801177.nii.gz	V1	1	1.5892874	1
sub-483_ses-wave2.nii.gz	V1	1	1.5892878	1
PT030_OpenNeuro_ds004996_sub-48.nii.gz	V1	1	1.5893235	1
sub-OAS30598_ses-d0069_run-02.nii.gz	V1	1	1.5893239	1
sub-256833090425.nii.gz	V1	1	1.5893428	1
JUK_sub-11.nii.gz	V1	1	1.5893438	1
sub-513571495706.nii.gz	V1	1	1.5894039	1
sub-OAS31161_ses-d0056.nii.gz	V1	1	1.5894053	1
PT030_OpenNeuro_ds006444_sub-11.nii.gz	V1	1	1.5894071	1
sub-823_ses-wave3.nii.gz	V1	1	1.5894121	1
041_S_6159_I949924.nii.gz	V1	1	1.5894701	1
AOMIC-PIOP1_sub-0059_T1w.nii.gz	V1	1	1.5895007	1
PT030_OpenNeuro_ds003831_sub-58.nii.gz	V1	1	1.5895016	1
sub-OAS31106_ses-d0065_run-01.nii.gz	V1	1	1.5895433	1
032_S_6699_I1147981.nii.gz	V1	1	1.5895491	1
AOMIC-PIOP1_sub-0097_T1w.nii.gz	V1	1	1.5895537	1
020_S_6227_I1332407.nii.gz	V1	1	1.5895668	1
sub-OAS31453_sess-d0197.nii.gz	V1	1	1.5895742	1
JUK_sub-146.nii.gz	V1	1	1.5895886	1
sub-OAS30062_ses-d1134_run-02.nii.gz	V1	1	1.5896081	1
sub-828848864811.nii.gz	V1	1	1.5896477	1
PT030_OpenNeuro_ds002366_sub-28.nii.gz	V1	1	1.5896691	1
sub-4691_ses-wave2.nii.gz	V1	1	1.5896736	1
PT030_OpenNeuro_ds002748_sub-63.nii.gz	V1	1	1.5896778	1
JUK_sub-97.nii.gz	V1	1	1.5896876	1
PT030_OpenNeuro_ds001894_sub-019.nii.gz	V1	1	1.5897135	1
sub-735458942202.nii.gz	V1	1	1.5897696	1
sub-OAS30869_ses-d0077_run-01.nii.gz	V1	1	1.5897768	1
041_S_6136_I944422.nii.gz	V1	1	1.5897802	1
sub-1868_ses-wave1.nii.gz	V1	1	1.589787	1
sub-OAS31469_sess-d0105.nii.gz	V1	1	1.5897905	1
sub-185101775136.nii.gz	V1	1	1.5898255	1
100_S_6273_I1221363.nii.gz	V1	1	1.5898311	1
PT030_OpenNeuro_ds006010_sub-39.nii.gz	V1	1	1.5898395	1
PT030_OpenNeuro_ds004996_sub-49.nii.gz	V1	1	1.5898402	1
PT030_OpenNeuro_ds004516_sub-34.nii.gz	V1	1	1.5898478	1
037_S_6187_I1214910.nii.gz	V1	1	1.5898643	1
sub-324608238151.nii.gz	V1	1	1.589878	1
sub-893262325357.nii.gz	V1	1	1.5898865	1
116_S_6517_I1047167.nii.gz	V1	1	1.5899148	1
sub-404646362299.nii.gz	V1	1	1.5899175	1
AOMIC-PIOP1_sub-0129_T1w.nii.gz	V1	1	1.5899575	1
PT030_OpenNeuro_ds004928_sub-08.nii.gz	V1	1	1.5899637	1
127_S_6203_I978946.nii.gz	V1	1	1.5899997	1
sub-OAS30651_ses-d0253_run-02.nii.gz	V1	1	1.5900253	1
sub-OAS31005_ses-d0066_run-01.nii.gz	V1	1	1.5900279	1
033_S_1016_I1262195.nii.gz	V1	1	1.5900296	1
AOMIC-PIOP1_sub-0164_T1w.nii.gz	V1	1	1.5900341	1
041_S_6292_I1354011.nii.gz	V1	1	1.5900363	1
033_S_1016_I1262194.nii.gz	V1	1	1.5900449	1
sub-799691245252.nii.gz	V1	1	1.5900627	1
PT030_OpenNeuro_ds001814_sub-23.nii.gz	V1	1	1.5900722	1
sub-OAS31168_ses-d0148_run-01.nii.gz	V1	1	1.5901335	1
AOMIC-PIOP1_sub-0134_T1w.nii.gz	V1	1	1.5901417	1
PT030_OpenNeuro_ds004331_sub-23.nii.gz	V1	1	1.5901426	1
PT030_OpenNeuro_ds001814_sub-15.nii.gz	V1	1	1.5901891	1
sub-OAS30469_ses-d0112.nii.gz	V1	1	1.5902643	1
sub-748268311357.nii.gz	V1	1	1.5902861	1
sub-OAS30030_ses-d0170.nii.gz	V1	1	1.5902879	1
sub-OAS31146_ses-d0073.nii.gz	V1	1	1.5903037	1
AOMIC-PIOP1_sub-0170_T1w.nii.gz	V1	1	1.5903747	1
PT030_OpenNeuro_ds000245_sub-15.nii.gz	V1	1	1.5903921	1
sub-OAS30800_ses-d0029_run-02.nii.gz	V1	1	1.5904058	1
116_S_6517_I1047168.nii.gz	V1	1	1.59041	1
sub-OAS30701_ses-d0054_run-01.nii.gz	V1	1	1.5904111	1
AOMIC-PIOP1_sub-0039_T1w.nii.gz	V1	1	1.5904253	1
014_S_6935_I1440034.nii.gz	V1	1	1.5904288	1
AOMIC-PIOP1_sub-0117_T1w.nii.gz	V1	1	1.5904477	1
341_S_6653_I1092019.nii.gz	V1	1	1.590478	1
PT030_OpenNeuro_ds004909_sub-12.nii.gz	V1	1	1.5905361	1
PT030_OpenNeuro_ds003481_sub-100.nii.gz	V1	1	1.5905466	1
sub-376647528418.nii.gz	V1	1	1.5906454	1
002_S_6053_I1255412.nii.gz	V1	1	1.5906498	1
sub-OAS30135_ses-d0190.nii.gz	V1	1	1.5906699	1
PT030_OpenNeuro_ds002837_sub-28.nii.gz	V1	1	1.5906711	1
130_S_6319_I990195.nii.gz	V1	1	1.5906929	1
sub-ON86202.nii.gz	V1	1	1.590693	1
CP0204.nii.gz	V1	1	1.5907291	1
PT001_ClevelandCCF_sub-21.nii.gz	V1	1	1.5907656	1
sub-561449069377.nii.gz	V1	1	1.5907723	1
PT030_OpenNeuro_ds005374_sub-24.nii.gz	V1	1	1.590781	1
sub-ON95259.nii.gz	V1	1	1.590804	1
sub-OAS30025_ses-d0210_run-02.nii.gz	V1	1	1.5908239	1
sub-666100372662.nii.gz	V1	1	1.590847	1
PT030_OpenNeuro_ds005892_sub-06.nii.gz	V1	1	1.5908581	1
PT030_OpenNeuro_ds003542_sub-10.nii.gz	V1	1	1.5909115	1
AOMIC-PIOP1_sub-0133_T1w.nii.gz	V1	1	1.5909281	1
PT030_OpenNeuro_ds005366_sub-011.nii.gz	V1	1	1.5909331	1
sub-OAS30027_ses-d0433_run-01.nii.gz	V1	1	1.5909777	1
PT030_OpenNeuro_ds003831_sub-03.nii.gz	V1	1	1.5909996	1
sub-525653325297.nii.gz	V1	1	1.5910091	1
AOMIC-PIOP2_sub-0201_T1w.nii.gz	V1	1	1.5910193	1
JUK_sub-58.nii.gz	V1	1	1.5910678	1
JUK_sub-79.nii.gz	V1	1	1.591135	1
PT030_OpenNeuro_ds006444_sub-02.nii.gz	V1	1	1.591145	1
PT030_OpenNeuro_ds005525_sub-01.nii.gz	V1	1	1.5911497	1
sub-606417784213.nii.gz	V1	1	1.5911543	1
PT030_OpenNeuro_ds005418_sub-23.nii.gz	V1	1	1.5911984	1
PT030_OpenNeuro_ds005366_sub-110.nii.gz	V1	1	1.5912001	1
PT030_OpenNeuro_ds002748_sub-67.nii.gz	V1	1	1.5912025	1
sub-414506329694.nii.gz	V1	1	1.5912232	1
PT030_OpenNeuro_ds005418_sub-35.nii.gz	V1	1	1.5912322	1
sub-342709662149.nii.gz	V1	1	1.5912337	1
PT001_ClevelandCCF_sub-08.nii.gz	V1	1	1.591255	1
sub-ON41606.nii.gz	V1	1	1.5913042	1
070_S_6191_I958916.nii.gz	V1	1	1.5913227	1
PT030_OpenNeuro_ds001814_sub-10.nii.gz	V1	1	1.5913392	1
AOMIC-PIOP2_sub-0010_T1w.nii.gz	V1	1	1.5913895	1
sub-OAS31113_ses-d0033.nii.gz	V1	1	1.5914034	1
sub-381216174589.nii.gz	V1	1	1.5914707	1
035_S_6999_I1492110.nii.gz	V1	1	1.5914891	1
sub-OAS30871_ses-d0040.nii.gz	V1	1	1.5915233	1
sub-734715162301.nii.gz	V1	1	1.591559	1
sub-943129168268.nii.gz	V1	1	1.5915624	1
PT030_OpenNeuro_ds004711_sub-046.nii.gz	V1	1	1.591565	1
PT030_OpenNeuro_ds001545_sub-12.nii.gz	V1	1	1.5915706	1
PT030_OpenNeuro_ds005366_sub-078.nii.gz	V1	1	1.591572	1
sub-OAS30513_ses-d0119.nii.gz	V1	1	1.5915742	1
sub-505223133481.nii.gz	V1	1	1.5916002	1
sub-OAS31014_ses-d1363_run-02.nii.gz	V1	1	1.5916063	1
sub-CC610058.nii.gz	V1	1	1.5916357	1
036_S_6189_I1349605.nii.gz	V1	1	1.5916358	1
sub-454318725460.nii.gz	V1	1	1.5916437	1
sub-OAS31227_sess-d0050.nii.gz	V1	1	1.5916722	1
AOMIC-PIOP1_sub-0194_T1w.nii.gz	V1	1	1.5916797	1
PT030_OpenNeuro_ds001386_sub-32.nii.gz	V1	1	1.5917013	1
sub-OAS30631_ses-d0000_run-01.nii.gz	V1	1	1.5917137	1
PT030_OpenNeuro_ds005366_sub-042.nii.gz	V1	1	1.59175	1
sub-OAS30992_ses-d0016.nii.gz	V1	1	1.5917575	1
PT030_OpenNeuro_ds003453_sub-34.nii.gz	V1	1	1.5917641	1
sub-OAS30759_ses-d0063.nii.gz	V1	1	1.5917679	1
sub-OAS31157_ses-d1361.nii.gz	V1	1	1.5917891	1
sub-OAS30080_ses-d0048.nii.gz	V1	1	1.5918189	1
sub-133559617458.nii.gz	V1	1	1.5919425	1
sub-909177269218.nii.gz	V1	1	1.5919614	1
sub-404462559347.nii.gz	V1	1	1.5919625	1
003_S_6644_I1083042.nii.gz	V1	1	1.5919707	1
sub-601575314713.nii.gz	V1	1	1.5919877	1
sub-OAS30845_ses-d0068.nii.gz	V1	1	1.5920026	1
sub-639549203110.nii.gz	V1	1	1.5920235	1
sub-265153296950.nii.gz	V1	1	1.5920924	1
PT002_Nigerian_Clinical_sub-05.nii.gz	V1	1	1.5921085	1
sub-OAS30321_ses-d0075_run-02.nii.gz	V1	1	1.59212	1
PT030_OpenNeuro_ds004636_sub-091.nii.gz	V1	1	1.592181	1
sub-OAS30346_ses-d1685.nii.gz	V1	1	1.5922364	1
PT030_OpenNeuro_ds003831_sub-37.nii.gz	V1	1	1.5922692	1
sub-OAS30944_ses-d0089_run-01.nii.gz	V1	1	1.59227	1
sub-CC710131.nii.gz	V1	1	1.5923009	1
127_S_6024_I1534037.nii.gz	V1	1	1.5923257	1
sub-OAS30857_ses-d0058_run-01.nii.gz	V1	1	1.5923404	1
002_S_6030_I1229529.nii.gz	V1	1	1.5923551	1
JUK_sub-84.nii.gz	V1	1	1.592357	1
PT030_OpenNeuro_ds004711_sub-178.nii.gz	V1	1	1.592433	1
116_S_6439_I1320572.nii.gz	V1	1	1.5924805	1
JUK_sub-47.nii.gz	V1	1	1.5924814	1
sub-OAS30042_ses-d0067.nii.gz	V1	1	1.5924902	1
sub-OAS30084_ses-d0470_run-02.nii.gz	V1	1	1.5924995	1
AOMIC-PIOP1_sub-0050_T1w.nii.gz	V1	1	1.5925152	1
168_S_6108_I930626.nii.gz	V1	1	1.5925602	1
sub-OAS30657_ses-d0072_run-01.nii.gz	V1	1	1.592595	1
PT030_OpenNeuro_ds005088_sub-15.nii.gz	V1	1	1.5926235	1
RRIB_sub-028.nii.gz	V1	1	1.5926251	1
141_S_6061_I1116406.nii.gz	V1	1	1.5926267	1
sub-CC720290.nii.gz	V1	1	1.5926751	1
sub-949145143097.nii.gz	V1	1	1.5926799	1
PT030_OpenNeuro_ds003453_sub-33.nii.gz	V1	1	1.5927323	1
sub-438858327228.nii.gz	V1	1	1.5927396	1
PT030_OpenNeuro_ds003542_sub-17.nii.gz	V1	1	1.5927604	1
sub-341026253050.nii.gz	V1	1	1.592793	1
941_S_7046_I1553931.nii.gz	V1	1	1.5927931	1
sub-OAS30405_ses-d0079_run-02.nii.gz	V1	1	1.5928067	1
003_S_6307_I1012896.nii.gz	V1	1	1.5928106	1
PT030_OpenNeuro_ds004873_sub-48.nii.gz	V1	1	1.5928403	1
JUK_sub-73.nii.gz	V1	1	1.5928538	1
sub-OAS30483_ses-d0006.nii.gz	V1	1	1.5928881	1
PT030_OpenNeuro_ds004173_sub-095.nii.gz	V1	1	1.5928993	1
sub-OAS30491_ses-d0074.nii.gz	V1	1	1.5929086	1
sub-OAS31068_ses-d1547_run-02.nii.gz	V1	1	1.5929133	1
PT030_OpenNeuro_ds003242_sub-13.nii.gz	V1	1	1.5929155	1
sub-843_ses-wave1.nii.gz	V1	1	1.592916	1
sub-372796067335.nii.gz	V1	1	1.592918	1
sub-566963141709.nii.gz	V1	1	1.5929406	1
sub-380938374512.nii.gz	V1	1	1.5929571	1
014_S_6831_I1254386.nii.gz	V1	1	1.5929724	1
PT030_OpenNeuro_ds004725_sub-76.nii.gz	V1	1	1.5930306	1
sub-1591_ses-wave2.nii.gz	V1	1	1.5930307	1
PT030_OpenNeuro_ds004636_sub-032.nii.gz	V1	1	1.5930835	1
sub-ON66557.nii.gz	V1	1	1.593088	1
PT030_OpenNeuro_ds006010_sub-23.nii.gz	V1	1	1.5930897	1
PT030_OpenNeuro_ds001928_sub-38.nii.gz	V1	1	1.5930907	1
016_S_6931_I1435744.nii.gz	V1	1	1.5931201	1
PT030_OpenNeuro_ds004331_sub-28.nii.gz	V1	1	1.5931216	1
sub-OAS30644_ses-d0136.nii.gz	V1	1	1.5931401	1
sub-OAS30077_ses-d0944.nii.gz	V1	1	1.5931597	1
sub-ON50015.nii.gz	V1	1	1.5932261	1
sub-592382475682.nii.gz	V1	1	1.5932274	1
PT030_OpenNeuro_ds003927_sub-05.nii.gz	V1	1	1.593236	1
sub-OAS31105_ses-d0259_run-02.nii.gz	V1	1	1.5932382	1
PT030_OpenNeuro_ds005684_sub-24.nii.gz	V1	1	1.593245	1
sub-861879662496.nii.gz	V1	1	1.5932807	1
sub-OAS30842_ses-d0526.nii.gz	V1	1	1.5933031	1
sub-OAS31119_ses-d0069.nii.gz	V1	1	1.5933203	1
PT030_OpenNeuro_ds004958_sub-14.nii.gz	V1	1	1.593331	1
sub-1136_ses-wave1.nii.gz	V1	1	1.5933499	1
PT030_OpenNeuro_ds005234_sub-30.nii.gz	V1	1	1.593373	1
sub-OAS30507_ses-d2282.nii.gz	V1	1	1.5933801	1
sub-572261633972.nii.gz	V1	1	1.5934117	1
AOMIC-PIOP1_sub-0143_T1w.nii.gz	V1	1	1.5934248	1
sub-274_ses-wave2.nii.gz	V1	1	1.5934263	1
PT030_OpenNeuro_ds003831_sub-24.nii.gz	V1	1	1.5934459	1
003_S_4288_I914999.nii.gz	V1	1	1.5934794	1
sub-OAS31076_ses-d0071.nii.gz	V1	1	1.5934942	1
PT030_OpenNeuro_ds006395_sub-06.nii.gz	V1	1	1.5935048	1
116_S_6439_I1320573.nii.gz	V1	1	1.5935465	1
PT030_OpenNeuro_ds005126_sub-06.nii.gz	V1	1	1.5935626	1
AOMIC-PIOP2_sub-0059_T1w.nii.gz	V1	1	1.5935743	1
067_S_6958_I1470151.nii.gz	V1	1	1.5935762	1
PT030_OpenNeuro_ds005234_sub-43.nii.gz	V1	1	1.5935833	1
sub-ON06910.nii.gz	V1	1	1.5936853	1
PT030_OpenNeuro_ds002886_sub-10.nii.gz	V1	1	1.5937004	1
PT036_Yale_HighRes_sub-062.nii.gz	V1	1	1.5937198	1
PT030_OpenNeuro_ds003831_sub-23.nii.gz	V1	1	1.5937493	1
PT030_OpenNeuro_ds004469_sub-17.nii.gz	V1	1	1.5937628	1
sub-671053261479.nii.gz	V1	1	1.5937812	1
AOMIC-PIOP1_sub-0033_T1w.nii.gz	V1	1	1.5938166	1
sub-497072431154.nii.gz	V1	1	1.5938412	1
AOMIC-PIOP1_sub-0198_T1w.nii.gz	V1	1	1.5938494	1
sub-494562255867.nii.gz	V1	1	1.593884	1
PT030_OpenNeuro_ds004466_sub-055.nii.gz	V1	1	1.5938867	1
PT030_OpenNeuro_ds000208_sub-06.nii.gz	V1	1	1.5939007	1
sub-3639_ses-wave2.nii.gz	V1	1	1.5939257	1
sub-107012705146.nii.gz	V1	1	1.5939336	1
PT030_OpenNeuro_ds004697_sub-16.nii.gz	V1	1	1.5939463	1
CP0124.nii.gz	V1	1	1.5939498	1
PT030_OpenNeuro_ds004873_sub-69.nii.gz	V1	1	1.5939656	1
sub-3462_ses-wave1.nii.gz	V1	1	1.5940053	1
PT036_Yale_HighRes_sub-127.nii.gz	V1	1	1.5940351	1
sub-OAS30278_ses-d1325_run-02.nii.gz	V1	1	1.5940385	1
PT030_OpenNeuro_ds000249_sub-21.nii.gz	V1	1	1.5940701	1
sub-769671625319.nii.gz	V1	1	1.5941181	1
PT030_OpenNeuro_ds004795_sub-100.nii.gz	V1	1	1.5941261	1
sub-693315701657.nii.gz	V1	1	1.5941321	1
PT030_OpenNeuro_ds004808_sub-16.nii.gz	V1	1	1.5941347	1
137_S_6060_I915810.nii.gz	V1	1	1.5941794	1
sub-828825650995.nii.gz	V1	1	1.5941979	1
PT030_OpenNeuro_ds001928_sub-40.nii.gz	V1	1	1.5941998	1
sub-860_ses-wave2.nii.gz	V1	1	1.5942657	1
sub-OAS30685_ses-d0032.nii.gz	V1	1	1.5942758	1
PT030_OpenNeuro_ds004808_sub-13.nii.gz	V1	1	1.5943168	1
sub-OAS30844_ses-d0035_run-01.nii.gz	V1	1	1.5943513	1
JUK_sub-34.nii.gz	V1	1	1.5944725	1
PT030_OpenNeuro_ds001228_sub-15.nii.gz	V1	1	1.5945083	1
PT030_OpenNeuro_ds004331_sub-06.nii.gz	V1	1	1.5945103	1
003_S_6092_I944379.nii.gz	V1	1	1.5945154	1
PT030_OpenNeuro_ds004331_sub-16.nii.gz	V1	1	1.5945235	1
sub-OAS30664_ses-d0226_run-02.nii.gz	V1	1	1.5945382	1
024_S_4084_I885655.nii.gz	V1	1	1.5945535	1
AOMIC-PIOP1_sub-0023_T1w.nii.gz	V1	1	1.5945541	1
168_S_6059_I1256135.nii.gz	V1	1	1.5945628	1
AOMIC-PIOP1_sub-0192_T1w.nii.gz	V1	1	1.5945762	1
100_S_6273_I984878.nii.gz	V1	1	1.5945959	1
007_S_6323_I986872.nii.gz	V1	1	1.5946025	1
sub-271688697419.nii.gz	V1	1	1.5946707	1
sub-OAS31395_sess-d0044.nii.gz	V1	1	1.5946914	1
sub-369378114293.nii.gz	V1	1	1.5946981	1
PT030_OpenNeuro_ds003453_sub-05.nii.gz	V1	1	1.5947073	1
sub-OAS30445_sess-d1279.nii.gz	V1	1	1.5947098	1
130_S_6161_I950330.nii.gz	V1	1	1.5947411	1
sub-335039689366.nii.gz	V1	1	1.5947881	1
PT030_OpenNeuro_ds000208_sub-19.nii.gz	V1	1	1.5947984	1
sub-OAS31009_ses-d2325.nii.gz	V1	1	1.594814	1
JUK_sub-46.nii.gz	V1	1	1.5948195	1
sub-894512709599.nii.gz	V1	1	1.594888	1
PT030_OpenNeuro_ds005684_sub-06.nii.gz	V1	1	1.5949455	1
sub-OAS31471_sess-d0059.nii.gz	V1	1	1.5949665	1
sub-OAS31226_sess-d0063.nii.gz	V1	1	1.5950142	1
PT030_OpenNeuro_ds001894_sub-016.nii.gz	V1	1	1.5950481	1
sub-150162214316.nii.gz	V1	1	1.5950584	1
JUK_sub-41.nii.gz	V1	1	1.5950708	1
123_S_6118_I1274735.nii.gz	V1	1	1.5951469	1
PT030_OpenNeuro_ds005684_sub-18.nii.gz	V1	1	1.5951571	1
sub-179730432713.nii.gz	V1	1	1.5951633	1
PT030_OpenNeuro_ds001748_sub-35.nii.gz	V1	1	1.595168	1
sub-1225_ses-wave1.nii.gz	V1	1	1.5951707	1
sub-OAS30986_ses-d1188_run-02.nii.gz	V1	1	1.5951718	1
sub-148388865585.nii.gz	V1	1	1.595351	1
sub-1637_ses-wave2.nii.gz	V1	1	1.5953699	1
sub-CC620935.nii.gz	V1	1	1.5953927	1
sub-357874633002.nii.gz	V1	1	1.5954083	1
JUK_sub-32.nii.gz	V1	1	1.595409	1
sub-301317366494.nii.gz	V1	1	1.5954331	1
sub-360_ses-wave3.nii.gz	V1	1	1.5954586	1
sub-157627390163.nii.gz	V1	1	1.5954992	1
127_S_6173_I1300433.nii.gz	V1	1	1.5955079	1
AOMIC-PIOP1_sub-0168_T1w.nii.gz	V1	1	1.5955199	1
JUK_sub-99.nii.gz	V1	1	1.5955249	1
sub-1023_ses-wave3.nii.gz	V1	1	1.5955422	1
sub-593784360328.nii.gz	V1	1	1.5955461	1
PT030_OpenNeuro_ds005418_sub-22.nii.gz	V1	1	1.5955846	1
PT030_OpenNeuro_ds001228_sub-23.nii.gz	V1	1	1.5955884	1
067_S_7061_I1571742.nii.gz	V1	1	1.5955969	1
PT030_OpenNeuro_ds005418_sub-33.nii.gz	V1	1	1.5956237	1
PT030_OpenNeuro_ds004917_sub-42.nii.gz	V1	1	1.595661	1
sub-OAS30044_ses-d0054.nii.gz	V1	1	1.595698	1
sub-3457_ses-wave2.nii.gz	V1	1	1.5957078	1
003_S_6260_I1001084.nii.gz	V1	1	1.5957156	1
sub-OAS30125_ses-d0201_run-02.nii.gz	V1	1	1.5957344	1
PT030_OpenNeuro_ds004711_sub-016.nii.gz	V1	1	1.5957575	1
020_S_6449_I1018201.nii.gz	V1	1	1.5957664	1
sub-OAS30509_ses-d0153_run-01.nii.gz	V1	1	1.5957774	1
sub-ON82798.nii.gz	V1	1	1.5957952	1
sub-OAS31339_sess-d0189_run-01.nii.gz	V1	1	1.5957958	1
AOMIC-PIOP2_sub-0130_T1w.nii.gz	V1	1	1.5958341	1
sub-OAS31077_ses-d0194_run-02.nii.gz	V1	1	1.5958793	1
PT030_OpenNeuro_ds001415_sub-05.nii.gz	V1	1	1.5958927	1
sub-557_ses-wave2.nii.gz	V1	1	1.595895	1
sub-4451_ses-wave3.nii.gz	V1	1	1.5959358	1
PT030_OpenNeuro_ds001748_sub-36.nii.gz	V1	1	1.5959364	1
PT030_OpenNeuro_ds004956_sub-10.nii.gz	V1	1	1.5959493	1
sub-4451_ses-wave1.nii.gz	V1	1	1.595969	1
PT030_OpenNeuro_ds005237_sub-030.nii.gz	V1	1	1.5960082	1
067_S_6138_I1008180.nii.gz	V1	1	1.5960681	1
022_S_6069_I1485104.nii.gz	V1	1	1.5960802	1
sub-542072683465.nii.gz	V1	1	1.5960809	1
sub-502289571878.nii.gz	V1	1	1.5961189	1
sub-902497495837.nii.gz	V1	1	1.5961351	1
sub-183469803882.nii.gz	V1	1	1.5961531	1
sub-OAS31397_sess-d0058.nii.gz	V1	1	1.5961808	1
AOMIC-PIOP1_sub-0011_T1w.nii.gz	V1	1	1.5962608	1
sub-OAS30598_ses-d0069_run-01.nii.gz	V1	1	1.596291	1
sub-329078446221.nii.gz	V1	1	1.596311	1
021_S_4276_I838410.nii.gz	V1	1	1.5963223	1
PT030_OpenNeuro_ds004711_sub-171.nii.gz	V1	1	1.5963234	1
PT030_OpenNeuro_ds003831_sub-07.nii.gz	V1	1	1.5963746	1
sub-485023310830.nii.gz	V1	1	1.596376	1
AOMIC-PIOP2_sub-0063_T1w.nii.gz	V1	1	1.5964001	1
PT030_OpenNeuro_ds000017_sub-02.nii.gz	V1	1	1.5964198	1
AOMIC-PIOP2_sub-0008_T1w.nii.gz	V1	1	1.5964334	1
JUK_sub-86.nii.gz	V1	1	1.5964441	1
sub-211632456861.nii.gz	V1	1	1.5964812	1
sub-CC610372.nii.gz	V1	1	1.5964952	1
073_S_6670_I1469766.nii.gz	V1	1	1.5965146	1
PT030_OpenNeuro_ds004928_sub-03.nii.gz	V1	1	1.5965303	1
sub-404282612970.nii.gz	V1	1	1.5965325	1
130_S_4343_I849455.nii.gz	V1	1	1.5966002	1
006_S_4485_I1278840.nii.gz	V1	1	1.5966423	1
sub-684779203605.nii.gz	V1	1	1.5966482	1
PT030_OpenNeuro_ds004400_sub-15.nii.gz	V1	1	1.5966523	1
PT030_OpenNeuro_ds001408_sub-13.nii.gz	V1	1	1.5966711	1
CP0039.nii.gz	V1	1	1.5966737	1
AOMIC-PIOP1_sub-0100_T1w.nii.gz	V1	1	1.5966827	1
CP0181.nii.gz	V1	1	1.5967169	1
PT001_ClevelandCCF_sub-14.nii.gz	V1	1	1.5967244	1
JUK_sub-88.nii.gz	V1	1	1.5967253	1
sub-OAS30125_ses-d0201_run-01.nii.gz	V1	1	1.5967318	1
AOMIC-PIOP1_sub-0027_T1w.nii.gz	V1	1	1.5967382	1
168_S_6062_I892771.nii.gz	V1	1	1.5967393	1
sub-OAS30025_ses-d0210_run-01.nii.gz	V1	1	1.5967728	1
sub-OAS30562_ses-d0030_run-01.nii.gz	V1	1	1.5967882	1
PT030_OpenNeuro_ds005684_sub-19.nii.gz	V1	1	1.5967954	1
sub-374054466642.nii.gz	V1	1	1.5968475	1
AOMIC-PIOP1_sub-0131_T1w.nii.gz	V1	1	1.596913	1
AOMIC-PIOP1_sub-0085_T1w.nii.gz	V1	1	1.5969211	1
sub-OAS31141_ses-d0106_run-01.nii.gz	V1	1	1.5969431	1
941_S_6998_I1486321.nii.gz	V1	1	1.5969445	1
sub-OAS31159_ses-d0074_run-02.nii.gz	V1	1	1.59695	1
PT030_OpenNeuro_ds004958_sub-16.nii.gz	V1	1	1.5969727	1
PT008_AdolescentBrainDevelopment_sub-24.nii.gz	V1	1	1.5970291	1
941_S_4376_I1225971.nii.gz	V1	1	1.5970863	1
PT030_OpenNeuro_ds004499_sub-30.nii.gz	V1	1	1.5970984	1
PT030_OpenNeuro_ds005056_sub-11.nii.gz	V1	1	1.5971063	1
sub-794572583071.nii.gz	V1	1	1.597118	1
PT030_OpenNeuro_ds006010_sub-22.nii.gz	V1	1	1.5971384	1
sub-OAS31083_ses-d0091_run-01.nii.gz	V1	1	1.597139	1
sub-OAS30065_ses-d0548.nii.gz	V1	1	1.59714	1
sub-OAS30922_ses-d0058.nii.gz	V1	1	1.5971457	1
070_S_6394_I1009371.nii.gz	V1	1	1.5971537	1
sub-212174852658.nii.gz	V1	1	1.5971569	1
sub-OAS30721_sess-d0062.nii.gz	V1	1	1.5971884	1
941_S_4100_I923853.nii.gz	V1	1	1.5972	1
sub-OAS31446_sess-d0070.nii.gz	V1	1	1.5972158	1
sub-3457_ses-wave1.nii.gz	V1	1	1.5972295	1
sub-836567797705.nii.gz	V1	1	1.5972897	1
sub-OAS30657_ses-d0072_run-02.nii.gz	V1	1	1.5972995	1
sub-OAS30540_ses-d0084.nii.gz	V1	1	1.5973294	1
sub-OAS31177_sess-d0022.nii.gz	V1	1	1.5973809	1
PT030_OpenNeuro_ds005237_sub-238.nii.gz	V1	1	1.5974036	1
sub-4615_ses-wave1.nii.gz	V1	1	1.5974036	1
sub-779830642772.nii.gz	V1	1	1.5974044	1
PT030_OpenNeuro_ds000102_sub-17.nii.gz	V1	1	1.5974303	1
sub-OAS30755_ses-d0063_run-01.nii.gz	V1	1	1.5974959	1
PT030_OpenNeuro_ds001748_sub-26.nii.gz	V1	1	1.5975062	1
sub-ON35920.nii.gz	V1	1	1.5975168	1
PT030_OpenNeuro_ds000256_sub-17.nii.gz	V1	1	1.597545	1
sub-CC710416.nii.gz	V1	1	1.5975574	1
JUK_sub-143.nii.gz	V1	1	1.597558	1
sub-OAS30708_ses-d0071.nii.gz	V1	1	1.5975605	1
070_S_6394_I1009372.nii.gz	V1	1	1.597594	1
PT030_OpenNeuro_ds004873_sub-49.nii.gz	V1	1	1.597618	1
PT030_OpenNeuro_ds003242_sub-69.nii.gz	V1	1	1.5976378	1
sub-OAS30832_ses-d0225_run-01.nii.gz	V1	1	1.5976735	1
PT030_OpenNeuro_ds004711_sub-136.nii.gz	V1	1	1.5977057	1
PT030_OpenNeuro_ds003020_sub-04.nii.gz	V1	1	1.5977126	1
CP0020.nii.gz	V1	1	1.5977724	1
PT030_OpenNeuro_ds001748_sub-48.nii.gz	V1	1	1.5978079	1
PT030_OpenNeuro_ds003136_sub-02.nii.gz	V1	1	1.5978203	1
sub-201390671874.nii.gz	V1	1	1.5978327	1
PT030_OpenNeuro_ds003095_sub-25.nii.gz	V1	1	1.5978355	1
sub-OAS30608_ses-d0722_run-01.nii.gz	V1	1	1.5978413	1
AOMIC-PIOP2_sub-0177_T1w.nii.gz	V1	1	1.5978482	1
sub-OAS30746_ses-d0035.nii.gz	V1	1	1.5978594	1
sub-OAS31411_sess-d0053.nii.gz	V1	1	1.597914	1
sub-ON33827.nii.gz	V1	1	1.5979162	1
sub-OAS31440_sess-d0040.nii.gz	V1	1	1.5979519	1
PT030_OpenNeuro_ds004873_sub-37.nii.gz	V1	1	1.597984	1
PT030_OpenNeuro_ds004873_sub-50.nii.gz	V1	1	1.5979921	1
PT030_OpenNeuro_ds005405_sub-089.nii.gz	V1	1	1.5980283	1
sub-OAS30863_ses-d1260_run-01.nii.gz	V1	1	1.5980319	1
sub-OAS30735_ses-d0304_run-01.nii.gz	V1	1	1.5980324	1
sub-266295717907.nii.gz	V1	1	1.5980355	1
sub-265273157235.nii.gz	V1	1	1.5980619	1
sub-4641_ses-wave1.nii.gz	V1	1	1.5980668	1
PT030_OpenNeuro_ds001344_sub-04.nii.gz	V1	1	1.5980816	1
AOMIC-PIOP1_sub-0208_T1w.nii.gz	V1	1	1.5981026	1
PT030_OpenNeuro_ds005525_sub-06.nii.gz	V1	1	1.598106	1
sub-544551531568.nii.gz	V1	1	1.5981698	1
PT030_OpenNeuro_ds003701_sub-61.nii.gz	V1	1	1.5981712	1
JUK_sub-92.nii.gz	V1	1	1.5981935	1
PT030_OpenNeuro_ds000228_sub-005.nii.gz	V1	1	1.5982139	1
003_S_4288_I1226294.nii.gz	V1	1	1.5982267	1
sub-744840336405.nii.gz	V1	1	1.5982449	1
PT030_OpenNeuro_ds004956_sub-04.nii.gz	V1	1	1.5982451	1
sub-4847_ses-wave1.nii.gz	V1	1	1.5982636	1
PT030_OpenNeuro_ds005892_sub-50.nii.gz	V1	1	1.5982729	1
PT030_OpenNeuro_ds005418_sub-28.nii.gz	V1	1	1.5982876	1
sub-851134973595.nii.gz	V1	1	1.5983529	1
024_S_6385_I1003706.nii.gz	V1	1	1.5983906	1
PT030_OpenNeuro_ds002797_sub-18.nii.gz	V1	1	1.5983917	1
168_S_6051_I874879.nii.gz	V1	1	1.5984077	1
sub-OAS30803_ses-d1966_run-01.nii.gz	V1	1	1.5984464	1
067_S_6442_I1480313.nii.gz	V1	1	1.5984486	1
sub-OAS30074_ses-d0049_run-01.nii.gz	V1	1	1.5984567	1
PT030_OpenNeuro_ds001748_sub-28.nii.gz	V1	1	1.5984775	1
sub-419_ses-wave2.nii.gz	V1	1	1.5984961	1
sub-241456506011.nii.gz	V1	1	1.5985061	1
sub-OAS31300_sess-d0212.nii.gz	V1	1	1.5985075	1
032_S_6709_I1152419.nii.gz	V1	1	1.5985312	1
PT030_OpenNeuro_ds003242_sub-57.nii.gz	V1	1	1.598583	1
sub-CC720358.nii.gz	V1	1	1.5985861	1
sub-558736883931.nii.gz	V1	1	1.5985872	1
sub-890378597643.nii.gz	V1	1	1.5986412	1
sub-OAS31142_ses-d0889_run-02.nii.gz	V1	1	1.5986434	1
sub-259424184976.nii.gz	V1	1	1.5986482	1
sub-2117_ses-wave3.nii.gz	V1	1	1.5986606	1
sub-OAS31021_ses-d0049.nii.gz	V1	1	1.5986638	1
sub-OAS30429_ses-d0055.nii.gz	V1	1	1.5986749	1
016_S_6943_I1445758.nii.gz	V1	1	1.5987028	1
sub-OAS30528_ses-d0012.nii.gz	V1	1	1.5987079	1
024_S_6385_I1368078.nii.gz	V1	1	1.5987096	1
PT030_OpenNeuro_ds003481_sub-106.nii.gz	V1	1	1.5987191	1
sub-587_ses-wave2.nii.gz	V1	1	1.5987384	1
PT030_OpenNeuro_ds004482_sub-20.nii.gz	V1	1	1.5988034	1
sub-OAS30027_ses-d0433_run-02.nii.gz	V1	1	1.598804	1
PT030_OpenNeuro_ds000102_sub-25.nii.gz	V1	1	1.5988282	1
020_S_6513_I1224869.nii.gz	V1	1	1.5988443	1
sub-785795758294.nii.gz	V1	1	1.5988445	1
sub-529591604049.nii.gz	V1	1	1.5988483	1
sub-OAS30074_ses-d0049_run-02.nii.gz	V1	1	1.5988492	1
sub-CC711035.nii.gz	V1	1	1.598879	1
sub-OAS31263_sess-d0069.nii.gz	V1	1	1.5989058	1
sub-481487710813.nii.gz	V1	1	1.5989344	1
CP0087.nii.gz	V1	1	1.5989522	1
PT002_Nigerian_Clinical_sub-16.nii.gz	V1	1	1.5990179	1
PT030_OpenNeuro_ds004604_sub-37.nii.gz	V1	1	1.5990531	1
PT030_OpenNeuro_ds006267_sub-22.nii.gz	V1	1	1.599058	1
sub-843782950137.nii.gz	V1	1	1.599069	1
sub-382702610867.nii.gz	V1	1	1.5990983	1
sub-OAS30625_ses-d0033.nii.gz	V1	1	1.5991167	1
sub-847454274925.nii.gz	V1	1	1.5991558	1
PT002_Nigerian_Clinical_sub-14.nii.gz	V1	1	1.599264	1
AOMIC-PIOP2_sub-0184_T1w.nii.gz	V1	1	1.5993061	1
sub-OAS30297_sess-d2331_run-01.nii.gz	V1	1	1.5993063	1
PT030_OpenNeuro_ds001814_sub-14.nii.gz	V1	1	1.5993243	1
PT030_OpenNeuro_ds000233_sub-11.nii.gz	V1	1	1.5993559	1
CP0013.nii.gz	V1	1	1.5993574	1
024_S_6202_I1295347.nii.gz	V1	1	1.5994192	1
PT030_OpenNeuro_ds004094_sub-30.nii.gz	V1	1	1.599438	1
sub-830671088590.nii.gz	V1	1	1.5994732	1
021_S_4276_I1154746.nii.gz	V1	1	1.5994899	1
sub-OAS30500_ses-d0093_run-01.nii.gz	V1	1	1.5994936	1
sub-376021642604.nii.gz	V1	1	1.5995327	1
sub-CC710858.nii.gz	V1	1	1.5995625	1
sub-OAS30959_ses-d0123.nii.gz	V1	1	1.5995724	1
sub-OAS30562_ses-d0030_run-02.nii.gz	V1	1	1.5995815	1
sub-222856043629.nii.gz	V1	1	1.5995932	1
sub-3108_ses-wave1.nii.gz	V1	1	1.5996311	1
sub-877918881496.nii.gz	V1	1	1.5996343	1
sub-OAS30602_ses-d1346.nii.gz	V1	1	1.5996416	1
sub-259391245786.nii.gz	V1	1	1.5996435	1
sub-CC620436.nii.gz	V1	1	1.5996823	1
PT030_OpenNeuro_ds005899_sub-16.nii.gz	V1	1	1.5996826	1
sub-OAS30883_ses-d0282_run-01.nii.gz	V1	1	1.5997337	1
PT030_OpenNeuro_ds005123_sub-065.nii.gz	V1	1	1.599745	1
023_S_6400_I1593283.nii.gz	V1	1	1.5997713	1
AOMIC-PIOP1_sub-0182_T1w.nii.gz	V1	1	1.5997969	1
sub-141565032219.nii.gz	V1	1	1.5998042	1
sub-563326498911.nii.gz	V1	1	1.5998113	1
037_S_6995_I1494601.nii.gz	V1	1	1.5998278	1
032_S_4277_I881980.nii.gz	V1	1	1.5998423	1
PT030_OpenNeuro_ds004892_sub-18.nii.gz	V1	1	1.5998486	1
sub-OAS30832_ses-d0225_run-02.nii.gz	V1	1	1.5998735	1
033_S_6266_I971748.nii.gz	V1	1	1.5998881	1
PT030_OpenNeuro_ds001734_sub-006.nii.gz	V1	1	1.5999135	1
sub-680990983274.nii.gz	V1	1	1.5999192	1
014_S_7080_I1592054.nii.gz	V1	1	1.5999408	1
sub-667802455407.nii.gz	V1	1	1.5999415	1
PT030_OpenNeuro_ds003542_sub-33.nii.gz	V1	1	1.5999584	1
sub-2813_ses-wave2.nii.gz	V1	1	1.5999757	1
sub-OAS30869_ses-d0077_run-02.nii.gz	V1	1	1.5999907	1
037_S_6204_I1190623.nii.gz	V1	1	1.6000108	1
PT030_OpenNeuro_ds002578_sub-02.nii.gz	V1	1	1.6000245	1
PT030_OpenNeuro_ds004996_sub-39.nii.gz	V1	1	1.6001045	1
sub-341853067493.nii.gz	V1	1	1.6001618	1
PT030_OpenNeuro_ds004711_sub-129.nii.gz	V1	1	1.6001643	1
sub-OAS30881_ses-d0304_run-01.nii.gz	V1	1	1.6001669	1
PT030_OpenNeuro_ds003242_sub-41.nii.gz	V1	1	1.6001904	1
PT030_OpenNeuro_ds004873_sub-04.nii.gz	V1	1	1.6001972	1
PT030_OpenNeuro_ds004158_sub-12.nii.gz	V1	1	1.6002283	1
sub-608227590536.nii.gz	V1	1	1.6002369	1
021_S_6994_I1487795.nii.gz	V1	1	1.6002433	1
sub-OAS30858_ses-d0060_run-01.nii.gz	V1	1	1.6002644	1
sub-569532759972.nii.gz	V1	1	1.6002713	1
sub-4791_ses-wave1.nii.gz	V1	1	1.600327	1
PT030_OpenNeuro_ds006092_sub-06.nii.gz	V1	1	1.6003458	1
sub-OAS30113_ses-d1301_run-02.nii.gz	V1	1	1.6003938	1
sub-OAS30908_ses-d0065_run-01.nii.gz	V1	1	1.6004192	1
AOMIC-PIOP1_sub-0036_T1w.nii.gz	V1	1	1.6004406	1
PT030_OpenNeuro_ds004604_sub-47.nii.gz	V1	1	1.6004828	1
JUK_sub-89.nii.gz	V1	1	1.6005021	1
sub-OAS31160_ses-d6062.nii.gz	V1	1	1.6005195	1
sub-4691_ses-wave1.nii.gz	V1	1	1.6005355	1
sub-978760006475.nii.gz	V1	1	1.6005625	1
sub-985675086687.nii.gz	V1	1	1.6005707	1
sub-962634110286.nii.gz	V1	1	1.6005975	1
AOMIC-PIOP2_sub-0071_T1w.nii.gz	V1	1	1.6006291	1
014_S_7080_I1592044.nii.gz	V1	1	1.6006632	1
sub-167793777742.nii.gz	V1	1	1.6006665	1
sub-807148249777.nii.gz	V1	1	1.6006719	1
sub-825201030964.nii.gz	V1	1	1.6006979	1
sub-563683296528.nii.gz	V1	1	1.6006985	1
sub-CC610392.nii.gz	V1	1	1.6007024	1
sub-2127_ses-wave2.nii.gz	V1	1	1.600708	1
PT030_OpenNeuro_ds002748_sub-53.nii.gz	V1	1	1.6007254	1
sub-707579431272.nii.gz	V1	1	1.6007386	1
sub-275841492998.nii.gz	V1	1	1.6007447	1
PT030_OpenNeuro_ds001415_sub-18.nii.gz	V1	1	1.6007732	1
sub-OAS31125_ses-d0049_run-01.nii.gz	V1	1	1.6007754	1
sub-OAS30299_ses-d0119_run-02.nii.gz	V1	1	1.6008115	1
sub-OAS30747_ses-d0338_run-01.nii.gz	V1	1	1.6008297	1
sub-867156589869.nii.gz	V1	1	1.6008527	1
sub-4664_ses-wave1.nii.gz	V1	1	1.6008637	1
sub-CC721291.nii.gz	V1	1	1.600876	1
PT030_OpenNeuro_ds006267_sub-09.nii.gz	V1	1	1.6008862	1
PT030_OpenNeuro_ds001415_sub-20.nii.gz	V1	1	1.6008967	1
JUK_sub-102.nii.gz	V1	1	1.6009204	1
036_S_6189_I958275.nii.gz	V1	1	1.6009276	1
141_S_6240_I974280.nii.gz	V1	1	1.6009399	1
sub-CC721648.nii.gz	V1	1	1.6009417	1
sub-120256972451.nii.gz	V1	1	1.6009511	1
sub-OAS30985_ses-d0084_run-02.nii.gz	V1	1	1.6009618	1
PT030_OpenNeuro_ds005050_sub-02.nii.gz	V1	1	1.6009636	1
sub-615539517070.nii.gz	V1	1	1.601021	1
sub-CC722651.nii.gz	V1	1	1.601067	1
sub-OAS30735_ses-d0304_run-02.nii.gz	V1	1	1.6010885	1
JUK_sub-04.nii.gz	V1	1	1.6011031	1
sub-849064822186.nii.gz	V1	1	1.6011083	1
AOMIC-PIOP1_sub-0153_T1w.nii.gz	V1	1	1.6011806	1
JUK_sub-05.nii.gz	V1	1	1.6012857	1
sub-840847898906.nii.gz	V1	1	1.6013038	1
019_S_4367_I854572.nii.gz	V1	1	1.6013105	1
sub-209325230764.nii.gz	V1	1	1.6013433	1
sub-361496299961.nii.gz	V1	1	1.6013622	1
sub-625380292482.nii.gz	V1	1	1.6013784	1
sub-688_ses-wave3.nii.gz	V1	1	1.6014	1
PT030_OpenNeuro_ds004711_sub-167.nii.gz	V1	1	1.6014125	1
PT030_OpenNeuro_ds004725_sub-84.nii.gz	V1	1	1.6014178	1
024_S_6202_I1554120.nii.gz	V1	1	1.601465	1
sub-OAS30913_ses-d2007.nii.gz	V1	1	1.6014671	1
sub-408202532508.nii.gz	V1	1	1.601472	1
PT030_OpenNeuro_ds005123_sub-068.nii.gz	V1	1	1.6014757	1
036_S_6466_I1059028.nii.gz	V1	1	1.6014824	1
PT030_OpenNeuro_ds004400_sub-18.nii.gz	V1	1	1.6014872	1
035_S_4464_I1278606.nii.gz	V1	1	1.6014956	1
sub-313720413578.nii.gz	V1	1	1.6015034	1
020_S_6227_I966268.nii.gz	V1	1	1.6015236	1
067_S_6117_I935436.nii.gz	V1	1	1.6015635	1
PT030_OpenNeuro_ds004604_sub-14.nii.gz	V1	1	1.601572	1
sub-OAS31350_sess-d0030.nii.gz	V1	1	1.6015751	1
sub-4607_ses-wave2.nii.gz	V1	1	1.6015784	1
JUK_sub-78.nii.gz	V1	1	1.6015805	1
sub-OAS30623_ses-d0054_run-01.nii.gz	V1	1	1.6015977	1
PT030_OpenNeuro_ds005899_sub-05.nii.gz	V1	1	1.60163	1
sub-OAS30174_ses-d0582_run-02.nii.gz	V1	1	1.6016508	1
sub-OAS30263_ses-d0129_run-02.nii.gz	V1	1	1.601706	1
sub-OAS30055_sess-d0065.nii.gz	V1	1	1.6017886	1
024_S_4084_I1195083.nii.gz	V1	1	1.6018002	1
JUK_sub-15.nii.gz	V1	1	1.6018072	1
CP0214.nii.gz	V1	1	1.6018952	1
016_S_6834_I1256802.nii.gz	V1	1	1.6019261	1
PT030_OpenNeuro_ds004917_sub-29.nii.gz	V1	1	1.6019541	1
PT030_OpenNeuro_ds005899_sub-38.nii.gz	V1	1	1.6020013	1
PT030_OpenNeuro_ds004711_sub-011.nii.gz	V1	1	1.6020087	1
sub-OAS30863_ses-d1260_run-02.nii.gz	V1	1	1.6020133	1
sub-OAS30105_ses-d0056.nii.gz	V1	1	1.6020371	1
sub-866109763577.nii.gz	V1	1	1.6020403	1
PT030_OpenNeuro_ds002033_sub-23.nii.gz	V1	1	1.6020415	1
sub-534757267789.nii.gz	V1	1	1.6020653	1
sub-OAS30725_ses-d0160_run-01.nii.gz	V1	1	1.6020657	1
sub-403868905316.nii.gz	V1	1	1.6020976	1
sub-ON80356.nii.gz	V1	1	1.6021035	1
sub-OAS30067_ses-d0057.nii.gz	V1	1	1.6021308	1
sub-1591_ses-wave1.nii.gz	V1	1	1.6021317	1
sub-OAS30219_ses-d0064.nii.gz	V1	1	1.6021353	1
sub-OAS30168_ses-d0059_run-02.nii.gz	V1	1	1.6022193	1
035_S_6160_I950885.nii.gz	V1	1	1.6022348	1
sub-OAS30569_ses-d4070_run-01.nii.gz	V1	1	1.6022666	1
sub-1226_ses-wave2.nii.gz	V1	1	1.6022943	1
PT030_OpenNeuro_ds005899_sub-14.nii.gz	V1	1	1.6023576	1
sub-2743_ses-wave2.nii.gz	V1	1	1.6023749	1
sub-968205067686.nii.gz	V1	1	1.6023765	1
sub-CC720329.nii.gz	V1	1	1.6023881	1
CP0006.nii.gz	V1	1	1.6023898	1
PT032_Tao_Wu_sub-12.nii.gz	V1	1	1.6023914	1
sub-1891_ses-wave1.nii.gz	V1	1	1.6023976	1
sub-OAS30015_ses-d0116_run-02.nii.gz	V1	1	1.6024903	1
JUK_sub-63.nii.gz	V1	1	1.6025102	1
AOMIC-PIOP2_sub-0125_T1w.nii.gz	V1	1	1.6025149	1
sub-OAS31137_ses-d3443.nii.gz	V1	1	1.6025449	1
002_S_1280_I829296.nii.gz	V1	1	1.6025697	1
sub-572301371092.nii.gz	V1	1	1.6025875	1
PT030_OpenNeuro_ds005366_sub-122.nii.gz	V1	1	1.6025918	1
AOMIC-PIOP1_sub-0189_T1w.nii.gz	V1	1	1.6026053	1
sub-119167600899.nii.gz	V1	1	1.6026248	1
PT030_OpenNeuro_ds002643_sub-39.nii.gz	V1	1	1.6027088	1
PT030_OpenNeuro_ds004725_sub-62.nii.gz	V1	1	1.6027321	1
PT030_OpenNeuro_ds002797_sub-04.nii.gz	V1	1	1.6027379	1
sub-OAS30525_ses-d0671_run-01.nii.gz	V1	1	1.6027415	1
sub-OAS31272_sess-d0022.nii.gz	V1	1	1.6028042	1
PT030_OpenNeuro_ds000222_sub-62.nii.gz	V1	1	1.6028217	1
sub-586312611304.nii.gz	V1	1	1.6028358	1
sub-OAS30113_ses-d1301_run-01.nii.gz	V1	1	1.6028558	1
sub-828187678695.nii.gz	V1	1	1.6028703	1
PT030_OpenNeuro_ds005234_sub-35.nii.gz	V1	1	1.6028823	1
sub-OAS30275_ses-d0280_run-02.nii.gz	V1	1	1.6028874	1
sub-OAS30321_ses-d0075_run-01.nii.gz	V1	1	1.6029065	1
sub-361390550814.nii.gz	V1	1	1.6029116	1
sub-802190981378.nii.gz	V1	1	1.6029195	1
PT036_Yale_HighRes_sub-087.nii.gz	V1	1	1.6030097	1
PT001_ClevelandCCF_sub-25.nii.gz	V1	1	1.6030452	1
sub-343433330208.nii.gz	V1	1	1.6031383	1
PT030_OpenNeuro_ds000245_sub-09.nii.gz	V1	1	1.6031495	1
sub-OAS30723_ses-d0042_run-02.nii.gz	V1	1	1.603152	1
PT030_OpenNeuro_ds001299_sub-02.nii.gz	V1	1	1.6031626	1
sub-OAS30956_ses-d0082.nii.gz	V1	1	1.603216	1
sub-283745128842.nii.gz	V1	1	1.6032219	1
037_S_6031_I870102.nii.gz	V1	1	1.603228	1
PT030_OpenNeuro_ds006010_sub-38.nii.gz	V1	1	1.603272	1
sub-801540568785.nii.gz	V1	1	1.6032727	1
PT030_OpenNeuro_ds005418_sub-21.nii.gz	V1	1	1.6032827	1
PT030_OpenNeuro_ds003481_sub-098.nii.gz	V1	1	1.6032897	1
PT002_Nigerian_Clinical_sub-08.nii.gz	V1	1	1.6033142	1
PT030_OpenNeuro_ds003542_sub-32.nii.gz	V1	1	1.6033455	1
116_S_0382_I1485505.nii.gz	V1	1	1.6033508	1
141_S_6008_I1475752.nii.gz	V1	1	1.6033568	1
130_S_6111_I931215.nii.gz	V1	1	1.6033868	1
CP0174.nii.gz	V1	1	1.6034368	1
sub-4575_ses-wave1.nii.gz	V1	1	1.6034462	1
sub-OAS30674_ses-d1011_run-02.nii.gz	V1	1	1.6034678	1
PT030_OpenNeuro_ds001814_sub-03.nii.gz	V1	1	1.603481	1
AOMIC-PIOP2_sub-0194_T1w.nii.gz	V1	1	1.603481	1
PT030_OpenNeuro_ds003592_sub-205.nii.gz	V1	1	1.6034942	1
PT030_OpenNeuro_ds004958_sub-02.nii.gz	V1	1	1.6035055	1
PT030_OpenNeuro_ds005405_sub-082.nii.gz	V1	1	1.6035194	1
sub-553384937893.nii.gz	V1	1	1.6035445	1
PT030_OpenNeuro_ds005088_sub-12.nii.gz	V1	1	1.6035614	1
CP0030.nii.gz	V1	1	1.6035773	1
sub-OAS30725_ses-d0160_run-02.nii.gz	V1	1	1.6036339	1
JUK_sub-135.nii.gz	V1	1	1.6036363	1
sub-296838887435.nii.gz	V1	1	1.6036696	1
sub-782264074263.nii.gz	V1	1	1.6037172	1
sub-ON48555.nii.gz	V1	1	1.6037251	1
PT030_OpenNeuro_ds005234_sub-29.nii.gz	V1	1	1.6037313	1
PT030_OpenNeuro_ds004516_sub-25.nii.gz	V1	1	1.6037409	1
sub-3863_ses-wave3.nii.gz	V1	1	1.6037499	1
sub-OAS31077_ses-d0194_run-01.nii.gz	V1	1	1.6037557	1
AOMIC-PIOP1_sub-0003_T1w.nii.gz	V1	1	1.6037624	1
sub-182492684609.nii.gz	V1	1	1.6037734	1
sub-207275791415.nii.gz	V1	1	1.6037791	1
PT030_OpenNeuro_ds003831_sub-46.nii.gz	V1	1	1.6037996	1
PT030_OpenNeuro_ds004873_sub-26.nii.gz	V1	1	1.6038159	1
PT030_OpenNeuro_ds004996_sub-05.nii.gz	V1	1	1.6038344	1
sub-OAS30557_ses-d1448_run-02.nii.gz	V1	1	1.6038564	1
018_S_6351_I995861.nii.gz	V1	1	1.6038703	1
sub-CC710154.nii.gz	V1	1	1.6038735	1
sub-OAS30647_ses-d0232.nii.gz	V1	1	1.6038799	1
PT030_OpenNeuro_ds003095_sub-23.nii.gz	V1	1	1.6038903	1
116_S_0382_I1485506.nii.gz	V1	1	1.6039761	1
PT030_OpenNeuro_ds004873_sub-47.nii.gz	V1	1	1.603997	1
sub-828204754549.nii.gz	V1	1	1.6040192	1
sub-4581_ses-wave3.nii.gz	V1	1	1.6040295	1
sub-OAS31001_ses-d0064.nii.gz	V1	1	1.6040366	1
CP0127.nii.gz	V1	1	1.6040437	1
sub-OAS31465_sess-d0089.nii.gz	V1	1	1.6040572	1
sub-827668818840.nii.gz	V1	1	1.6040792	1
007_S_4387_I1064236.nii.gz	V1	1	1.6040901	1
sub-741636551928.nii.gz	V1	1	1.6040906	1
PT030_OpenNeuro_ds001408_sub-27.nii.gz	V1	1	1.6040958	1
sub-OAS30284_sess-d4667.nii.gz	V1	1	1.6041085	1
PT030_OpenNeuro_ds000231_sub-09.nii.gz	V1	1	1.6042113	1
sub-823_ses-wave2.nii.gz	V1	1	1.6042398	1
sub-CC710382.nii.gz	V1	1	1.6042835	1
sub-3907_ses-wave1.nii.gz	V1	1	1.6042839	1
sub-672056914948.nii.gz	V1	1	1.6043103	1
PT030_OpenNeuro_ds004892_sub-20.nii.gz	V1	1	1.6043526	1
PT030_OpenNeuro_ds006395_sub-12.nii.gz	V1	1	1.6043708	1
PT030_OpenNeuro_ds004331_sub-19.nii.gz	V1	1	1.6043761	1
007_S_6120_I937847.nii.gz	V1	1	1.6044153	1
sub-OAS31372_sess-d1245.nii.gz	V1	1	1.6044312	1
sub-736341247377.nii.gz	V1	1	1.6044339	1
PT030_OpenNeuro_ds001748_sub-55.nii.gz	V1	1	1.6044364	1
sub-OAS30970_sess-d0237.nii.gz	V1	1	1.6044548	1
AOMIC-PIOP1_sub-0202_T1w.nii.gz	V1	1	1.6045045	1
PT030_OpenNeuro_ds005684_sub-28.nii.gz	V1	1	1.604527	1
AOMIC-PIOP1_sub-0191_T1w.nii.gz	V1	1	1.6045648	1
PT030_OpenNeuro_ds004533_sub-34.nii.gz	V1	1	1.6045712	1
PT030_OpenNeuro_ds004513_sub-06.nii.gz	V1	1	1.6045802	1
sub-419968465879.nii.gz	V1	1	1.6046126	1
PT030_OpenNeuro_ds004469_sub-27.nii.gz	V1	1	1.6046213	1
sub-331772186899.nii.gz	V1	1	1.6046311	1
PT030_OpenNeuro_ds005126_sub-01.nii.gz	V1	1	1.6046383	1
sub-OAS30803_ses-d1966_run-02.nii.gz	V1	1	1.6046816	1
PT030_OpenNeuro_ds001734_sub-097.nii.gz	V1	1	1.6046844	1
sub-OAS30299_ses-d0119_run-01.nii.gz	V1	1	1.6046902	1
PT030_OpenNeuro_ds005405_sub-099.nii.gz	V1	1	1.6046963	1
sub-OAS31313_sess-d0047_run-02.nii.gz	V1	1	1.6046972	1
023_S_6400_I1004030.nii.gz	V1	1	1.6047037	1
PT030_OpenNeuro_ds002886_sub-02.nii.gz	V1	1	1.6047086	1
sub-3406_ses-wave1.nii.gz	V1	1	1.6047362	1
sub-562485434705.nii.gz	V1	1	1.6047416	1
PT030_OpenNeuro_ds000117_sub-15.nii.gz	V1	1	1.6047541	1
sub-905823095507.nii.gz	V1	1	1.6047741	1
PT030_OpenNeuro_ds003242_sub-27.nii.gz	V1	1	1.6047821	1
sub-ON84651.nii.gz	V1	1	1.6048156	1
sub-857482847130.nii.gz	V1	1	1.6048212	1
AOMIC-PIOP1_sub-0213_T1w.nii.gz	V1	1	1.6048396	1
PT036_Yale_HighRes_sub-129.nii.gz	V1	1	1.604894	1
PT030_OpenNeuro_ds001454_sub-11.nii.gz	V1	1	1.6049472	1
067_S_6518_I1036122.nii.gz	V1	1	1.6049689	1
PT030_OpenNeuro_ds004499_sub-08.nii.gz	V1	1	1.6050184	1
PT030_OpenNeuro_ds001894_sub-093.nii.gz	V1	1	1.6050346	1
sub-263988457514.nii.gz	V1	1	1.6050383	1
PT030_OpenNeuro_ds001748_sub-53.nii.gz	V1	1	1.6050389	1
sub-113306873821.nii.gz	V1	1	1.6050446	1
CP0183.nii.gz	V1	1	1.6050935	1
sub-322828430074.nii.gz	V1	1	1.6051013	1
sub-299690677871.nii.gz	V1	1	1.6051134	1
PT030_OpenNeuro_ds004499_sub-17.nii.gz	V1	1	1.6051157	1
AOMIC-PIOP2_sub-0100_T1w.nii.gz	V1	1	1.6051255	1
PT030_OpenNeuro_ds001814_sub-01.nii.gz	V1	1	1.6051388	1
006_S_4357_I964841.nii.gz	V1	1	1.605155	1
CP0046.nii.gz	V1	1	1.6051689	1
sub-199079306360.nii.gz	V1	1	1.6051832	1
JUK_sub-52.nii.gz	V1	1	1.6052219	1
AOMIC-PIOP1_sub-0214_T1w.nii.gz	V1	1	1.6052306	1
PT030_OpenNeuro_ds006267_sub-16.nii.gz	V1	1	1.605245	1
PT030_OpenNeuro_ds001454_sub-05.nii.gz	V1	1	1.6052694	1
sub-920272941764.nii.gz	V1	1	1.6052923	1
sub-OAS30840_ses-d0042_run-02.nii.gz	V1	1	1.6053455	1
PT030_OpenNeuro_ds005684_sub-25.nii.gz	V1	1	1.6053467	1
sub-837824233766.nii.gz	V1	1	1.6053661	1
AOMIC-PIOP1_sub-0207_T1w.nii.gz	V1	1	1.6053698	1
PT030_OpenNeuro_ds005341_sub-07.nii.gz	V1	1	1.6053712	1
CP0073.nii.gz	V1	1	1.605381	1
sub-OAS31323_sess-d0123.nii.gz	V1	1	1.605395	1
sub-OAS30525_ses-d0671_run-02.nii.gz	V1	1	1.6053965	1
AOMIC-PIOP1_sub-0138_T1w.nii.gz	V1	1	1.6054323	1
PT030_OpenNeuro_ds002797_sub-19.nii.gz	V1	1	1.6054598	1
AOMIC-PIOP1_sub-0130_T1w.nii.gz	V1	1	1.6054739	1
PT030_OpenNeuro_ds003499_sub-37.nii.gz	V1	1	1.60556	1
127_S_4198_I914038.nii.gz	V1	1	1.6056198	1
sub-879102897815.nii.gz	V1	1	1.6056283	1
PT030_OpenNeuro_ds002647_sub-79.nii.gz	V1	1	1.6056966	1
sub-503738728205.nii.gz	V1	1	1.6057148	1
PT030_OpenNeuro_ds001748_sub-49.nii.gz	V1	1	1.6057211	1
sub-OAS31322_sess-d0105.nii.gz	V1	1	1.6058055	1
PT030_OpenNeuro_ds002643_sub-60.nii.gz	V1	1	1.6058137	1
sub-OAS30961_sess-d0062.nii.gz	V1	1	1.605815	1
sub-OAS30880_ses-d0554_run-01.nii.gz	V1	1	1.6058445	1
sub-596648006143.nii.gz	V1	1	1.6058593	1
sub-749661058101.nii.gz	V1	1	1.6058774	1
168_S_6049_I1348108.nii.gz	V1	1	1.6059127	1
sub-671181138228.nii.gz	V1	1	1.6059519	1
sub-OAS30419_ses-d1139_run-02.nii.gz	V1	1	1.6059619	1
sub-803272488922.nii.gz	V1	1	1.6059791	1
sub-OAS31083_ses-d0091_run-02.nii.gz	V1	1	1.6060002	1
PT030_OpenNeuro_ds001748_sub-45.nii.gz	V1	1	1.6060086	1
sub-901046779045.nii.gz	V1	1	1.6060418	1
AOMIC-PIOP2_sub-0007_T1w.nii.gz	V1	1	1.6060505	1
PT030_OpenNeuro_ds005899_sub-29.nii.gz	V1	1	1.6060594	1
PT030_OpenNeuro_ds001748_sub-50.nii.gz	V1	1	1.6060861	1
002_S_6404_I1021530.nii.gz	V1	1	1.60614	1
041_S_6292_I986709.nii.gz	V1	1	1.6061417	1
sub-OAS30558_ses-d1429_run-02.nii.gz	V1	1	1.6061424	1
PT030_OpenNeuro_ds004711_sub-139.nii.gz	V1	1	1.6061748	1
sub-162322588774.nii.gz	V1	1	1.6061821	1
AOMIC-PIOP2_sub-0216_T1w.nii.gz	V1	1	1.6061852	1
PT030_OpenNeuro_ds004592_sub-23.nii.gz	V1	1	1.6062092	1
PT030_OpenNeuro_ds004533_sub-27.nii.gz	V1	1	1.6062284	1
sub-OAS30996_ses-d4705.nii.gz	V1	1	1.6062342	1
sub-225227561439.nii.gz	V1	1	1.606269	1
sub-OAS30694_ses-d0180.nii.gz	V1	1	1.6062895	1
sub-3639_ses-wave1.nii.gz	V1	1	1.6063526	1
sub-OAS31165_ses-d1122.nii.gz	V1	1	1.6063716	1
sub-464847660886.nii.gz	V1	1	1.60638	1
PT030_OpenNeuro_ds005123_sub-046.nii.gz	V1	1	1.6063874	1
sub-ON62955.nii.gz	V1	1	1.6064092	1
PT030_OpenNeuro_ds001748_sub-37.nii.gz	V1	1	1.6064234	1
sub-OAS30633_ses-d0111_run-01.nii.gz	V1	1	1.6064291	1
sub-OAS30993_ses-d0059.nii.gz	V1	1	1.6064308	1
PT030_OpenNeuro_ds003831_sub-51.nii.gz	V1	1	1.606438	1
sub-275152235660.nii.gz	V1	1	1.6064897	1
sub-755143257543.nii.gz	V1	1	1.6064932	1
PT030_OpenNeuro_ds006010_sub-31.nii.gz	V1	1	1.6065265	1
PT030_OpenNeuro_ds004808_sub-02.nii.gz	V1	1	1.6065453	1
PT030_OpenNeuro_ds006444_sub-04.nii.gz	V1	1	1.6065536	1
sub-OAS31317_sess-d0077.nii.gz	V1	1	1.6065553	1
sub-OAS30633_ses-d0111_run-02.nii.gz	V1	1	1.6065568	1
sub-OAS30289_ses-d0160.nii.gz	V1	1	1.6065637	1
AOMIC-PIOP2_sub-0183_T1w.nii.gz	V1	1	1.6065842	1
JUK_sub-61.nii.gz	V1	1	1.6065983	1
sub-231221680972.nii.gz	V1	1	1.6066399	1
PT030_OpenNeuro_ds004868_sub-07.nii.gz	V1	1	1.6066716	1
022_S_6069_I1485105.nii.gz	V1	1	1.6066954	1
AOMIC-PIOP2_sub-0009_T1w.nii.gz	V1	1	1.6067183	1
sub-OAS30183_ses-d0082_run-02.nii.gz	V1	1	1.6067203	1
sub-CC520254.nii.gz	V1	1	1.6067464	1
PT030_OpenNeuro_ds004499_sub-12.nii.gz	V1	1	1.6067704	1
PT030_OpenNeuro_ds005266_sub-30.nii.gz	V1	1	1.606784	1
sub-314160125753.nii.gz	V1	1	1.6067947	1
PT030_OpenNeuro_ds004469_sub-23.nii.gz	V1	1	1.6067982	1
sub-OAS30612_sess-d1792.nii.gz	V1	1	1.6068146	1
sub-4394_ses-wave1.nii.gz	V1	1	1.6068659	1
130_S_6391_I1010734.nii.gz	V1	1	1.6069069	1
sub-OAS31064_ses-d2091_run-01.nii.gz	V1	1	1.6069562	1
sub-573338784763.nii.gz	V1	1	1.6069567	1
sub-3102_ses-wave2.nii.gz	V1	1	1.6069705	1
CP0007.nii.gz	V1	1	1.606974	1
PT030_OpenNeuro_ds004516_sub-03.nii.gz	V1	1	1.6069874	1
sub-376_ses-wave1.nii.gz	V1	1	1.6070069	1
PT030_OpenNeuro_ds004469_sub-09.nii.gz	V1	1	1.6070242	1
sub-661217121523.nii.gz	V1	1	1.6070253	1
sub-OAS30880_ses-d0554_run-02.nii.gz	V1	1	1.6070278	1
sub-334236675736.nii.gz	V1	1	1.6070486	1
AOMIC-PIOP2_sub-0159_T1w.nii.gz	V1	1	1.6070493	1
sub-2327_ses-wave1.nii.gz	V1	1	1.6070498	1
JUK_sub-42.nii.gz	V1	1	1.6070566	1
sub-OAS30175_ses-d0349_run-01.nii.gz	V1	1	1.6070578	1
sub-OAS31342_sess-d0097.nii.gz	V1	1	1.6070924	1
sub-566100490218.nii.gz	V1	1	1.6071414	1
sub-OAS31069_ses-d0025_run-02.nii.gz	V1	1	1.6071888	1
AOMIC-PIOP2_sub-0211_T1w.nii.gz	V1	1	1.6071981	1
sub-996920646374.nii.gz	V1	1	1.6072232	1
sub-362795090652.nii.gz	V1	1	1.6072304	1
PT030_OpenNeuro_ds003338_sub-04.nii.gz	V1	1	1.6072332	1
PT030_OpenNeuro_ds005366_sub-040.nii.gz	V1	1	1.6072499	1
021_S_4276_I1430775.nii.gz	V1	1	1.6072531	1
sub-134690078113.nii.gz	V1	1	1.6072574	1
sub-OAS30014_ses-d0196_run-01.nii.gz	V1	1	1.607285	1
sub-880482940780.nii.gz	V1	1	1.6072956	1
003_S_6924_I1427086.nii.gz	V1	1	1.6073229	1
PT030_OpenNeuro_ds006010_sub-37.nii.gz	V1	1	1.6073298	1
127_S_6173_I961583.nii.gz	V1	1	1.6073564	1
sub-OAS31427_sess-d0063.nii.gz	V1	1	1.6073904	1
sub-OAS31069_ses-d0025_run-01.nii.gz	V1	1	1.6074014	1
PT030_OpenNeuro_ds003701_sub-87.nii.gz	V1	1	1.6074014	1
sub-342282201680.nii.gz	V1	1	1.6074187	1
023_S_6346_I996485.nii.gz	V1	1	1.6074345	1
PT030_OpenNeuro_ds002813_sub-30.nii.gz	V1	1	1.6075203	1
PT030_OpenNeuro_ds001748_sub-44.nii.gz	V1	1	1.607547	1
sub-OAS30679_ses-d0091.nii.gz	V1	1	1.6075528	1
sub-696273606035.nii.gz	V1	1	1.6075696	1
sub-2889_ses-wave1.nii.gz	V1	1	1.6075882	1
PT030_OpenNeuro_ds004516_sub-13.nii.gz	V1	1	1.6076044	1
sub-542398394549.nii.gz	V1	1	1.6076114	1
PT030_OpenNeuro_ds002843_sub-163.nii.gz	V1	1	1.6076428	1
019_S_4367_I1167902.nii.gz	V1	1	1.6076537	1
sub-OAS30275_ses-d0280_run-01.nii.gz	V1	1	1.6076576	1
sub-OAS30688_ses-d0120_run-01.nii.gz	V1	1	1.6076593	1
sub-196_ses-wave2.nii.gz	V1	1	1.6076822	1
PT030_OpenNeuro_ds005884_sub-22.nii.gz	V1	1	1.6076871	1
PT030_OpenNeuro_ds004996_sub-01.nii.gz	V1	1	1.6077529	1
sub-OAS31228_sess-d0218.nii.gz	V1	1	1.6077542	1
sub-OAS30927_ses-d0145.nii.gz	V1	1	1.6077614	1
003_S_7010_I1495816.nii.gz	V1	1	1.6077765	1
941_S_6333_I1332469.nii.gz	V1	1	1.6077819	1
sub-176284228978.nii.gz	V1	1	1.6077853	1
sub-924914255631.nii.gz	V1	1	1.6077937	1
sub-143693932248.nii.gz	V1	1	1.6078337	1
sub-OAS31361_sess-d0238.nii.gz	V1	1	1.6078612	1
sub-110197824061.nii.gz	V1	1	1.6078622	1
sub-953_ses-wave2.nii.gz	V1	1	1.6078769	1
sub-577293045337.nii.gz	V1	1	1.6078813	1
PT030_OpenNeuro_ds003721_sub-24.nii.gz	V1	1	1.6079059	1
070_S_6966_I1461223.nii.gz	V1	1	1.607906	1
sub-ON87054.nii.gz	V1	1	1.6079198	1
sub-606527255214.nii.gz	V1	1	1.6079427	1
sub-OAS30263_ses-d0129_run-01.nii.gz	V1	1	1.607951	1
006_S_4485_I1051710.nii.gz	V1	1	1.6079656	1
sub-815762978204.nii.gz	V1	1	1.6079957	1
sub-726357481279.nii.gz	V1	1	1.6080579	1
PT030_OpenNeuro_ds001894_sub-164.nii.gz	V1	1	1.6080769	1
sub-OAS31142_ses-d0889_run-01.nii.gz	V1	1	1.608126	1
sub-OAS31307_sess-d0113.nii.gz	V1	1	1.6081469	1
037_S_4028_I927511.nii.gz	V1	1	1.608198	1
sub-OAS31193_sess-d0275.nii.gz	V1	1	1.6082	1
301_S_6326_I1453802.nii.gz	V1	1	1.6082017	1
sub-OAS30256_ses-d1284_run-01.nii.gz	V1	1	1.6082097	1
PT030_OpenNeuro_ds005123_sub-004.nii.gz	V1	1	1.6082238	1
sub-OAS30792_ses-d0106_run-01.nii.gz	V1	1	1.6082786	1
sub-CC710566.nii.gz	V1	1	1.60829	1
sub-537149039924.nii.gz	V1	1	1.6083033	1
sub-CC620793.nii.gz	V1	1	1.6083177	1
PT030_OpenNeuro_ds001386_sub-31.nii.gz	V1	1	1.6083269	1
sub-OAS30555_sess-d2548.nii.gz	V1	1	1.6084063	1
PT030_OpenNeuro_ds005498_sub-096.nii.gz	V1	1	1.6084146	1
sub-4507_ses-wave1.nii.gz	V1	1	1.6084548	1
sub-943639486886.nii.gz	V1	1	1.6084827	1
sub-CC721114.nii.gz	V1	1	1.6085225	1
sub-OAS31335_sess-d0164.nii.gz	V1	1	1.6085256	1
PT030_OpenNeuro_ds005684_sub-21.nii.gz	V1	1	1.608531	1
sub-OAS31125_ses-d0049_run-02.nii.gz	V1	1	1.6085551	1
sub-ON87313.nii.gz	V1	1	1.6085788	1
sub-175836676634.nii.gz	V1	1	1.6085827	1
sub-OAS30231_ses-d1469.nii.gz	V1	1	1.6086056	1
sub-OAS31388_sess-d0026.nii.gz	V1	1	1.6086085	1
sub-510502423278.nii.gz	V1	1	1.6086178	1
PT030_OpenNeuro_ds001927_sub-18.nii.gz	V1	1	1.6086346	1
sub-CC721418.nii.gz	V1	1	1.6086396	1
PT030_OpenNeuro_ds004697_sub-18.nii.gz	V1	1	1.6086577	1
PT030_OpenNeuro_ds002886_sub-06.nii.gz	V1	1	1.6086826	1
007_S_4387_I1244513.nii.gz	V1	1	1.6086853	1
CP0009.nii.gz	V1	1	1.6087463	1
035_S_6195_I961497.nii.gz	V1	1	1.6087527	1
PT030_OpenNeuro_ds001740_sub-19.nii.gz	V1	1	1.6087908	1
PT030_OpenNeuro_ds003542_sub-09.nii.gz	V1	1	1.6087995	1
sub-274_ses-wave1.nii.gz	V1	1	1.6088241	1
sub-3660_ses-wave3.nii.gz	V1	1	1.6088263	1
AOMIC-PIOP2_sub-0067_T1w.nii.gz	V1	1	1.6088287	1
PT030_OpenNeuro_ds005892_sub-37.nii.gz	V1	1	1.6089104	1
941_S_6454_I1014117.nii.gz	V1	1	1.6089299	1
PT030_OpenNeuro_ds004513_sub-03.nii.gz	V1	1	1.6089419	1
sub-OAS30079_ses-d0019_run-02.nii.gz	V1	1	1.6089518	1
sub-212013673321.nii.gz	V1	1	1.6089721	1
sub-900153837660.nii.gz	V1	1	1.6090525	1
sub-OAS31153_ses-d1174.nii.gz	V1	1	1.6090763	1
sub-OAS30168_ses-d0059_run-01.nii.gz	V1	1	1.6090976	1
033_S_6266_I1320538.nii.gz	V1	1	1.6090987	1
sub-CC720400.nii.gz	V1	1	1.6090994	1
PT030_OpenNeuro_ds004499_sub-47.nii.gz	V1	1	1.6091936	1
PT030_OpenNeuro_ds004711_sub-119.nii.gz	V1	1	1.6092181	1
sub-665303060615.nii.gz	V1	1	1.6092229	1
sub-OAS30500_ses-d0093_run-02.nii.gz	V1	1	1.6092247	1
sub-380007171793.nii.gz	V1	1	1.6092685	1
PT030_OpenNeuro_ds003453_sub-32.nii.gz	V1	1	1.6092917	1
sub-279216257126.nii.gz	V1	1	1.6092924	1
sub-999488036863.nii.gz	V1	1	1.6093054	1
sub-OAS30985_ses-d0084_run-01.nii.gz	V1	1	1.6093187	1
AOMIC-PIOP1_sub-0175_T1w.nii.gz	V1	1	1.6093272	1
006_S_0731_I905360.nii.gz	V1	1	1.6093323	1
sub-449504710644.nii.gz	V1	1	1.6093597	1
AOMIC-PIOP1_sub-0165_T1w.nii.gz	V1	1	1.609363	1
067_S_6045_I874273.nii.gz	V1	1	1.6094145	1
PT030_OpenNeuro_ds002797_sub-21.nii.gz	V1	1	1.609416	1
PT030_OpenNeuro_ds001814_sub-21.nii.gz	V1	1	1.609435	1
PT030_OpenNeuro_ds000228_sub-013.nii.gz	V1	1	1.6094376	1
sub-630920919870.nii.gz	V1	1	1.609455	1
sub-OAS31198_sess-d0119.nii.gz	V1	1	1.6094556	1
PT030_OpenNeuro_ds004285_sub-57.nii.gz	V1	1	1.6094608	1
sub-CC721707.nii.gz	V1	1	1.6094761	1
PT030_OpenNeuro_ds004711_sub-142.nii.gz	V1	1	1.6094977	1
sub-OAS30674_ses-d1011_run-01.nii.gz	V1	1	1.6094983	1
PT030_OpenNeuro_ds000117_sub-03.nii.gz	V1	1	1.6095049	1
AOMIC-PIOP1_sub-0204_T1w.nii.gz	V1	1	1.6095134	1
PT030_OpenNeuro_ds003831_sub-01.nii.gz	V1	1	1.6095314	1
002_S_0413_I863056.nii.gz	V1	1	1.6095412	1
sub-ON94663.nii.gz	V1	1	1.6095493	1
JUK_sub-24.nii.gz	V1	1	1.6095781	1
sub-OAS30664_ses-d0226_run-01.nii.gz	V1	1	1.609616	1
sub-OAS31168_ses-d0148_run-02.nii.gz	V1	1	1.6096493	1
035_S_4464_I959742.nii.gz	V1	1	1.6096754	1
PT030_OpenNeuro_ds001814_sub-12.nii.gz	V1	1	1.6096805	1
JUK_sub-144.nii.gz	V1	1	1.6097502	1
PT030_OpenNeuro_ds005899_sub-15.nii.gz	V1	1	1.6097654	1
sub-OAS30015_ses-d0116_run-01.nii.gz	V1	1	1.6097687	1
JUK_sub-17.nii.gz	V1	1	1.6097864	1
sub-OAS31126_ses-d1156_run-01.nii.gz	V1	1	1.6098207	1
PT030_OpenNeuro_ds004196_sub-02.nii.gz	V1	1	1.6098218	1
sub-OAS30297_sess-d2331_run-02.nii.gz	V1	1	1.609845	1
PT030_OpenNeuro_ds004173_sub-005.nii.gz	V1	1	1.6098666	1
sub-383_ses-wave2.nii.gz	V1	1	1.6098734	1
sub-263817737714.nii.gz	V1	1	1.6098758	1
PT030_OpenNeuro_ds005234_sub-04.nii.gz	V1	1	1.6098917	1
sub-226872124353.nii.gz	V1	1	1.6099157	1
sub-443216080871.nii.gz	V1	1	1.6099226	1
sub-1141_ses-wave1.nii.gz	V1	1	1.6099343	1
AOMIC-PIOP1_sub-0084_T1w.nii.gz	V1	1	1.6099426	1
sub-OAS30643_ses-d0280_run-01.nii.gz	V1	1	1.6099576	1
sub-4488_ses-wave1.nii.gz	V1	1	1.6099627	1
PT030_OpenNeuro_ds005518_sub-35.nii.gz	V1	1	1.6099668	1
sub-OAS30881_ses-d0304_run-02.nii.gz	V1	1	1.6100237	1
AOMIC-PIOP1_sub-0086_T1w.nii.gz	V1	1	1.6100267	1
sub-821588656254.nii.gz	V1	1	1.6100436	1
PT030_OpenNeuro_ds003831_sub-16.nii.gz	V1	1	1.6100723	1
JUK_sub-138.nii.gz	V1	1	1.6100986	1
sub-409_ses-wave1.nii.gz	V1	1	1.6101042	1
sub-875322522146.nii.gz	V1	1	1.6101651	1
CP0055.nii.gz	V1	1	1.6102102	1
sub-421547770064.nii.gz	V1	1	1.6102186	1
PT030_OpenNeuro_ds001894_sub-011.nii.gz	V1	1	1.6102213	1
sub-OAS30155_ses-d0785.nii.gz	V1	1	1.610244	1
PT030_OpenNeuro_ds002643_sub-52.nii.gz	V1	1	1.6102442	1
168_S_6086_I917090.nii.gz	V1	1	1.6102546	1
PT030_OpenNeuro_ds001748_sub-54.nii.gz	V1	1	1.6102736	1
sub-760088018063.nii.gz	V1	1	1.6102833	1
PT030_OpenNeuro_ds006267_sub-02.nii.gz	V1	1	1.6103177	1
JUK_sub-117.nii.gz	V1	1	1.6103259	1
sub-595372614006.nii.gz	V1	1	1.6104105	1
sub-OAS30359_ses-d0069_run-01.nii.gz	V1	1	1.6104186	1
sub-OAS30986_ses-d1188_run-01.nii.gz	V1	1	1.6104431	1
sub-CC712027.nii.gz	V1	1	1.6104752	1
sub-296656452301.nii.gz	V1	1	1.6105121	1
PT030_OpenNeuro_ds005366_sub-111.nii.gz	V1	1	1.6105509	1
sub-493183290825.nii.gz	V1	1	1.6105568	1
sub-CC721224.nii.gz	V1	1	1.6105729	1
sub-2813_ses-wave1.nii.gz	V1	1	1.6106192	1
PT034_Wayne_sub-081.nii.gz	V1	1	1.6106197	1
PT030_OpenNeuro_ds003872_sub-09.nii.gz	V1	1	1.6106281	1
PT030_OpenNeuro_ds003020_sub-02.nii.gz	V1	1	1.6106584	1
sub-ON63335.nii.gz	V1	1	1.6106637	1
AOMIC-PIOP1_sub-0209_T1w.nii.gz	V1	1	1.6106731	1
sub-763770809315.nii.gz	V1	1	1.61069	1
sub-OAS30839_ses-d1394.nii.gz	V1	1	1.6106929	1
020_S_6513_I1029584.nii.gz	V1	1	1.6106981	1
sub-OAS31073_sess-d3760.nii.gz	V1	1	1.6107067	1
sub-330432032472.nii.gz	V1	1	1.6107353	1
PT030_OpenNeuro_ds004711_sub-111.nii.gz	V1	1	1.6107471	1
PT030_OpenNeuro_ds002879_sub-25.nii.gz	V1	1	1.6107478	1
032_S_6709_I1152416.nii.gz	V1	1	1.6107818	1
PT030_OpenNeuro_ds002366_sub-11.nii.gz	V1	1	1.6107879	1
AOMIC-PIOP1_sub-0187_T1w.nii.gz	V1	1	1.610797	1
PT030_OpenNeuro_ds002748_sub-65.nii.gz	V1	1	1.6108011	1
PT030_OpenNeuro_ds001748_sub-39.nii.gz	V1	1	1.6108109	1
sub-187117061343.nii.gz	V1	1	1.6108202	1
PT030_OpenNeuro_ds003721_sub-32.nii.gz	V1	1	1.6108323	1
sub-860_ses-wave1.nii.gz	V1	1	1.6108688	1
sub-OAS30304_ses-d0027.nii.gz	V1	1	1.610899	1
sub-253390292695.nii.gz	V1	1	1.6109161	1
PT030_OpenNeuro_ds004697_sub-08.nii.gz	V1	1	1.6109205	1
PT030_OpenNeuro_ds005418_sub-09.nii.gz	V1	1	1.6109273	1
sub-3242_ses-wave2.nii.gz	V1	1	1.6109442	1
sub-399532554772.nii.gz	V1	1	1.6109589	1
PT030_OpenNeuro_ds000007_sub-02.nii.gz	V1	1	1.6109655	1
sub-414776232096.nii.gz	V1	1	1.6109967	1
sub-OAS30502_ses-d1195.nii.gz	V1	1	1.6110017	1
JUK_sub-38.nii.gz	V1	1	1.6110276	1
PT030_OpenNeuro_ds005418_sub-07.nii.gz	V1	1	1.6110355	1
941_S_6080_I913233.nii.gz	V1	1	1.6110399	1
PT030_OpenNeuro_ds004331_sub-07.nii.gz	V1	1	1.611072	1
116_S_6133_I1281567.nii.gz	V1	1	1.6111124	1
AOMIC-PIOP2_sub-0179_T1w.nii.gz	V1	1	1.611123	1
sub-834921406993.nii.gz	V1	1	1.611146	1
sub-OAS30777_ses-d1747_run-01.nii.gz	V1	1	1.6111475	1
sub-OAS31257_sess-d0097.nii.gz	V1	1	1.6111494	1
sub-205485410446.nii.gz	V1	1	1.6111535	1
sub-437529417484.nii.gz	V1	1	1.6112036	1
sub-OAS31064_ses-d2091_run-02.nii.gz	V1	1	1.6112194	1
sub-779200956310.nii.gz	V1	1	1.6112206	1
PT030_OpenNeuro_ds001928_sub-32.nii.gz	V1	1	1.6112554	1
PT030_OpenNeuro_ds005899_sub-03.nii.gz	V1	1	1.6112909	1
PT030_OpenNeuro_ds002872_sub-29.nii.gz	V1	1	1.6113365	1
sub-OAS30643_ses-d0280_run-02.nii.gz	V1	1	1.6114218	1
sub-499067107005.nii.gz	V1	1	1.6114469	1
sub-488848096628.nii.gz	V1	1	1.6114529	1
sub-CC711128.nii.gz	V1	1	1.6114539	1
sub-205935610459.nii.gz	V1	1	1.6114556	1
PT030_OpenNeuro_ds004795_sub-106.nii.gz	V1	1	1.6114848	1
AOMIC-PIOP1_sub-0022_T1w.nii.gz	V1	1	1.6115254	1
sub-1011_ses-wave1.nii.gz	V1	1	1.6115286	1
sub-609892457500.nii.gz	V1	1	1.6115319	1
sub-558939022769.nii.gz	V1	1	1.611537	1
PT030_OpenNeuro_ds004513_sub-11.nii.gz	V1	1	1.611555	1
sub-OAS30278_ses-d1325_run-01.nii.gz	V1	1	1.6115619	1
sub-OAS31031_ses-d1119_run-01.nii.gz	V1	1	1.6115919	1
sub-780945670746.nii.gz	V1	1	1.6116064	1
PT030_OpenNeuro_ds005234_sub-23.nii.gz	V1	1	1.6116363	1
sub-OAS30908_ses-d0065_run-02.nii.gz	V1	1	1.6116489	1
sub-585134564411.nii.gz	V1	1	1.6116984	1
sub-397393590756.nii.gz	V1	1	1.6117119	1
PT030_OpenNeuro_ds004873_sub-61.nii.gz	V1	1	1.6117618	1
PT030_OpenNeuro_ds000208_sub-16.nii.gz	V1	1	1.6117874	1
PT030_OpenNeuro_ds004725_sub-50.nii.gz	V1	1	1.6117891	1
sub-684_ses-wave2.nii.gz	V1	1	1.6117952	1
sub-2064_ses-wave1.nii.gz	V1	1	1.6118383	1
sub-OAS31116_ses-d0329_run-01.nii.gz	V1	1	1.6118655	1
PT036_Yale_HighRes_sub-051.nii.gz	V1	1	1.6118717	1
sub-OAS31398_sess-d0098.nii.gz	V1	1	1.6119057	1
116_S_6133_I1122102.nii.gz	V1	1	1.6119249	1
sub-276750471965.nii.gz	V1	1	1.6119299	1
PT030_OpenNeuro_ds003831_sub-71.nii.gz	V1	1	1.6119479	1
PT030_OpenNeuro_ds000003_sub-07.nii.gz	V1	1	1.611965	1
JUK_sub-141.nii.gz	V1	1	1.61202	1
PT030_OpenNeuro_ds001796_sub-38.nii.gz	V1	1	1.6120291	1
sub-OAS30001_ses-d0129_run-02.nii.gz	V1	1	1.6120715	1
sub-OAS30626_ses-d1213_run-02.nii.gz	V1	1	1.6120769	1
PT030_OpenNeuro_ds000249_sub-12.nii.gz	V1	1	1.6121169	1
PT030_OpenNeuro_ds003542_sub-08.nii.gz	V1	1	1.6121216	1
sub-103779498683.nii.gz	V1	1	1.6121393	1
PT030_OpenNeuro_ds001894_sub-018.nii.gz	V1	1	1.6121784	1
sub-682605027326.nii.gz	V1	1	1.6121916	1
sub-OAS31196_sess-d0135.nii.gz	V1	1	1.6122035	1
PT030_OpenNeuro_ds005899_sub-17.nii.gz	V1	1	1.6122206	1
sub-CC620444.nii.gz	V1	1	1.6122417	1
035_S_6751_I1182968.nii.gz	V1	1	1.6122701	1
sub-586007150221.nii.gz	V1	1	1.6122762	1
sub-OAS30945_ses-d0155.nii.gz	V1	1	1.6122863	1
sub-655447265483.nii.gz	V1	1	1.6122932	1
AOMIC-PIOP2_sub-0173_T1w.nii.gz	V1	1	1.6123238	1
sub-302405133518.nii.gz	V1	1	1.6123748	1
PT030_OpenNeuro_ds004516_sub-06.nii.gz	V1	1	1.6123843	1
PT030_OpenNeuro_ds004725_sub-55.nii.gz	V1	1	1.6124189	1
PT030_OpenNeuro_ds002886_sub-09.nii.gz	V1	1	1.6124252	1
sub-1849_ses-wave2.nii.gz	V1	1	1.6124287	1
sub-432795930135.nii.gz	V1	1	1.6124667	1
035_S_6967_I1464985.nii.gz	V1	1	1.6124774	1
PT030_OpenNeuro_ds001748_sub-41.nii.gz	V1	1	1.6124781	1
sub-OAS30497_sess-d0056.nii.gz	V1	1	1.61249	1
PT030_OpenNeuro_ds006010_sub-24.nii.gz	V1	1	1.6124984	1
036_S_6088_I916492.nii.gz	V1	1	1.6125103	1
PT030_OpenNeuro_ds001748_sub-40.nii.gz	V1	1	1.6125193	1
sub-565839592675.nii.gz	V1	1	1.6125199	1
PT030_OpenNeuro_ds002872_sub-31.nii.gz	V1	1	1.612524	1
sub-OAS31215_sess-d0063.nii.gz	V1	1	1.6125273	1
PT030_OpenNeuro_ds005884_sub-15.nii.gz	V1	1	1.6126199	1
sub-684_ses-wave1.nii.gz	V1	1	1.6126512	1
sub-736008989502.nii.gz	V1	1	1.6126716	1
sub-OAS30272_ses-d0057_run-01.nii.gz	V1	1	1.6127155	1
sub-OAS30600_ses-d1176_run-01.nii.gz	V1	1	1.6127219	1
014_S_6076_I1558656.nii.gz	V1	1	1.612724	1
PT030_OpenNeuro_ds005123_sub-009.nii.gz	V1	1	1.6127267	1
PT017_HBN-SSI_sub-11.nii.gz	V1	1	1.6127619	1
sub-OAS30883_ses-d0282_run-02.nii.gz	V1	1	1.6127989	1
JUK_sub-134.nii.gz	V1	1	1.6128066	1
sub-OAS30359_ses-d0069_run-02.nii.gz	V1	1	1.6128318	1
AOMIC-PIOP2_sub-0054_T1w.nii.gz	V1	1	1.612838	1
sub-330674960252.nii.gz	V1	1	1.6128402	1
sub-163879475868.nii.gz	V1	1	1.6128722	1
PT030_OpenNeuro_ds006267_sub-23.nii.gz	V1	1	1.6129103	1
PT030_OpenNeuro_ds002345_sub-181.nii.gz	V1	1	1.6129756	1
PT030_OpenNeuro_ds002033_sub-43.nii.gz	V1	1	1.612982	1
AOMIC-PIOP2_sub-0017_T1w.nii.gz	V1	1	1.6129891	1
AOMIC-PIOP1_sub-0212_T1w.nii.gz	V1	1	1.6130133	1
AOMIC-PIOP2_sub-0209_T1w.nii.gz	V1	1	1.6130925	1
sub-OAS30739_ses-d0051.nii.gz	V1	1	1.6131155	1
sub-742191010883.nii.gz	V1	1	1.6131339	1
PT030_OpenNeuro_ds000101_sub-14.nii.gz	V1	1	1.6131529	1
PT030_OpenNeuro_ds004466_sub-084.nii.gz	V1	1	1.6131625	1
141_S_6008_I1101657.nii.gz	V1	1	1.6131656	1
PT030_OpenNeuro_ds003481_sub-094.nii.gz	V1	1	1.6132188	1
sub-343940609775.nii.gz	V1	1	1.6132575	1
PT030_OpenNeuro_ds001608_sub-19.nii.gz	V1	1	1.6132698	1
sub-OAS31059_ses-d1231_run-02.nii.gz	V1	1	1.6132714	1
sub-OAS30989_ses-d0109_run-02.nii.gz	V1	1	1.6132786	1
sub-OAS30001_ses-d0129_run-01.nii.gz	V1	1	1.613295	1
sub-312712182553.nii.gz	V1	1	1.6133133	1
PT030_OpenNeuro_ds004725_sub-65.nii.gz	V1	1	1.6133208	1
019_S_6186_I958499.nii.gz	V1	1	1.6133276	1
sub-4682_ses-wave2.nii.gz	V1	1	1.613343	1
PT030_OpenNeuro_ds004466_sub-102.nii.gz	V1	1	1.6133595	1
sub-OAS31382_sess-d0089.nii.gz	V1	1	1.6133717	1
PT030_OpenNeuro_ds003242_sub-67.nii.gz	V1	1	1.6133802	1
sub-732953690458.nii.gz	V1	1	1.6133862	1
sub-OAS30228_ses-d0090.nii.gz	V1	1	1.613425	1
sub-OAS30638_ses-d0071.nii.gz	V1	1	1.6134281	1
AOMIC-PIOP1_sub-0148_T1w.nii.gz	V1	1	1.6134353	1
sub-OAS30571_ses-d0120_run-02.nii.gz	V1	1	1.6134516	1
PT030_OpenNeuro_ds000101_sub-05.nii.gz	V1	1	1.6134764	1
130_S_6105_I926577.nii.gz	V1	1	1.61349	1
sub-839358712618.nii.gz	V1	1	1.6135343	1
PT030_OpenNeuro_ds001928_sub-26.nii.gz	V1	1	1.6135831	1
sub-OAS30276_ses-d0138.nii.gz	V1	1	1.6135987	1
023_S_6346_I1589895.nii.gz	V1	1	1.6136507	1
AOMIC-PIOP2_sub-0046_T1w.nii.gz	V1	1	1.6136649	1
PT030_OpenNeuro_ds005295_sub-17.nii.gz	V1	1	1.6136718	1
AOMIC-PIOP2_sub-0079_T1w.nii.gz	V1	1	1.6136775	1
PT030_OpenNeuro_ds001748_sub-23.nii.gz	V1	1	1.6136831	1
PT030_OpenNeuro_ds003542_sub-28.nii.gz	V1	1	1.6136911	1
sub-OAS31433_sess-d0061.nii.gz	V1	1	1.6136953	1
sub-200054890273.nii.gz	V1	1	1.6136999	1
PT030_OpenNeuro_ds002797_sub-11.nii.gz	V1	1	1.613752	1
PT030_OpenNeuro_ds004725_sub-68.nii.gz	V1	1	1.6137538	1
sub-789505181151.nii.gz	V1	1	1.6138226	1
sub-OAS31094_ses-d0103_run-01.nii.gz	V1	1	1.6138346	1
sub-455609312958.nii.gz	V1	1	1.6138363	1
sub-1664_ses-wave2.nii.gz	V1	1	1.6138577	1
CP0227.nii.gz	V1	1	1.6138817	1
sub-909164871422.nii.gz	V1	1	1.6138868	1
PT030_OpenNeuro_ds000228_sub-002.nii.gz	V1	1	1.6139238	1
sub-245175546796.nii.gz	V1	1	1.6139325	1
PT030_OpenNeuro_ds002748_sub-66.nii.gz	V1	1	1.61394	1
sub-OAS30010_ses-d0068.nii.gz	V1	1	1.6139452	1
116_S_6133_I1281566.nii.gz	V1	1	1.6139828	1
AOMIC-PIOP2_sub-0139_T1w.nii.gz	V1	1	1.6140338	1
PT030_OpenNeuro_ds004604_sub-34.nii.gz	V1	1	1.614039	1
PT030_OpenNeuro_ds003542_sub-25.nii.gz	V1	1	1.6140491	1
sub-726230140883.nii.gz	V1	1	1.6140563	1
sub-OAS30319_ses-d0043_run-01.nii.gz	V1	1	1.6141193	1
JUK_sub-49.nii.gz	V1	1	1.6141433	1
130_S_6137_I947239.nii.gz	V1	1	1.6141684	1
sub-ON76510.nii.gz	V1	1	1.6141796	1
sub-OAS30819_sess-d1776.nii.gz	V1	1	1.6141951	1
PT030_OpenNeuro_ds004469_sub-65.nii.gz	V1	1	1.6141968	1
sub-OAS31126_ses-d1156_run-02.nii.gz	V1	1	1.6142027	1
sub-OAS31220_sess-d0082.nii.gz	V1	1	1.6142322	1
sub-OAS30723_ses-d0042_run-01.nii.gz	V1	1	1.6142592	1
sub-367946803695.nii.gz	V1	1	1.6142684	1
CP0084.nii.gz	V1	1	1.6142732	1
sub-746042390608.nii.gz	V1	1	1.6142966	1
sub-OAS30780_ses-d0055_run-02.nii.gz	V1	1	1.6143199	1
PT001_ClevelandCCF_sub-03.nii.gz	V1	1	1.6143231	1
PT030_OpenNeuro_ds003242_sub-25.nii.gz	V1	1	1.6143371	1
PT030_OpenNeuro_ds004283_sub-01.nii.gz	V1	1	1.6143663	1
sub-CC610076.nii.gz	V1	1	1.6143713	1
sub-584071855973.nii.gz	V1	1	1.6144514	1
007_S_4637_I1244529.nii.gz	V1	1	1.6144913	1
sub-758981695931.nii.gz	V1	1	1.6144924	1
CP0085.nii.gz	V1	1	1.6145504	1
sub-OAS30568_ses-d0073_run-01.nii.gz	V1	1	1.6145636	1
PT030_OpenNeuro_ds001748_sub-43.nii.gz	V1	1	1.614593	1
sub-OAS31032_ses-d0139_run-01.nii.gz	V1	1	1.6146399	1
PT030_OpenNeuro_ds004469_sub-30.nii.gz	V1	1	1.6146524	1
sub-479540589250.nii.gz	V1	1	1.6146578	1
PT030_OpenNeuro_ds004499_sub-29.nii.gz	V1	1	1.6146891	1
sub-846136040386.nii.gz	V1	1	1.6147475	1
PT030_OpenNeuro_ds004873_sub-46.nii.gz	V1	1	1.6147584	1
PT030_OpenNeuro_ds002886_sub-13.nii.gz	V1	1	1.6147634	1
sub-278098605573.nii.gz	V1	1	1.6147829	1
sub-OAS31105_ses-d0259_run-01.nii.gz	V1	1	1.6148094	1
sub-220_ses-wave2.nii.gz	V1	1	1.614826	1
PT030_OpenNeuro_ds004533_sub-04.nii.gz	V1	1	1.6148885	1
sub-337390852620.nii.gz	V1	1	1.6149212	1
PT030_OpenNeuro_ds003481_sub-043.nii.gz	V1	1	1.614966	1
PT030_OpenNeuro_ds003499_sub-39.nii.gz	V1	1	1.6149688	1
PT030_OpenNeuro_ds001814_sub-19.nii.gz	V1	1	1.6149787	1
PT008_AdolescentBrainDevelopment_sub-07.nii.gz	V1	1	1.6149824	1
PT030_OpenNeuro_ds005405_sub-081.nii.gz	V1	1	1.6149985	1
PT030_OpenNeuro_ds004958_sub-09.nii.gz	V1	1	1.6150056	1
JUK_sub-43.nii.gz	V1	1	1.6150312	1
sub-823_ses-wave1.nii.gz	V1	1	1.6150612	1
PT030_OpenNeuro_ds005405_sub-076.nii.gz	V1	1	1.6150706	1
sub-702763965954.nii.gz	V1	1	1.6150829	1
sub-4679_ses-wave2.nii.gz	V1	1	1.615134	1
PT030_OpenNeuro_ds005884_sub-09.nii.gz	V1	1	1.6151419	1
041_S_6226_I980386.nii.gz	V1	1	1.6151466	1
sub-CC420623.nii.gz	V1	1	1.6151865	1
PT030_OpenNeuro_ds001928_sub-22.nii.gz	V1	1	1.6152037	1
sub-OAS31429_sess-d0062.nii.gz	V1	1	1.61521	1
PT030_OpenNeuro_ds004725_sub-45.nii.gz	V1	1	1.6152313	1
sub-OAS31374_sess-d0306.nii.gz	V1	1	1.6152344	1
037_S_6271_I998806.nii.gz	V1	1	1.6152548	1
sub-OAS30626_ses-d1213_run-01.nii.gz	V1	1	1.6152656	1
sub-957634463134.nii.gz	V1	1	1.6153345	1
sub-750841455509.nii.gz	V1	1	1.6153476	1
sub-963593319869.nii.gz	V1	1	1.6153623	1
AOMIC-PIOP1_sub-0205_T1w.nii.gz	V1	1	1.6153696	1
116_S_6133_I1122101.nii.gz	V1	1	1.6154087	1
sub-376_ses-wave2.nii.gz	V1	1	1.6154119	1
035_S_6156_I948826.nii.gz	V1	1	1.6154296	1
037_S_4028_I1255836.nii.gz	V1	1	1.61543	1
sub-OAS30032_ses-d1661_run-02.nii.gz	V1	1	1.6154407	1
sub-OAS30982_ses-d0063_run-01.nii.gz	V1	1	1.6154507	1
067_S_6442_I1011188.nii.gz	V1	1	1.6155012	1
PT030_OpenNeuro_ds005884_sub-14.nii.gz	V1	1	1.6155068	1
sub-898720492831.nii.gz	V1	1	1.6157032	1
sub-CC723395.nii.gz	V1	1	1.6157273	1
PT030_OpenNeuro_ds005581_sub-09.nii.gz	V1	1	1.615732	1
JUK_sub-109.nii.gz	V1	1	1.6157448	1
PT030_OpenNeuro_ds003745_sub-38.nii.gz	V1	1	1.6157528	1
sub-1476_ses-wave3.nii.gz	V1	1	1.6158072	1
PT030_OpenNeuro_ds005577_sub-55.nii.gz	V1	1	1.6158088	1
AOMIC-PIOP2_sub-0049_T1w.nii.gz	V1	1	1.6158112	1
sub-458784503541.nii.gz	V1	1	1.6158135	1
sub-OAS30225_ses-d0482.nii.gz	V1	1	1.6158186	1
PT030_OpenNeuro_ds001110_sub-01.nii.gz	V1	1	1.6158198	1
sub-994478134080.nii.gz	V1	1	1.6158484	1
sub-543_ses-wave2.nii.gz	V1	1	1.615874	1
AOMIC-PIOP1_sub-0149_T1w.nii.gz	V1	1	1.6158825	1
CP0240.nii.gz	V1	1	1.6159433	1
sub-OAS31401_sess-d0120.nii.gz	V1	1	1.6159712	1
CP0228.nii.gz	V1	1	1.6159811	1
PT030_OpenNeuro_ds004693_sub-29.nii.gz	V1	1	1.6160443	1
sub-OAS30272_ses-d0057_run-02.nii.gz	V1	1	1.6160511	1
sub-CC721888.nii.gz	V1	1	1.6160556	1
CP0162.nii.gz	V1	1	1.6160591	1
941_S_4376_I1037531.nii.gz	V1	1	1.6160741	1
sub-953_ses-wave1.nii.gz	V1	1	1.6160748	1
sub-837734024666.nii.gz	V1	1	1.6160938	1
PT030_OpenNeuro_ds004711_sub-159.nii.gz	V1	1	1.6161171	1
sub-OAS31386_sess-d0202.nii.gz	V1	1	1.6161216	1
sub-136426605261.nii.gz	V1	1	1.6161356	1
PT030_OpenNeuro_ds001415_sub-06.nii.gz	V1	1	1.6161448	1
sub-CC420454.nii.gz	V1	1	1.6161548	1
PT030_OpenNeuro_ds004302_sub-10.nii.gz	V1	1	1.6162183	1
PT012_CHBMP_sub-203.nii.gz	V1	1	1.616223	1
PT030_OpenNeuro_ds004499_sub-37.nii.gz	V1	1	1.6162472	1
033_S_6298_I1320212.nii.gz	V1	1	1.6163136	1
sub-614767601532.nii.gz	V1	1	1.6163561	1
018_S_6207_I963722.nii.gz	V1	1	1.6163745	1
sub-OAS30183_ses-d0082_run-01.nii.gz	V1	1	1.6163821	1
PT030_OpenNeuro_ds000238_sub-17.nii.gz	V1	1	1.6163862	1
PT030_OpenNeuro_ds000222_sub-60.nii.gz	V1	1	1.6164325	1
PT030_OpenNeuro_ds000222_sub-78.nii.gz	V1	1	1.6164402	1
sub-OAS30084_ses-d0470_run-01.nii.gz	V1	1	1.616441	1
JUK_sub-96.nii.gz	V1	1	1.6164455	1
sub-OAS31431_sess-d0070.nii.gz	V1	1	1.6164547	1
sub-472775266402.nii.gz	V1	1	1.6164591	1
067_S_6528_I1033265.nii.gz	V1	1	1.6164931	1
PT002_Nigerian_Clinical_sub-52.nii.gz	V1	1	1.6164936	1
sub-377177271433.nii.gz	V1	1	1.6165833	1
sub-CC510480.nii.gz	V1	1	1.6166091	1
036_S_6088_I1403675.nii.gz	V1	1	1.6166594	1
sub-701473546362.nii.gz	V1	1	1.6166693	1
sub-OAS30039_ses-d0103.nii.gz	V1	1	1.6166966	1
PT030_OpenNeuro_ds002843_sub-087.nii.gz	V1	1	1.6166987	1
sub-497501390567.nii.gz	V1	1	1.6167319	1
PT030_OpenNeuro_ds005469_sub-07.nii.gz	V1	1	1.6167891	1
PT030_OpenNeuro_ds003922_sub-04.nii.gz	V1	1	1.61679	1
sub-OAS30584_ses-d0096.nii.gz	V1	1	1.616797	1
JUK_sub-94.nii.gz	V1	1	1.6167986	1
PT008_AdolescentBrainDevelopment_sub-04.nii.gz	V1	1	1.6168131	1
sub-ON43001.nii.gz	V1	1	1.6168548	1
sub-ON55820.nii.gz	V1	1	1.6168646	1
PT030_OpenNeuro_ds004711_sub-163.nii.gz	V1	1	1.6168929	1
sub-707061453771.nii.gz	V1	1	1.6169019	1
sub-717241611030.nii.gz	V1	1	1.6169022	1
sub-OAS30241_ses-d1203_run-02.nii.gz	V1	1	1.6169409	1
CP0229.nii.gz	V1	1	1.6169553	1
sub-OAS30699_ses-d3846.nii.gz	V1	1	1.6169885	1
sub-CC721618.nii.gz	V1	1	1.617023	1
PT030_OpenNeuro_ds000222_sub-58.nii.gz	V1	1	1.6170374	1
PT030_OpenNeuro_ds002620_sub-37.nii.gz	V1	1	1.6170644	1
AOMIC-PIOP1_sub-0210_T1w.nii.gz	V1	1	1.6171154	1
JUK_sub-16.nii.gz	V1	1	1.6171589	1
sub-940165370546.nii.gz	V1	1	1.6171658	1
PT030_OpenNeuro_ds003499_sub-57.nii.gz	V1	1	1.6171876	1
002_S_6007_I988538.nii.gz	V1	1	1.6172028	1
sub-OAS30464_ses-d0077_run-02.nii.gz	V1	1	1.6172194	1
sub-OAS30351_sess-d2542.nii.gz	V1	1	1.6172429	1
PT030_OpenNeuro_ds006472_sub-01.nii.gz	V1	1	1.6172717	1
sub-CC621199.nii.gz	V1	1	1.6172787	1
sub-967034372580.nii.gz	V1	1	1.6172789	1
sub-801338861657.nii.gz	V1	1	1.6172987	1
sub-OAS31031_ses-d1119_run-02.nii.gz	V1	1	1.6173058	1
AOMIC-PIOP2_sub-0167_T1w.nii.gz	V1	1	1.6173122	1
PT030_OpenNeuro_ds003831_sub-38.nii.gz	V1	1	1.6173295	1
PT030_OpenNeuro_ds004868_sub-03.nii.gz	V1	1	1.6173512	1
PT030_OpenNeuro_ds003242_sub-34.nii.gz	V1	1	1.6173687	1
JUK_sub-132.nii.gz	V1	1	1.6173811	1
sub-619614013878.nii.gz	V1	1	1.6174016	1
sub-OAS30968_ses-d0166.nii.gz	V1	1	1.6174171	1
AOMIC-PIOP2_sub-0185_T1w.nii.gz	V1	1	1.6174173	1
PT030_OpenNeuro_ds005899_sub-23.nii.gz	V1	1	1.6174476	1
PT030_OpenNeuro_ds004513_sub-09.nii.gz	V1	1	1.6174554	1
sub-578842404933.nii.gz	V1	1	1.6174673	1
PT030_OpenNeuro_ds002843_sub-135.nii.gz	V1	1	1.6174785	1
PT030_OpenNeuro_ds005892_sub-33.nii.gz	V1	1	1.6174836	1
sub-CC710214.nii.gz	V1	1	1.6174848	1
073_S_4795_I1473543.nii.gz	V1	1	1.6175016	1
sub-2117_ses-wave2.nii.gz	V1	1	1.6175094	1
sub-681195605560.nii.gz	V1	1	1.6175286	1
PT030_OpenNeuro_ds005418_sub-31.nii.gz	V1	1	1.617531	1
sub-ON86779.nii.gz	V1	1	1.617544	1
PT030_OpenNeuro_ds002366_sub-07.nii.gz	V1	1	1.6175675	1
070_S_6966_I1461224.nii.gz	V1	1	1.6175758	1
PT030_OpenNeuro_ds006472_sub-08.nii.gz	V1	1	1.617588	1
CP0200.nii.gz	V1	1	1.617621	1
sub-362580809232.nii.gz	V1	1	1.6176445	1
sub-OAS30608_ses-d0722_run-02.nii.gz	V1	1	1.6177336	1
sub-OAS31116_ses-d0329_run-02.nii.gz	V1	1	1.6177351	1
sub-3608_ses-wave2.nii.gz	V1	1	1.6177438	1
sub-618448455843.nii.gz	V1	1	1.6177464	1
sub-815780161044.nii.gz	V1	1	1.6177616	1
016_S_4951_I820302.nii.gz	V1	1	1.6177638	1
PT030_OpenNeuro_ds004456_sub-28.nii.gz	V1	1	1.6178213	1
PT036_Yale_HighRes_sub-034.nii.gz	V1	1	1.6178224	1
168_S_6413_I1346152.nii.gz	V1	1	1.6178406	1
067_S_6528_I1480184.nii.gz	V1	1	1.6178666	1
sub-561885976698.nii.gz	V1	1	1.6179148	1
002_S_6680_I1151456.nii.gz	V1	1	1.6179285	1
sub-OAS31410_sess-d0259.nii.gz	V1	1	1.6179463	1
sub-ON65697.nii.gz	V1	1	1.6179575	1
sub-232_ses-wave2.nii.gz	V1	1	1.6179688	1
sub-972488849948.nii.gz	V1	1	1.6179761	1
007_S_4387_I925944.nii.gz	V1	1	1.6179768	1
sub-917842166945.nii.gz	V1	1	1.6179932	1
PT030_OpenNeuro_ds003542_sub-18.nii.gz	V1	1	1.6179985	1
sub-387138524123.nii.gz	V1	1	1.6180018	1
PT030_OpenNeuro_ds002797_sub-12.nii.gz	V1	1	1.6180232	1
sub-4196_ses-wave3.nii.gz	V1	1	1.6180829	1
sub-OAS30419_ses-d1139_run-01.nii.gz	V1	1	1.6180899	1
037_S_6204_I971779.nii.gz	V1	1	1.6180922	1
sub-833_ses-wave3.nii.gz	V1	1	1.6181219	1
sub-812_ses-wave3.nii.gz	V1	1	1.6181326	1
sub-389237925618.nii.gz	V1	1	1.6181343	1
sub-OAS30906_ses-d0035_run-02.nii.gz	V1	1	1.6181492	1
PT030_OpenNeuro_ds004711_sub-098.nii.gz	V1	1	1.6181524	1
sub-273744239230.nii.gz	V1	1	1.6181556	1
AOMIC-PIOP2_sub-0038_T1w.nii.gz	V1	1	1.61818	1
JUK_sub-08.nii.gz	V1	1	1.6181812	1
PT030_OpenNeuro_ds006395_sub-36.nii.gz	V1	1	1.618193	1
941_S_6454_I1336238.nii.gz	V1	1	1.618195	1
AOMIC-PIOP2_sub-0195_T1w.nii.gz	V1	1	1.618211	1
sub-588569092815.nii.gz	V1	1	1.6182252	1
sub-OAS30486_sess-d0075_run-01.nii.gz	V1	1	1.618255	1
sub-ON74065.nii.gz	V1	1	1.6182736	1
PT030_OpenNeuro_ds004711_sub-032.nii.gz	V1	1	1.6183156	1
PT030_OpenNeuro_ds004697_sub-20.nii.gz	V1	1	1.618337	1
sub-767648828668.nii.gz	V1	1	1.6183678	1
PT030_OpenNeuro_ds002797_sub-17.nii.gz	V1	1	1.6183915	1
sub-OAS31413_sess-d0144.nii.gz	V1	1	1.6183985	1
sub-OAS31391_sess-d0112.nii.gz	V1	1	1.6184266	1
131_S_6170_I1285703.nii.gz	V1	1	1.6184434	1
sub-1664_ses-wave1.nii.gz	V1	1	1.6184603	1
sub-CC610658.nii.gz	V1	1	1.6184881	1
PT034_Wayne_sub-092.nii.gz	V1	1	1.6185112	1
sub-OAS31284_sess-d0045.nii.gz	V1	1	1.618526	1
sub-OAS31463_sess-d0364.nii.gz	V1	1	1.6185322	1
PT030_OpenNeuro_ds000101_sub-06.nii.gz	V1	1	1.6185898	1
037_S_6977_I1478765.nii.gz	V1	1	1.6185943	1
PT030_OpenNeuro_ds003542_sub-21.nii.gz	V1	1	1.6185976	1
941_S_6514_I1027315.nii.gz	V1	1	1.6186188	1
PT030_OpenNeuro_ds005234_sub-20.nii.gz	V1	1	1.6186346	1
PT030_OpenNeuro_ds002886_sub-39.nii.gz	V1	1	1.6186488	1
AOMIC-PIOP2_sub-0015_T1w.nii.gz	V1	1	1.6186697	1
sub-OAS30977_ses-d0404.nii.gz	V1	1	1.6186804	1
AOMIC-PIOP2_sub-0136_T1w.nii.gz	V1	1	1.6186872	1
sub-926570528626.nii.gz	V1	1	1.6187401	1
PT008_AdolescentBrainDevelopment_sub-26.nii.gz	V1	1	1.6187427	1
PT017_HBN-SSI_sub-12.nii.gz	V1	1	1.6187623	1
PT030_OpenNeuro_ds004604_sub-36.nii.gz	V1	1	1.618776	1
016_S_6941_I1446304.nii.gz	V1	1	1.6187903	1
sub-303746434246.nii.gz	V1	1	1.6187977	1
PT030_OpenNeuro_ds005947_sub-10.nii.gz	V1	1	1.6188374	1
sub-564737172145.nii.gz	V1	1	1.6188587	1
sub-525079718146.nii.gz	V1	1	1.6188833	1
JUK_sub-112.nii.gz	V1	1	1.6189055	1
sub-313041292177.nii.gz	V1	1	1.6189669	1
sub-860526141268.nii.gz	V1	1	1.6189761	1
033_S_6298_I984807.nii.gz	V1	1	1.6189849	1
sub-318586218751.nii.gz	V1	1	1.6190219	1
PT030_OpenNeuro_ds005234_sub-36.nii.gz	V1	1	1.6190403	1
sub-335532350239.nii.gz	V1	1	1.6190428	1
sub-331344566757.nii.gz	V1	1	1.6190692	1
PT030_OpenNeuro_ds006267_sub-01.nii.gz	V1	1	1.619086	1
sub-743564689857.nii.gz	V1	1	1.6190953	1
sub-824804128294.nii.gz	V1	1	1.619112	1
041_S_6785_I1555312.nii.gz	V1	1	1.6191295	1
sub-554501958239.nii.gz	V1	1	1.6191324	1
sub-129894532850.nii.gz	V1	1	1.6191453	1
sub-480081003183.nii.gz	V1	1	1.6191686	1
PT030_OpenNeuro_ds002620_sub-06.nii.gz	V1	1	1.6191736	1
sub-925264389205.nii.gz	V1	1	1.6191815	1
sub-409_ses-wave2.nii.gz	V1	1	1.6192085	1
sub-876065686543.nii.gz	V1	1	1.6192125	1
sub-217737190292.nii.gz	V1	1	1.6192148	1
037_S_4028_I1518314.nii.gz	V1	1	1.6192217	1
sub-261666162953.nii.gz	V1	1	1.6192292	1
sub-124340295935.nii.gz	V1	1	1.6192611	1
PT030_OpenNeuro_ds003877_sub-04.nii.gz	V1	1	1.619281	1
PT008_AdolescentBrainDevelopment_sub-06.nii.gz	V1	1	1.6193523	1
sub-4868_ses-wave3.nii.gz	V1	1	1.6193584	1
sub-680772685788.nii.gz	V1	1	1.6193626	1
sub-OAS31159_ses-d0074_run-01.nii.gz	V1	1	1.6193686	1
PT030_OpenNeuro_ds001894_sub-015.nii.gz	V1	1	1.61937	1
sub-OAS30103_ses-d4255_run-02.nii.gz	V1	1	1.619378	1
sub-422807706135.nii.gz	V1	1	1.619397	1
PT030_OpenNeuro_ds005237_sub-035.nii.gz	V1	1	1.6194196	1
sub-4847_ses-wave2.nii.gz	V1	1	1.6194276	1
sub-751517719808.nii.gz	V1	1	1.6194494	1
sub-858024400754.nii.gz	V1	1	1.6194541	1
CP0038.nii.gz	V1	1	1.6194681	1
sub-641357204122.nii.gz	V1	1	1.6194886	1
sub-OAS30688_ses-d0120_run-02.nii.gz	V1	1	1.6195283	1
sub-1007_ses-wave2.nii.gz	V1	1	1.6195383	1
sub-667083244912.nii.gz	V1	1	1.6195421	1
PT030_OpenNeuro_ds003136_sub-19.nii.gz	V1	1	1.6195533	1
141_S_6008_I1101652.nii.gz	V1	1	1.6195604	1
sub-562524748965.nii.gz	V1	1	1.6195956	1
sub-CC620406.nii.gz	V1	1	1.619607	1
sub-OAS31042_ses-d3618.nii.gz	V1	1	1.6196122	1
PT030_OpenNeuro_ds003242_sub-40.nii.gz	V1	1	1.6196196	1
sub-465_ses-wave3.nii.gz	V1	1	1.6196412	1
CP0139.nii.gz	V1	1	1.619642	1
PT030_OpenNeuro_ds004725_sub-67.nii.gz	V1	1	1.6196568	1
067_S_0056_I1116451.nii.gz	V1	1	1.6196676	1
sub-354836536215.nii.gz	V1	1	1.6196998	1
sub-3066_ses-wave3.nii.gz	V1	1	1.6197046	1
sub-695_ses-wave3.nii.gz	V1	1	1.6197152	1
PT030_OpenNeuro_ds005892_sub-35.nii.gz	V1	1	1.619769	1
sub-333993682932.nii.gz	V1	1	1.6197811	1
AOMIC-PIOP2_sub-0099_T1w.nii.gz	V1	1	1.6197814	1
PT030_OpenNeuro_ds001734_sub-070.nii.gz	V1	1	1.6197969	1
035_S_6306_I1341792.nii.gz	V1	1	1.619876	1
sub-OAS30571_ses-d0120_run-01.nii.gz	V1	1	1.6198914	1
sub-403618597060.nii.gz	V1	1	1.6199121	1
PT030_OpenNeuro_ds005571_sub-23.nii.gz	V1	1	1.619925	1
sub-245_ses-wave3.nii.gz	V1	1	1.619946	1
sub-3005_ses-wave1.nii.gz	V1	1	1.6199563	1
sub-625992318141.nii.gz	V1	1	1.6199632	1
PT030_OpenNeuro_ds005903_sub-05.nii.gz	V1	1	1.619969	1
PT001_ClevelandCCF_sub-07.nii.gz	V1	1	1.620014	1
CP0223.nii.gz	V1	1	1.6200379	1
sub-OAS30422_sess-d0099.nii.gz	V1	1	1.620053	1
PT030_OpenNeuro_ds005237_sub-107.nii.gz	V1	1	1.6200567	1
sub-472970276206.nii.gz	V1	1	1.6200571	1
sub-OAS30455_ses-d2887_run-01.nii.gz	V1	1	1.6201189	1
PT030_OpenNeuro_ds004711_sub-045.nii.gz	V1	1	1.6201365	1
PT008_AdolescentBrainDevelopment_sub-29.nii.gz	V1	1	1.6201391	1
JUK_sub-110.nii.gz	V1	1	1.6201607	1
sub-696040052001.nii.gz	V1	1	1.620213	1
PT030_OpenNeuro_ds003653_sub-46.nii.gz	V1	1	1.6202954	1
PT030_OpenNeuro_ds002711_sub-11.nii.gz	V1	1	1.6203092	1
PT030_OpenNeuro_ds006010_sub-35.nii.gz	V1	1	1.6203282	1
sub-ON30535.nii.gz	V1	1	1.6203476	1
035_S_6739_I1174356.nii.gz	V1	1	1.6203531	1
037_S_6031_I1494796.nii.gz	V1	1	1.6203675	1
130_S_6558_I1051832.nii.gz	V1	1	1.6204159	1
sub-948024242025.nii.gz	V1	1	1.6204207	1
sub-930584893595.nii.gz	V1	1	1.6204345	1
PT030_OpenNeuro_ds003381_sub-04.nii.gz	V1	1	1.6204392	1
941_S_6044_I1491890.nii.gz	V1	1	1.6204393	1
sub-884480974406.nii.gz	V1	1	1.6204417	1
PT030_OpenNeuro_ds004230_sub-01.nii.gz	V1	1	1.6204548	1
PT030_OpenNeuro_ds002797_sub-01.nii.gz	V1	1	1.6204648	1
PT030_OpenNeuro_ds005920_sub-21.nii.gz	V1	1	1.6204674	1
sub-353103739610.nii.gz	V1	1	1.62047	1
AOMIC-PIOP2_sub-0224_T1w.nii.gz	V1	1	1.620479	1
301_S_6326_I1173839.nii.gz	V1	1	1.6204817	1
sub-OAS30668_sess-d1153_run-02.nii.gz	V1	1	1.6205086	1
sub-448933628689.nii.gz	V1	1	1.6205124	1
PT030_OpenNeuro_ds003242_sub-38.nii.gz	V1	1	1.6205409	1
PT030_OpenNeuro_ds004956_sub-15.nii.gz	V1	1	1.620553	1
sub-OAS30777_ses-d1747_run-02.nii.gz	V1	1	1.6205643	1
sub-461059456603.nii.gz	V1	1	1.6206075	1
sub-OAS30079_ses-d0019_run-01.nii.gz	V1	1	1.62065	1
sub-OAS30997_ses-d0058.nii.gz	V1	1	1.6207087	1
sub-OAS30979_ses-d0051.nii.gz	V1	1	1.6207156	1
sub-OAS30807_ses-d0472.nii.gz	V1	1	1.6208142	1
002_S_6066_I1255474.nii.gz	V1	1	1.6208789	1
PT030_OpenNeuro_ds005123_sub-045.nii.gz	V1	1	1.6209065	1
PT030_OpenNeuro_ds001894_sub-054.nii.gz	V1	1	1.6209097	1
PT030_OpenNeuro_ds000220_sub-03.nii.gz	V1	1	1.6209412	1
PT030_OpenNeuro_ds004725_sub-69.nii.gz	V1	1	1.6209544	1
JUK_sub-133.nii.gz	V1	1	1.6210245	1
PT030_OpenNeuro_ds000228_sub-004.nii.gz	V1	1	1.6210363	1
PT030_OpenNeuro_ds001408_sub-47.nii.gz	V1	1	1.6210566	1
JUK_sub-44.nii.gz	V1	1	1.6210629	1
sub-242741538964.nii.gz	V1	1	1.6210688	1
sub-OAS30534_ses-d0474_run-02.nii.gz	V1	1	1.6210692	1
sub-OAS31430_sess-d0060.nii.gz	V1	1	1.6210716	1
PT030_OpenNeuro_ds001417_sub-06.nii.gz	V1	1	1.6210848	1
PT030_OpenNeuro_ds005418_sub-02.nii.gz	V1	1	1.6211112	1
CP0123.nii.gz	V1	1	1.6211711	1
sub-OAS30780_ses-d0055_run-01.nii.gz	V1	1	1.6211712	1
PT030_OpenNeuro_ds004331_sub-29.nii.gz	V1	1	1.6211884	1
sub-252717977376.nii.gz	V1	1	1.6211978	1
sub-CC710486.nii.gz	V1	1	1.6212088	1
sub-OAS31087_sess-d0168_run-02.nii.gz	V1	1	1.6212294	1
sub-128612256987.nii.gz	V1	1	1.6212664	1
PT030_OpenNeuro_ds005899_sub-12.nii.gz	V1	1	1.6212763	1
PT030_OpenNeuro_ds003831_sub-65.nii.gz	V1	1	1.6212978	1
sub-209038064880.nii.gz	V1	1	1.6213052	1
sub-628806919525.nii.gz	V1	1	1.621312	1
PT030_OpenNeuro_ds005234_sub-01.nii.gz	V1	1	1.6213539	1
130_S_6037_I1472002.nii.gz	V1	1	1.6213648	1
941_S_6333_I1182315.nii.gz	V1	1	1.6213714	1
sub-OAS30558_ses-d1429_run-01.nii.gz	V1	1	1.621419	1
PT030_OpenNeuro_ds004711_sub-015.nii.gz	V1	1	1.6214285	1
PT030_OpenNeuro_ds005123_sub-094.nii.gz	V1	1	1.621443	1
sub-OAS31148_ses-d0254.nii.gz	V1	1	1.6214495	1
PT030_OpenNeuro_ds004312_sub-15.nii.gz	V1	1	1.6214595	1
sub-311_ses-wave2.nii.gz	V1	1	1.6214635	1
sub-OAS30348_ses-d0077.nii.gz	V1	1	1.6215087	1
PT030_OpenNeuro_ds004873_sub-03.nii.gz	V1	1	1.6215141	1
PT030_OpenNeuro_ds004499_sub-23.nii.gz	V1	1	1.6215142	1
PT001_ClevelandCCF_sub-18.nii.gz	V1	1	1.6215224	1
116_S_6133_I1557275.nii.gz	V1	1	1.6215336	1
sub-1195_ses-wave1.nii.gz	V1	1	1.6216073	1
PT001_ClevelandCCF_sub-05.nii.gz	V1	1	1.6216167	1
sub-4328_ses-wave3.nii.gz	V1	1	1.621639	1
PT030_OpenNeuro_ds004795_sub-135.nii.gz	V1	1	1.6216515	1
PT030_OpenNeuro_ds004697_sub-03.nii.gz	V1	1	1.62166	1
002_S_0413_I1221051.nii.gz	V1	1	1.621674	1
PT030_OpenNeuro_ds000222_sub-63.nii.gz	V1	1	1.621678	1
sub-OAS30083_ses-d0465_run-01.nii.gz	V1	1	1.6216944	1
041_S_6136_I1267895.nii.gz	V1	1	1.6216958	1
sub-OAS31235_sess-d0054.nii.gz	V1	1	1.6217136	1
PT030_OpenNeuro_ds005899_sub-11.nii.gz	V1	1	1.6217476	1
sub-OAS30083_ses-d0465_run-02.nii.gz	V1	1	1.6217573	1
sub-OAS31111_ses-d0246_run-01.nii.gz	V1	1	1.6217809	1
PT030_OpenNeuro_ds005123_sub-099.nii.gz	V1	1	1.6218119	1
PT030_OpenNeuro_ds001840_sub-21.nii.gz	V1	1	1.6218137	1
sub-OAS30537_ses-d0029_run-02.nii.gz	V1	1	1.6218246	1
sub-OAS30534_ses-d0474_run-01.nii.gz	V1	1	1.6218352	1
sub-OAS31421_sess-d0068.nii.gz	V1	1	1.621837	1
PT030_OpenNeuro_ds004285_sub-61.nii.gz	V1	1	1.6218529	1
PT030_OpenNeuro_ds001894_sub-017.nii.gz	V1	1	1.6218764	1
sub-562931531957.nii.gz	V1	1	1.6218992	1
sub-3946_ses-wave1.nii.gz	V1	1	1.6219167	1
116_S_0382_I1037254.nii.gz	V1	1	1.621947	1
sub-893805064891.nii.gz	V1	1	1.6219686	1
PT030_OpenNeuro_ds003542_sub-23.nii.gz	V1	1	1.6220067	1
PT030_OpenNeuro_ds005892_sub-54.nii.gz	V1	1	1.6220483	1
041_S_4200_I1576345.nii.gz	V1	1	1.6220657	1
PT030_OpenNeuro_ds005405_sub-095.nii.gz	V1	1	1.6220803	1
PT030_OpenNeuro_ds001748_sub-60.nii.gz	V1	1	1.622121	1
sub-OAS30235_ses-d0139.nii.gz	V1	1	1.622125	1
sub-3306_ses-wave2.nii.gz	V1	1	1.622127	1
sub-210404425796.nii.gz	V1	1	1.6221272	1
sub-CC720670.nii.gz	V1	1	1.6221608	1
PT036_Yale_HighRes_sub-064.nii.gz	V1	1	1.6222093	1
sub-264730803430.nii.gz	V1	1	1.6222161	1
037_S_6963_I1478584.nii.gz	V1	1	1.6222922	1
sub-924828864147.nii.gz	V1	1	1.6223046	1
sub-OAS31331_sess-d0175.nii.gz	V1	1	1.6223154	1
PT030_OpenNeuro_ds005234_sub-37.nii.gz	V1	1	1.6223344	1
sub-330988842683.nii.gz	V1	1	1.6223423	1
sub-580285657273.nii.gz	V1	1	1.6223739	1
116_S_6133_I945600.nii.gz	V1	1	1.6223902	1
PT030_OpenNeuro_ds001486_sub-014.nii.gz	V1	1	1.6224006	1
PT030_OpenNeuro_ds004808_sub-04.nii.gz	V1	1	1.6224018	1
sub-229087166521.nii.gz	V1	1	1.6224085	1
sub-461565506281.nii.gz	V1	1	1.6224107	1
sub-963376929670.nii.gz	V1	1	1.6224228	1
sub-OAS30464_ses-d0077_run-01.nii.gz	V1	1	1.6224335	1
sub-972559314245.nii.gz	V1	1	1.6224375	1
PT030_OpenNeuro_ds004456_sub-40.nii.gz	V1	1	1.6224385	1
PT030_OpenNeuro_ds004173_sub-109.nii.gz	V1	1	1.6224538	1
PT030_OpenNeuro_ds001486_sub-106.nii.gz	V1	1	1.6224574	1
sub-855367719661.nii.gz	V1	1	1.6224744	1
141_S_6008_I1475753.nii.gz	V1	1	1.6224835	1
PT030_OpenNeuro_ds003469_sub-37.nii.gz	V1	1	1.6225219	1
PT030_OpenNeuro_ds004604_sub-06.nii.gz	V1	1	1.6225454	1
PT030_OpenNeuro_ds002006_sub-25.nii.gz	V1	1	1.6225759	1
JUK_sub-67.nii.gz	V1	1	1.6226087	1
PT030_OpenNeuro_ds004604_sub-38.nii.gz	V1	1	1.6226585	1
PT030_OpenNeuro_ds003233_sub-25.nii.gz	V1	1	1.622669	1
sub-OAS31288_sess-d0124.nii.gz	V1	1	1.6226884	1
sub-920097736072.nii.gz	V1	1	1.6227117	1
sub-896884254795.nii.gz	V1	1	1.6227226	1
sub-1849_ses-wave1.nii.gz	V1	1	1.6227406	1
sub-OAS30824_ses-d0077.nii.gz	V1	1	1.622796	1
PT030_OpenNeuro_ds000208_sub-07.nii.gz	V1	1	1.6228101	1
PT030_OpenNeuro_ds001417_sub-24.nii.gz	V1	1	1.6228132	1
PT030_OpenNeuro_ds005464_sub-05.nii.gz	V1	1	1.6228211	1
PT030_OpenNeuro_ds004499_sub-28.nii.gz	V1	1	1.6228426	1
041_S_4200_I1576344.nii.gz	V1	1	1.6228447	1
PT030_OpenNeuro_ds006267_sub-13.nii.gz	V1	1	1.6228522	1
PT030_OpenNeuro_ds000222_sub-48.nii.gz	V1	1	1.6228601	1
sub-362576562685.nii.gz	V1	1	1.6228654	1
PT030_OpenNeuro_ds002366_sub-27.nii.gz	V1	1	1.6228676	1
016_S_6853_I1285276.nii.gz	V1	1	1.622871	1
sub-OAS30557_ses-d1448_run-01.nii.gz	V1	1	1.6229132	1
sub-717228744864.nii.gz	V1	1	1.6229349	1
PT030_OpenNeuro_ds004996_sub-12.nii.gz	V1	1	1.6229583	1
sub-714412157456.nii.gz	V1	1	1.622988	1
sub-515049857854.nii.gz	V1	1	1.6230474	1
sub-OAS30624_ses-d0035_run-02.nii.gz	V1	1	1.6230489	1
sub-517932747297.nii.gz	V1	1	1.6230505	1
CP0211.nii.gz	V1	1	1.62306	1
067_S_7063_I1568731.nii.gz	V1	1	1.6230718	1
sub-OAS30982_ses-d0063_run-02.nii.gz	V1	1	1.6230823	1
PT030_OpenNeuro_ds003095_sub-18.nii.gz	V1	1	1.6231074	1
sub-OAS30093_ses-d0056.nii.gz	V1	1	1.6231184	1
PT030_OpenNeuro_ds004711_sub-179.nii.gz	V1	1	1.6231326	1
JUK_sub-95.nii.gz	V1	1	1.623153	1
177_S_6448_I1340855.nii.gz	V1	1	1.6231651	1
PT030_OpenNeuro_ds002345_sub-300.nii.gz	V1	1	1.6231736	1
PT030_OpenNeuro_ds005405_sub-068.nii.gz	V1	1	1.6231828	1
sub-979328387432.nii.gz	V1	1	1.6232221	1
PT030_OpenNeuro_ds005123_sub-005.nii.gz	V1	1	1.623246	1
sub-1637_ses-wave1.nii.gz	V1	1	1.6232601	1
PT030_OpenNeuro_ds004533_sub-01.nii.gz	V1	1	1.6232604	1
CP0212.nii.gz	V1	1	1.6233001	1
PT030_OpenNeuro_ds001748_sub-22.nii.gz	V1	1	1.6233215	1
037_S_6031_I1237590.nii.gz	V1	1	1.6233369	1
PT030_OpenNeuro_ds004711_sub-091.nii.gz	V1	1	1.6233482	1
AOMIC-PIOP2_sub-0132_T1w.nii.gz	V1	1	1.6233494	1
JUK_sub-19.nii.gz	V1	1	1.6233499	1
sub-OAS31118_ses-d0116_run-01.nii.gz	V1	1	1.623352	1
941_S_6080_I1252687.nii.gz	V1	1	1.6233761	1
sub-ON62623.nii.gz	V1	1	1.6233867	1
PT030_OpenNeuro_ds005123_sub-033.nii.gz	V1	1	1.6234022	1
PT030_OpenNeuro_ds005884_sub-21.nii.gz	V1	1	1.6234161	1
PT030_OpenNeuro_ds003542_sub-12.nii.gz	V1	1	1.6234332	1
sub-342501906809.nii.gz	V1	1	1.6234452	1
sub-OAS30537_ses-d0029_run-01.nii.gz	V1	1	1.6234504	1
sub-OAS31047_ses-d0183_run-02.nii.gz	V1	1	1.62346	1
sub-515081497394.nii.gz	V1	1	1.623464	1
sub-3531_ses-wave2.nii.gz	V1	1	1.6234647	1
PT030_OpenNeuro_ds001894_sub-008.nii.gz	V1	1	1.6235282	1
sub-611075306568.nii.gz	V1	1	1.6235307	1
PT030_OpenNeuro_ds003338_sub-13.nii.gz	V1	1	1.6235335	1
CP0108.nii.gz	V1	1	1.6235387	1
PT030_OpenNeuro_ds000102_sub-26.nii.gz	V1	1	1.6235516	1
sub-337609361472.nii.gz	V1	1	1.6235714	1
PT030_OpenNeuro_ds001131_sub-28.nii.gz	V1	1	1.6235873	1
018_S_4313_I1231660.nii.gz	V1	1	1.6235924	1
sub-226941728318.nii.gz	V1	1	1.6236378	1
sub-OAS30438_ses-d0064_run-02.nii.gz	V1	1	1.6236483	1
sub-OAS31276_sess-d0052_run-01.nii.gz	V1	1	1.6237051	1
sub-329961397938.nii.gz	V1	1	1.623772	1
PT030_OpenNeuro_ds003831_sub-11.nii.gz	V1	1	1.6237808	1
PT030_OpenNeuro_ds000222_sub-53.nii.gz	V1	1	1.6237862	1
PT030_OpenNeuro_ds004873_sub-70.nii.gz	V1	1	1.6238168	1
018_S_4400_I1225879.nii.gz	V1	1	1.6238294	1
sub-311220167257.nii.gz	V1	1	1.6238363	1
PT030_OpenNeuro_ds006010_sub-26.nii.gz	V1	1	1.623837	1
PT030_OpenNeuro_ds001511_sub-06.nii.gz	V1	1	1.6238537	1
sub-OAS30569_ses-d4070_run-02.nii.gz	V1	1	1.6238939	1
sub-770_ses-wave1.nii.gz	V1	1	1.6239154	1
PT030_OpenNeuro_ds005237_sub-007.nii.gz	V1	1	1.6239251	1
sub-538898447435.nii.gz	V1	1	1.6239318	1
sub-261_ses-wave1.nii.gz	V1	1	1.623942	1
116_S_0382_I1037253.nii.gz	V1	1	1.6239547	1
018_S_4399_I1475316.nii.gz	V1	1	1.6239878	1
041_S_6226_I1347994.nii.gz	V1	1	1.6240382	1
PT030_OpenNeuro_ds002797_sub-20.nii.gz	V1	1	1.6240587	1
sub-OAS31473_sess-d0136.nii.gz	V1	1	1.624066	1
PT030_OpenNeuro_ds004873_sub-11.nii.gz	V1	1	1.6241139	1
sub-348206206376.nii.gz	V1	1	1.6241269	1
sub-236070480159.nii.gz	V1	1	1.6241571	1
sub-2053_ses-wave1.nii.gz	V1	1	1.6241671	1
PT030_OpenNeuro_ds002620_sub-07.nii.gz	V1	1	1.6241796	1
sub-3863_ses-wave2.nii.gz	V1	1	1.6241862	1
PT030_OpenNeuro_ds004466_sub-119.nii.gz	V1	1	1.6242049	1
PT030_OpenNeuro_ds004285_sub-45.nii.gz	V1	1	1.6242229	1
014_S_6076_I1558652.nii.gz	V1	1	1.6242411	1
PT030_OpenNeuro_ds000245_sub-13.nii.gz	V1	1	1.6242471	1
141_S_6008_I1170869.nii.gz	V1	1	1.6243007	1
sub-OAS31175_sess-d0069.nii.gz	V1	1	1.6243522	1
AOMIC-PIOP2_sub-0090_T1w.nii.gz	V1	1	1.6243597	1
PT030_OpenNeuro_ds004516_sub-29.nii.gz	V1	1	1.6243601	1
sub-245055811403.nii.gz	V1	1	1.6243728	1
CP0245.nii.gz	V1	1	1.6243832	1
sub-544128411470.nii.gz	V1	1	1.6243982	1
116_S_6133_I945601.nii.gz	V1	1	1.6244296	1
PT030_OpenNeuro_ds004533_sub-10.nii.gz	V1	1	1.6244549	1
037_S_7006_I1514928.nii.gz	V1	1	1.6244577	1
sub-177803877315.nii.gz	V1	1	1.6244748	1
sub-OAS30693_ses-d0032_run-02.nii.gz	V1	1	1.6244917	1
sub-613461549236.nii.gz	V1	1	1.6245068	1
sub-OAS31320_sess-d0036.nii.gz	V1	1	1.6245486	1
041_S_6401_I1353991.nii.gz	V1	1	1.624557	1
PT030_OpenNeuro_ds004725_sub-49.nii.gz	V1	1	1.6245666	1
PT030_OpenNeuro_ds005899_sub-08.nii.gz	V1	1	1.6246417	1
sub-OAS31032_ses-d0139_run-02.nii.gz	V1	1	1.6246691	1
sub-245_ses-wave2.nii.gz	V1	1	1.6246991	1
sub-OAS30731_ses-d0044_run-02.nii.gz	V1	1	1.6247938	1
sub-745897801133.nii.gz	V1	1	1.6248275	1
sub-OAS30731_ses-d0044_run-01.nii.gz	V1	1	1.6248405	1
sub-516902051543.nii.gz	V1	1	1.624848	1
PT030_OpenNeuro_ds004711_sub-151.nii.gz	V1	1	1.6248562	1
sub-535587500460.nii.gz	V1	1	1.6248589	1
sub-236_ses-wave3.nii.gz	V1	1	1.6248693	1
PT030_OpenNeuro_ds006267_sub-14.nii.gz	V1	1	1.6249021	1
PT030_OpenNeuro_ds004711_sub-122.nii.gz	V1	1	1.6249112	1
PT030_OpenNeuro_ds002424_sub-58.nii.gz	V1	1	1.6249148	1
068_S_4424_I892735.nii.gz	V1	1	1.6249199	1
sub-OAS30264_ses-d0466.nii.gz	V1	1	1.6249368	1
sub-674_ses-wave3.nii.gz	V1	1	1.624952	1
PT030_OpenNeuro_ds004513_sub-05.nii.gz	V1	1	1.6249754	1
PT030_OpenNeuro_ds001486_sub-045.nii.gz	V1	1	1.6249765	1
CP0149.nii.gz	V1	1	1.6249774	1
003_S_6256_I1582530.nii.gz	V1	1	1.6249843	1
AOMIC-PIOP2_sub-0178_T1w.nii.gz	V1	1	1.6250033	1
sub-250677674774.nii.gz	V1	1	1.6250111	1
006_S_6209_I1301145.nii.gz	V1	1	1.625023	1
sub-521784895043.nii.gz	V1	1	1.62512	1
sub-CC620885.nii.gz	V1	1	1.6251289	1
sub-OAS31459_sess-d0125.nii.gz	V1	1	1.6251693	1
sub-475942618761.nii.gz	V1	1	1.6251973	1
JUK_sub-82.nii.gz	V1	1	1.6252314	1
PT030_OpenNeuro_ds004996_sub-13.nii.gz	V1	1	1.6253313	1
sub-345814656280.nii.gz	V1	1	1.6253511	1
PT030_OpenNeuro_ds001378_sub-24.nii.gz	V1	1	1.6253948	1
sub-681456690857.nii.gz	V1	1	1.6253983	1
sub-101428024622.nii.gz	V1	1	1.6254035	1
PT030_OpenNeuro_ds002797_sub-03.nii.gz	V1	1	1.6254036	1
sub-CC720941.nii.gz	V1	1	1.6254209	1
sub-OAS31207_sess-d0049.nii.gz	V1	1	1.6254246	1
sub-124881102242.nii.gz	V1	1	1.6254568	1
CP0238.nii.gz	V1	1	1.6254767	1
PT030_OpenNeuro_ds006267_sub-05.nii.gz	V1	1	1.6254903	1
sub-3567_ses-wave3.nii.gz	V1	1	1.625514	1
AOMIC-PIOP2_sub-0062_T1w.nii.gz	V1	1	1.6255296	1
AOMIC-PIOP2_sub-0037_T1w.nii.gz	V1	1	1.6255335	1
168_S_6281_I983641.nii.gz	V1	1	1.6255989	1
PT030_OpenNeuro_ds002813_sub-17.nii.gz	V1	1	1.6256549	1
PT030_OpenNeuro_ds005234_sub-32.nii.gz	V1	1	1.6256571	1
sub-611639281000.nii.gz	V1	1	1.6256773	1
sub-OAS30666_ses-d0211.nii.gz	V1	1	1.6257019	1
sub-308203540046.nii.gz	V1	1	1.6257156	1
PT030_OpenNeuro_ds003831_sub-45.nii.gz	V1	1	1.6257409	1
PT030_OpenNeuro_ds004533_sub-23.nii.gz	V1	1	1.6257424	1
sub-856532049659.nii.gz	V1	1	1.6257635	1
sub-517627279842.nii.gz	V1	1	1.6257666	1
sub-OAS30319_ses-d0043_run-02.nii.gz	V1	1	1.625774	1
PT030_OpenNeuro_ds003831_sub-26.nii.gz	V1	1	1.6257834	1
sub-419970434664.nii.gz	V1	1	1.6257942	1
CP0176.nii.gz	V1	1	1.6258075	1
sub-771512436978.nii.gz	V1	1	1.6258117	1
141_S_6008_I1170878.nii.gz	V1	1	1.6258234	1
sub-299898598078.nii.gz	V1	1	1.625826	1
sub-539860358494.nii.gz	V1	1	1.6258403	1
PT030_OpenNeuro_ds002345_sub-215.nii.gz	V1	1	1.6258466	1
sub-1226_ses-wave1.nii.gz	V1	1	1.6258572	1
PT030_OpenNeuro_ds004499_sub-04.nii.gz	V1	1	1.6258798	1
PT030_OpenNeuro_ds006010_sub-32.nii.gz	V1	1	1.6258838	1
sub-CC720119.nii.gz	V1	1	1.6259072	1
sub-OAS30595_ses-d0084_run-01.nii.gz	V1	1	1.6259688	1
sub-ON10965.nii.gz	V1	1	1.6259929	1
sub-558593437333.nii.gz	V1	1	1.6259959	1
PT030_OpenNeuro_ds004533_sub-39.nii.gz	V1	1	1.6260157	1
PT032_Tao_Wu_sub-07.nii.gz	V1	1	1.6260446	1
CP0218.nii.gz	V1	1	1.6260524	1
sub-305193425414.nii.gz	V1	1	1.6260582	1
PT030_OpenNeuro_ds003138_sub-11.nii.gz	V1	1	1.6260774	1
PT030_OpenNeuro_ds005165_sub-01.nii.gz	V1	1	1.6260966	1
PT030_OpenNeuro_ds004456_sub-36.nii.gz	V1	1	1.6261245	1
sub-OAS31232_sess-d0124.nii.gz	V1	1	1.6261384	1
PT032_Tao_Wu_sub-16.nii.gz	V1	1	1.6261488	1
JUK_sub-51.nii.gz	V1	1	1.6261669	1
PT030_OpenNeuro_ds002843_sub-103.nii.gz	V1	1	1.6261833	1
PT030_OpenNeuro_ds004604_sub-02.nii.gz	V1	1	1.6261868	1
sub-OAS31158_ses-d0029_run-02.nii.gz	V1	1	1.6262401	1
sub-491115214422.nii.gz	V1	1	1.626275	1
sub-448154838901.nii.gz	V1	1	1.6262982	1
AOMIC-PIOP1_sub-0201_T1w.nii.gz	V1	1	1.6264052	1
PT030_OpenNeuro_ds005126_sub-28.nii.gz	V1	1	1.626437	1
PT030_OpenNeuro_ds005684_sub-08.nii.gz	V1	1	1.6264375	1
037_S_6032_I861838.nii.gz	V1	1	1.6264532	1
PT030_OpenNeuro_ds005234_sub-33.nii.gz	V1	1	1.6264584	1
sub-119909871257.nii.gz	V1	1	1.6265486	1
168_S_6413_I1008547.nii.gz	V1	1	1.6265674	1
PT030_OpenNeuro_ds004469_sub-29.nii.gz	V1	1	1.6265746	1
sub-731158961758.nii.gz	V1	1	1.6265836	1
PT030_OpenNeuro_ds006010_sub-34.nii.gz	V1	1	1.6265936	1
sub-123319906652.nii.gz	V1	1	1.6266016	1
PT030_OpenNeuro_ds004513_sub-07.nii.gz	V1	1	1.6266073	1
sub-OAS30693_ses-d0032_run-01.nii.gz	V1	1	1.6266285	1
sub-862964317430.nii.gz	V1	1	1.6266459	1
AOMIC-PIOP2_sub-0205_T1w.nii.gz	V1	1	1.6266934	1
sub-191917648773.nii.gz	V1	1	1.626707	1
sub-754065609304.nii.gz	V1	1	1.6267213	1
sub-1685_ses-wave3.nii.gz	V1	1	1.6267337	1
JUK_sub-107.nii.gz	V1	1	1.6267838	1
PT030_OpenNeuro_ds002886_sub-51.nii.gz	V1	1	1.626798	1
sub-436067739350.nii.gz	V1	1	1.6268257	1
AOMIC-PIOP2_sub-0187_T1w.nii.gz	V1	1	1.6268369	1
CP0241.nii.gz	V1	1	1.626838	1
sub-CC610614.nii.gz	V1	1	1.6268685	1
sub-2206_ses-wave1.nii.gz	V1	1	1.6269356	1
sub-698919527941.nii.gz	V1	1	1.6269563	1
PT008_AdolescentBrainDevelopment_sub-27.nii.gz	V1	1	1.6269827	1
CP0022.nii.gz	V1	1	1.6270411	1
003_S_6996_I1483860.nii.gz	V1	1	1.6270874	1
PT030_OpenNeuro_ds003083_sub-26.nii.gz	V1	1	1.6270938	1
sub-609030289266.nii.gz	V1	1	1.6271361	1
sub-294530383190.nii.gz	V1	1	1.6271472	1
PT030_OpenNeuro_ds003877_sub-12.nii.gz	V1	1	1.6271514	1
sub-1153_ses-wave3.nii.gz	V1	1	1.6271524	1
sub-OAS31276_sess-d0052_run-02.nii.gz	V1	1	1.6271671	1
sub-3086_ses-wave1.nii.gz	V1	1	1.6271806	1
PT030_OpenNeuro_ds001553_sub-02.nii.gz	V1	1	1.6272182	1
sub-962108996665.nii.gz	V1	1	1.6272237	1
sub-CC720071.nii.gz	V1	1	1.6272769	1
067_S_0056_I1263792.nii.gz	V1	1	1.6273081	1
AOMIC-PIOP2_sub-0074_T1w.nii.gz	V1	1	1.6273372	1
PT030_OpenNeuro_ds004711_sub-135.nii.gz	V1	1	1.6273682	1
sub-799740592794.nii.gz	V1	1	1.6273687	1
CP0033.nii.gz	V1	1	1.6273766	1
067_S_0056_I1189749.nii.gz	V1	1	1.6273826	1
sub-4629_ses-wave1.nii.gz	V1	1	1.6274036	1
PT036_Yale_HighRes_sub-021.nii.gz	V1	1	1.6274258	1
018_S_4399_I1195471.nii.gz	V1	1	1.627431	1
sub-154228017477.nii.gz	V1	1	1.6274315	1
sub-OAS30568_ses-d0073_run-02.nii.gz	V1	1	1.6275303	1
sub-827210987847.nii.gz	V1	1	1.6275363	1
PT030_OpenNeuro_ds005056_sub-25.nii.gz	V1	1	1.6275765	1
sub-3182_ses-wave1.nii.gz	V1	1	1.6275806	1
sub-4362_ses-wave1.nii.gz	V1	1	1.6276007	1
PT030_OpenNeuro_ds004469_sub-20.nii.gz	V1	1	1.6276037	1
PT030_OpenNeuro_ds005123_sub-109.nii.gz	V1	1	1.6276159	1
sub-OAS30241_ses-d1203_run-01.nii.gz	V1	1	1.627617	1
PT030_OpenNeuro_ds005899_sub-50.nii.gz	V1	1	1.6276382	1
PT030_OpenNeuro_ds004513_sub-02.nii.gz	V1	1	1.6276551	1
PT030_OpenNeuro_ds003974_sub-14.nii.gz	V1	1	1.6276586	1
sub-713205503204.nii.gz	V1	1	1.6276804	1
sub-445499943300.nii.gz	V1	1	1.6276824	1
PT008_AdolescentBrainDevelopment_sub-30.nii.gz	V1	1	1.6277936	1
sub-972854885532.nii.gz	V1	1	1.627798	1
sub-715391018569.nii.gz	V1	1	1.6278033	1
sub-ON22662.nii.gz	V1	1	1.6278265	1
PT030_OpenNeuro_ds004499_sub-20.nii.gz	V1	1	1.6278296	1
AOMIC-PIOP2_sub-0044_T1w.nii.gz	V1	1	1.627873	1
sub-OAS31070_ses-d0084.nii.gz	V1	1	1.6278772	1
PT030_OpenNeuro_ds005237_sub-141.nii.gz	V1	1	1.6278951	1
sub-CC720685.nii.gz	V1	1	1.6278961	1
sub-520_ses-wave2.nii.gz	V1	1	1.627899	1
sub-331849387418.nii.gz	V1	1	1.6279224	1
sub-567753707774.nii.gz	V1	1	1.6279691	1
sub-431442510774.nii.gz	V1	1	1.6279708	1
PT030_OpenNeuro_ds002620_sub-02.nii.gz	V1	1	1.6279837	1
sub-305664557456.nii.gz	V1	1	1.6279839	1
sub-3306_ses-wave3.nii.gz	V1	1	1.6279907	1
PT030_OpenNeuro_ds004697_sub-23.nii.gz	V1	1	1.6279951	1
JUK_sub-65.nii.gz	V1	1	1.6279993	1
sub-935183687348.nii.gz	V1	1	1.6279998	1
sub-CC720023.nii.gz	V1	1	1.628035	1
sub-OAS30468_ses-d0069.nii.gz	V1	1	1.6281075	1
003_S_6915_I1423364.nii.gz	V1	1	1.6281455	1
PT030_OpenNeuro_ds004217_sub-48.nii.gz	V1	1	1.6281552	1
sub-OAS31066_ses-d0077_run-01.nii.gz	V1	1	1.6281806	1
PT030_OpenNeuro_ds004697_sub-11.nii.gz	V1	1	1.628182	1
sub-547811232638.nii.gz	V1	1	1.6281966	1
sub-OAS30600_ses-d1176_run-02.nii.gz	V1	1	1.6282076	1
PT030_OpenNeuro_ds002886_sub-14.nii.gz	V1	1	1.6282107	1
PT030_OpenNeuro_ds005684_sub-29.nii.gz	V1	1	1.628211	1
PT030_OpenNeuro_ds001894_sub-036.nii.gz	V1	1	1.6282184	1
PT030_OpenNeuro_ds005884_sub-12.nii.gz	V1	1	1.6282219	1
PT030_OpenNeuro_ds005123_sub-022.nii.gz	V1	1	1.6282583	1
sub-497005491341.nii.gz	V1	1	1.6282612	1
sub-196_ses-wave1.nii.gz	V1	1	1.6283023	1
022_S_6822_I1236085.nii.gz	V1	1	1.6283164	1
003_S_4900_I1513708.nii.gz	V1	1	1.6283165	1
sub-OAS31315_sess-d0143.nii.gz	V1	1	1.6283194	1
AOMIC-PIOP2_sub-0175_T1w.nii.gz	V1	1	1.6283332	1
sub-OAS31310_sess-d0082.nii.gz	V1	1	1.6283432	1
JUK_sub-22.nii.gz	V1	1	1.6283485	1
sub-292984908300.nii.gz	V1	1	1.6283886	1
sub-1933_ses-wave1.nii.gz	V1	1	1.6284004	1
sub-781171966594.nii.gz	V1	1	1.6284133	1
sub-OAS30668_sess-d1153_run-01.nii.gz	V1	1	1.6284238	1
sub-OAS30764_ses-d0055.nii.gz	V1	1	1.6284299	1
sub-536531144180.nii.gz	V1	1	1.6284305	1
PT030_OpenNeuro_ds003542_sub-13.nii.gz	V1	1	1.6284622	1
CP0246.nii.gz	V1	1	1.628463	1
sub-ON17159.nii.gz	V1	1	1.6284722	1
PT030_OpenNeuro_ds003242_sub-42.nii.gz	V1	1	1.6285166	1
sub-407454153151.nii.gz	V1	1	1.6285306	1
016_S_6802_I1261605.nii.gz	V1	1	1.6285672	1
CP0019.nii.gz	V1	1	1.628604	1
sub-3608_ses-wave1.nii.gz	V1	1	1.6286055	1
PT030_OpenNeuro_ds004725_sub-46.nii.gz	V1	1	1.6286193	1
CP0025.nii.gz	V1	1	1.6286284	1
PT030_OpenNeuro_ds005237_sub-208.nii.gz	V1	1	1.6286335	1
sub-541782998562.nii.gz	V1	1	1.6286349	1
301_S_6326_I989757.nii.gz	V1	1	1.6286364	1
PT032_Tao_Wu_sub-19.nii.gz	V1	1	1.6286432	1
sub-688_ses-wave1.nii.gz	V1	1	1.6286663	1
sub-4328_ses-wave2.nii.gz	V1	1	1.6286706	1
PT030_OpenNeuro_ds005571_sub-07.nii.gz	V1	1	1.6286755	1
sub-CC610028.nii.gz	V1	1	1.628679	1
sub-1023_ses-wave2.nii.gz	V1	1	1.6287131	1
sub-4240_ses-wave2.nii.gz	V1	1	1.6287369	1
sub-236_ses-wave2.nii.gz	V1	1	1.6287384	1
PT030_OpenNeuro_ds001734_sub-029.nii.gz	V1	1	1.6287574	1
sub-3146_ses-wave3.nii.gz	V1	1	1.6287794	1
PT030_OpenNeuro_ds005123_sub-086.nii.gz	V1	1	1.6287862	1
sub-4301_ses-wave1.nii.gz	V1	1	1.6288612	1
sub-CC710462.nii.gz	V1	1	1.628871	1
sub-3319_ses-wave1.nii.gz	V1	1	1.6289212	1
sub-2043_ses-wave1.nii.gz	V1	1	1.6289353	1
CP0054.nii.gz	V1	1	1.6289408	1
PT030_OpenNeuro_ds004712_sub-05.nii.gz	V1	1	1.6289415	1
JUK_sub-128.nii.gz	V1	1	1.6289495	1
CP0002.nii.gz	V1	1	1.6289711	1
sub-237746771571.nii.gz	V1	1	1.6289995	1
116_S_0382_I1037251.nii.gz	V1	1	1.6290078	1
sub-798868156113.nii.gz	V1	1	1.6290197	1
PT030_OpenNeuro_ds002843_sub-022.nii.gz	V1	1	1.6290311	1
CP0221.nii.gz	V1	1	1.6290334	1
sub-909733533237.nii.gz	V1	1	1.6290466	1
sub-1863_ses-wave2.nii.gz	V1	1	1.6290762	1
006_S_0731_I1236721.nii.gz	V1	1	1.6290869	1
PT030_OpenNeuro_ds002647_sub-89.nii.gz	V1	1	1.6291021	1
PT030_OpenNeuro_ds005899_sub-04.nii.gz	V1	1	1.6291462	1
CP0056.nii.gz	V1	1	1.6291516	1
CP0067.nii.gz	V1	1	1.6291634	1
sub-CC621642.nii.gz	V1	1	1.629165	1
PT030_OpenNeuro_ds004331_sub-08.nii.gz	V1	1	1.629184	1
JUK_sub-126.nii.gz	V1	1	1.6291913	1
PT030_OpenNeuro_ds003831_sub-02.nii.gz	V1	1	1.6291991	1
PT030_OpenNeuro_ds005684_sub-15.nii.gz	V1	1	1.6292187	1
sub-378059971451.nii.gz	V1	1	1.6292292	1
PT030_OpenNeuro_ds005194_sub-08.nii.gz	V1	1	1.6292466	1
PT008_AdolescentBrainDevelopment_sub-18.nii.gz	V1	1	1.6292467	1
sub-211954748415.nii.gz	V1	1	1.6292489	1
sub-652746983023.nii.gz	V1	1	1.6292542	1
sub-520_ses-wave1.nii.gz	V1	1	1.6292561	1
sub-240000170343.nii.gz	V1	1	1.6292591	1
PT030_OpenNeuro_ds005530_sub-17.nii.gz	V1	1	1.6293013	1
PT030_OpenNeuro_ds001748_sub-42.nii.gz	V1	1	1.6293045	1
PT030_OpenNeuro_ds004331_sub-26.nii.gz	V1	1	1.6293141	1
PT030_OpenNeuro_ds006010_sub-28.nii.gz	V1	1	1.6293331	1
sub-575_ses-wave2.nii.gz	V1	1	1.6293554	1
PT030_OpenNeuro_ds001814_sub-07.nii.gz	V1	1	1.6294229	1
sub-OAS30509_ses-d0153_run-02.nii.gz	V1	1	1.6294272	1
sub-654400627499.nii.gz	V1	1	1.6295422	1
041_S_6785_I1219607.nii.gz	V1	1	1.6295478	1
sub-757444485438.nii.gz	V1	1	1.6295561	1
sub-685299118745.nii.gz	V1	1	1.6295764	1
PT030_OpenNeuro_ds002886_sub-49.nii.gz	V1	1	1.6295902	1
AOMIC-PIOP2_sub-0210_T1w.nii.gz	V1	1	1.6296054	1
sub-882690575391.nii.gz	V1	1	1.6296152	1
PT030_OpenNeuro_ds004808_sub-12.nii.gz	V1	1	1.629617	1
sub-288283297862.nii.gz	V1	1	1.6296185	1
PT030_OpenNeuro_ds003653_sub-41.nii.gz	V1	1	1.6296246	1
sub-221264002579.nii.gz	V1	1	1.629634	1
PT030_OpenNeuro_ds005123_sub-081.nii.gz	V1	1	1.6296353	1
sub-108737376161.nii.gz	V1	1	1.6296562	1
PT001_ClevelandCCF_sub-15.nii.gz	V1	1	1.6296732	1
PT030_OpenNeuro_ds004725_sub-74.nii.gz	V1	1	1.6296892	1
PT030_OpenNeuro_ds006010_sub-33.nii.gz	V1	1	1.6297044	1
018_S_4313_I920960.nii.gz	V1	1	1.6297271	1
AOMIC-PIOP2_sub-0020_T1w.nii.gz	V1	1	1.6297619	1
JUK_sub-77.nii.gz	V1	1	1.6297916	1
sub-OAS31233_sess-d0246.nii.gz	V1	1	1.629799	1
sub-547312228567.nii.gz	V1	1	1.6298363	1
sub-ON38044.nii.gz	V1	1	1.6298441	1
PT030_OpenNeuro_ds003542_sub-05.nii.gz	V1	1	1.6298467	1
006_S_0731_I1058014.nii.gz	V1	1	1.6298513	1
sub-670914982191.nii.gz	V1	1	1.6298556	1
sub-2206_ses-wave2.nii.gz	V1	1	1.629859	1
141_S_6116_I1523005.nii.gz	V1	1	1.6299007	1
PT030_OpenNeuro_ds005525_sub-09.nii.gz	V1	1	1.6299119	1
sub-254916339967.nii.gz	V1	1	1.6299129	1
sub-963831379087.nii.gz	V1	1	1.6299417	1
PT030_OpenNeuro_ds004697_sub-09.nii.gz	V1	1	1.6299435	1
sub-ON25658.nii.gz	V1	1	1.6299517	1
sub-659006086496.nii.gz	V1	1	1.6299769	1
sub-CC620085.nii.gz	V1	1	1.6299843	1
168_S_6121_I944772.nii.gz	V1	1	1.6300042	1
sub-833_ses-wave2.nii.gz	V1	1	1.6300431	1
sub-CC710350.nii.gz	V1	1	1.6300707	1
PT030_OpenNeuro_ds001796_sub-62.nii.gz	V1	1	1.630077	1
sub-1007_ses-wave3.nii.gz	V1	1	1.6301075	1
sub-1484_ses-wave2.nii.gz	V1	1	1.6301124	1
sub-519122653786.nii.gz	V1	1	1.6301161	1
sub-567035745011.nii.gz	V1	1	1.630125	1
116_S_0382_I1037250.nii.gz	V1	1	1.6301578	1
sub-189_ses-wave2.nii.gz	V1	1	1.6301779	1
sub-ON40757.nii.gz	V1	1	1.6301947	1
JUK_sub-75.nii.gz	V1	1	1.6302364	1
sub-OAS31324_sess-d0218_run-02.nii.gz	V1	1	1.6302375	1
AOMIC-PIOP2_sub-0065_T1w.nii.gz	V1	1	1.6302475	1
sub-697698839264.nii.gz	V1	1	1.6303062	1
PT033_WAND_sub-031.nii.gz	V1	1	1.6303427	1
JUK_sub-120.nii.gz	V1	1	1.6303831	1
AOMIC-PIOP2_sub-0018_T1w.nii.gz	V1	1	1.6303997	1
301_S_6501_I1020325.nii.gz	V1	1	1.6304237	1
PT030_OpenNeuro_ds004697_sub-10.nii.gz	V1	1	1.6304497	1
sub-CC720986.nii.gz	V1	1	1.6304522	1
168_S_6098_I925573.nii.gz	V1	1	1.6304647	1
PT030_OpenNeuro_ds005899_sub-09.nii.gz	V1	1	1.6305305	1
PT030_OpenNeuro_ds004697_sub-06.nii.gz	V1	1	1.6305443	1
sub-OAS31025_ses-d0410_run-02.nii.gz	V1	1	1.6305449	1
PT030_OpenNeuro_ds004469_sub-06.nii.gz	V1	1	1.6305702	1
PT030_OpenNeuro_ds005237_sub-026.nii.gz	V1	1	1.6305822	1
sub-959832959469.nii.gz	V1	1	1.6306288	1
116_S_0382_I1037252.nii.gz	V1	1	1.6306372	1
sub-605870296030.nii.gz	V1	1	1.6306785	1
PT030_OpenNeuro_ds002872_sub-22.nii.gz	V1	1	1.6306938	1
sub-626212764612.nii.gz	V1	1	1.6307	1
sub-137969660621.nii.gz	V1	1	1.6307105	1
AOMIC-PIOP2_sub-0014_T1w.nii.gz	V1	1	1.6307265	1
sub-315753927405.nii.gz	V1	1	1.6307304	1
AOMIC-PIOP2_sub-0191_T1w.nii.gz	V1	1	1.6307342	1
sub-OAS31081_ses-d2012_run-01.nii.gz	V1	1	1.6307511	1
sub-219201052528.nii.gz	V1	1	1.6307595	1
PT030_OpenNeuro_ds005899_sub-13.nii.gz	V1	1	1.6307708	1
070_S_6942_I1446680.nii.gz	V1	1	1.6307738	1
PT030_OpenNeuro_ds003338_sub-03.nii.gz	V1	1	1.6307882	1
sub-OAS30989_ses-d0109_run-01.nii.gz	V1	1	1.630795	1
PT030_OpenNeuro_ds005234_sub-03.nii.gz	V1	1	1.6307969	1
sub-527550273544.nii.gz	V1	1	1.6307977	1
sub-486972667341.nii.gz	V1	1	1.6308031	1
PT030_OpenNeuro_ds001894_sub-179.nii.gz	V1	1	1.6308497	1
sub-566608301162.nii.gz	V1	1	1.6308699	1
CP0209.nii.gz	V1	1	1.6308995	1
023_S_4448_I942773.nii.gz	V1	1	1.6309377	1
168_S_6131_I951181.nii.gz	V1	1	1.6309508	1
PT030_OpenNeuro_ds005126_sub-31.nii.gz	V1	1	1.6309882	1
PT030_OpenNeuro_ds004499_sub-14.nii.gz	V1	1	1.630993	1
sub-732461942615.nii.gz	V1	1	1.6310009	1
sub-575943923275.nii.gz	V1	1	1.6310189	1
sub-3537_ses-wave3.nii.gz	V1	1	1.6310705	1
sub-924175266771.nii.gz	V1	1	1.6310819	1
sub-723096670239.nii.gz	V1	1	1.6310856	1
PT030_OpenNeuro_ds003346_sub-119.nii.gz	V1	1	1.6310905	1
sub-CC620518.nii.gz	V1	1	1.6311008	1
301_S_6326_I1316573.nii.gz	V1	1	1.6311287	1
sub-674240758679.nii.gz	V1	1	1.6311325	1
sub-OAS31356_sess-d0091.nii.gz	V1	1	1.6311352	1
sub-680302874420.nii.gz	V1	1	1.6311483	1
sub-499061605207.nii.gz	V1	1	1.6311531	1
sub-199368890202.nii.gz	V1	1	1.631163	1
PT030_OpenNeuro_ds004173_sub-135.nii.gz	V1	1	1.6311682	1
PT030_OpenNeuro_ds004006_sub-17.nii.gz	V1	1	1.6311705	1
sub-CC722216.nii.gz	V1	1	1.6312081	1
sub-454545291918.nii.gz	V1	1	1.6312288	1
JUK_sub-87.nii.gz	V1	1	1.6312507	1
PT030_OpenNeuro_ds004285_sub-34.nii.gz	V1	1	1.6312531	1
PT030_OpenNeuro_ds005418_sub-27.nii.gz	V1	1	1.6313012	1
sub-OAS31208_sess-d0094.nii.gz	V1	1	1.6313255	1
PT030_OpenNeuro_ds003242_sub-14.nii.gz	V1	1	1.6313336	1
003_S_6490_I1043769.nii.gz	V1	1	1.6313697	1
PT030_OpenNeuro_ds004697_sub-15.nii.gz	V1	1	1.6313791	1
sub-OAS31243_sess-d0011.nii.gz	V1	1	1.6313998	1
sub-OAS31329_sess-d0137.nii.gz	V1	1	1.6314318	1
sub-149065190596.nii.gz	V1	1	1.6314383	1
PT030_OpenNeuro_ds003877_sub-08.nii.gz	V1	1	1.6314656	1
PT030_OpenNeuro_ds001486_sub-072.nii.gz	V1	1	1.6314898	1
sub-CC721532.nii.gz	V1	1	1.6315064	1
168_S_6371_I1352191.nii.gz	V1	1	1.6315149	1
sub-994359308124.nii.gz	V1	1	1.6315498	1
CP0247.nii.gz	V1	1	1.6315804	1
sub-335037500978.nii.gz	V1	1	1.6315914	1
CP0062.nii.gz	V1	1	1.6315919	1
AOMIC-PIOP2_sub-0168_T1w.nii.gz	V1	1	1.6316023	1
sub-OAS31087_sess-d0168_run-01.nii.gz	V1	1	1.6316204	1
941_S_6384_I1584280.nii.gz	V1	1	1.6316317	1
PT030_OpenNeuro_ds003542_sub-03.nii.gz	V1	1	1.6316514	1
PT030_OpenNeuro_ds005123_sub-015.nii.gz	V1	1	1.6316848	1
PT030_OpenNeuro_ds004956_sub-13.nii.gz	V1	1	1.6316892	1
sub-182_ses-wave1.nii.gz	V1	1	1.6316912	1
sub-OAS31392_sess-d0144.nii.gz	V1	1	1.6317185	1
141_S_6008_I839474.nii.gz	V1	1	1.6317185	1
116_S_0382_I1037249.nii.gz	V1	1	1.6317312	1
002_S_6103_I938767.nii.gz	V1	1	1.6317353	1
002_S_1280_I1140408.nii.gz	V1	1	1.6317519	1
AOMIC-PIOP2_sub-0158_T1w.nii.gz	V1	1	1.6317877	1
sub-4641_ses-wave3.nii.gz	V1	1	1.6318343	1
sub-4240_ses-wave1.nii.gz	V1	1	1.6318378	1
PT030_OpenNeuro_ds004499_sub-31.nii.gz	V1	1	1.6318396	1
PT030_OpenNeuro_ds003877_sub-11.nii.gz	V1	1	1.6318576	1
sub-475045374891.nii.gz	V1	1	1.6318581	1
PT030_OpenNeuro_ds002643_sub-36.nii.gz	V1	1	1.631901	1
sub-ON99871.nii.gz	V1	1	1.6319073	1
sub-3567_ses-wave2.nii.gz	V1	1	1.6319437	1
sub-592747222720.nii.gz	V1	1	1.6319522	1
070_S_6942_I1446679.nii.gz	V1	1	1.6319792	1
PT030_OpenNeuro_ds005234_sub-08.nii.gz	V1	1	1.6319823	1
002_S_6007_I1270100.nii.gz	V1	1	1.6319827	1
AOMIC-PIOP1_sub-0195_T1w.nii.gz	V1	1	1.6319982	1
PT030_OpenNeuro_ds004795_sub-123.nii.gz	V1	1	1.6320353	1
sub-872_ses-wave3.nii.gz	V1	1	1.6321155	1
sub-OAS31394_sess-d0056.nii.gz	V1	1	1.6321325	1
sub-2561_ses-wave2.nii.gz	V1	1	1.6321428	1
024_S_6202_I963558.nii.gz	V1	1	1.63215	1
sub-3899_ses-wave1.nii.gz	V1	1	1.6321669	1
PT030_OpenNeuro_ds002797_sub-06.nii.gz	V1	1	1.6321768	1
sub-445648235690.nii.gz	V1	1	1.6321915	1
PT030_OpenNeuro_ds000222_sub-14.nii.gz	V1	1	1.6322005	1
PT030_OpenNeuro_ds001740_sub-14.nii.gz	V1	1	1.6322331	1
sub-2117_ses-wave1.nii.gz	V1	1	1.6322547	1
PT030_OpenNeuro_ds006010_sub-21.nii.gz	V1	1	1.6322613	1
341_S_6494_I1056183.nii.gz	V1	1	1.6322893	1
PT030_OpenNeuro_ds004327_sub-05.nii.gz	V1	1	1.6323112	1
PT030_OpenNeuro_ds004662_sub-07.nii.gz	V1	1	1.6323212	1
sub-CC711027.nii.gz	V1	1	1.632332	1
PT030_OpenNeuro_ds001894_sub-021.nii.gz	V1	1	1.6323714	1
PT030_OpenNeuro_ds004173_sub-006.nii.gz	V1	1	1.6323857	1
sub-237188599607.nii.gz	V1	1	1.6323882	1
PT030_OpenNeuro_ds004516_sub-19.nii.gz	V1	1	1.6324127	1
sub-4165_ses-wave1.nii.gz	V1	1	1.6324146	1
PT030_OpenNeuro_ds000249_sub-18.nii.gz	V1	1	1.6324842	1
PT030_OpenNeuro_ds003465_sub-33.nii.gz	V1	1	1.6325021	1
PT030_OpenNeuro_ds003452_sub-10.nii.gz	V1	1	1.6325021	1
PT030_OpenNeuro_ds002236_sub-13.nii.gz	V1	1	1.6325064	1
PT030_OpenNeuro_ds003242_sub-36.nii.gz	V1	1	1.6325204	1
sub-OAS30005_ses-d0143.nii.gz	V1	1	1.6325405	1
137_S_4520_I1266559.nii.gz	V1	1	1.6325582	1
sub-OAS31081_ses-d2012_run-02.nii.gz	V1	1	1.6325604	1
sub-881_ses-wave2.nii.gz	V1	1	1.6326057	1
PT030_OpenNeuro_ds004158_sub-06.nii.gz	V1	1	1.6326115	1
AOMIC-PIOP2_sub-0093_T1w.nii.gz	V1	1	1.6326134	1
002_S_1280_I1140407.nii.gz	V1	1	1.6326194	1
sub-OAS31078_ses-d1173.nii.gz	V1	1	1.6327548	1
sub-1891_ses-wave2.nii.gz	V1	1	1.6327755	1
JUK_sub-122.nii.gz	V1	1	1.6327852	1
PT030_OpenNeuro_ds005234_sub-31.nii.gz	V1	1	1.6328163	1
CP0133.nii.gz	V1	1	1.6328276	1
sub-642917338238.nii.gz	V1	1	1.6328824	1
AOMIC-PIOP2_sub-0206_T1w.nii.gz	V1	1	1.632894	1
sub-OAS31345_sess-d0034.nii.gz	V1	1	1.6328977	1
033_S_6572_I1345109.nii.gz	V1	1	1.6329584	1
PT030_OpenNeuro_ds002886_sub-11.nii.gz	V1	1	1.6329703	1
sub-923642697698.nii.gz	V1	1	1.632991	1
sub-107989352584.nii.gz	V1	1	1.6330142	1
sub-563023335884.nii.gz	V1	1	1.6330229	1
PT030_OpenNeuro_ds004400_sub-22.nii.gz	V1	1	1.6330242	1
sub-320209332584.nii.gz	V1	1	1.6330335	1
PT030_OpenNeuro_ds004516_sub-42.nii.gz	V1	1	1.6330352	1
sub-461188424175.nii.gz	V1	1	1.6330389	1
sub-CC720304.nii.gz	V1	1	1.6330878	1
sub-279716221372.nii.gz	V1	1	1.6331315	1
035_S_6306_I988748.nii.gz	V1	1	1.6331434	1
JUK_sub-123.nii.gz	V1	1	1.633144	1
sub-213_ses-wave3.nii.gz	V1	1	1.6331661	1
CP0069.nii.gz	V1	1	1.6331981	1
sub-1868_ses-wave2.nii.gz	V1	1	1.6332072	1
PT030_OpenNeuro_ds004711_sub-044.nii.gz	V1	1	1.6332225	1
sub-717521415493.nii.gz	V1	1	1.633246	1
PT030_OpenNeuro_ds004604_sub-22.nii.gz	V1	1	1.633259	1
PT030_OpenNeuro_ds001734_sub-067.nii.gz	V1	1	1.6332638	1
sub-OAS31047_ses-d0183_run-01.nii.gz	V1	1	1.6332747	1
sub-287470725724.nii.gz	V1	1	1.6332994	1
sub-990084891928.nii.gz	V1	1	1.6333286	1
PT030_OpenNeuro_ds004400_sub-16.nii.gz	V1	1	1.6333371	1
PT030_OpenNeuro_ds004795_sub-056.nii.gz	V1	1	1.6333387	1
JUK_sub-118.nii.gz	V1	1	1.6333698	1
PT030_OpenNeuro_ds001486_sub-024.nii.gz	V1	1	1.6334304	1
023_S_6399_I1003993.nii.gz	V1	1	1.6335043	1
PT030_OpenNeuro_ds002878_sub-35.nii.gz	V1	1	1.6335301	1
PT030_OpenNeuro_ds005123_sub-028.nii.gz	V1	1	1.6335535	1
sub-865_ses-wave1.nii.gz	V1	1	1.6335539	1
131_S_6170_I997517.nii.gz	V1	1	1.633556	1
JUK_sub-113.nii.gz	V1	1	1.6335773	1
PT030_OpenNeuro_ds003542_sub-30.nii.gz	V1	1	1.6335801	1
sub-OAS31188_sess-d0081.nii.gz	V1	1	1.6335912	1
PT030_OpenNeuro_ds003346_sub-054.nii.gz	V1	1	1.6336213	1
sub-429800757560.nii.gz	V1	1	1.6336818	1
037_S_6144_I1304645.nii.gz	V1	1	1.6337109	1
037_S_6115_I940645.nii.gz	V1	1	1.6337392	1
PT030_OpenNeuro_ds004158_sub-01.nii.gz	V1	1	1.6337537	1
PT008_AdolescentBrainDevelopment_sub-31.nii.gz	V1	1	1.6337695	1
PT030_OpenNeuro_ds000245_sub-08.nii.gz	V1	1	1.633778	1
PT030_OpenNeuro_ds001415_sub-14.nii.gz	V1	1	1.6337905	1
PT030_OpenNeuro_ds003877_sub-13.nii.gz	V1	1	1.6338199	1
sub-335_ses-wave1.nii.gz	V1	1	1.6338387	1
sub-CC720180.nii.gz	V1	1	1.6338494	1
AOMIC-PIOP2_sub-0041_T1w.nii.gz	V1	1	1.6338621	1
PT030_OpenNeuro_ds001226_sub-02.nii.gz	V1	1	1.6338649	1
sub-429297879703.nii.gz	V1	1	1.633876	1
PT030_OpenNeuro_ds005123_sub-048.nii.gz	V1	1	1.6338928	1
PT030_OpenNeuro_ds003542_sub-02.nii.gz	V1	1	1.6339074	1
AOMIC-PIOP2_sub-0077_T1w.nii.gz	V1	1	1.6339228	1
sub-806994016315.nii.gz	V1	1	1.6339458	1
sub-OAS30756_ses-d1267.nii.gz	V1	1	1.6339483	1
130_S_6037_I1189614.nii.gz	V1	1	1.6339657	1
sub-3377_ses-wave1.nii.gz	V1	1	1.6339766	1
PT030_OpenNeuro_ds004712_sub-02.nii.gz	V1	1	1.633996	1
PT030_OpenNeuro_ds004604_sub-43.nii.gz	V1	1	1.6340096	1
sub-OAS30455_ses-d2887_run-02.nii.gz	V1	1	1.6340097	1
sub-571132678153.nii.gz	V1	1	1.6340122	1
PT001_ClevelandCCF_sub-22.nii.gz	V1	1	1.6340431	1
AOMIC-PIOP2_sub-0006_T1w.nii.gz	V1	1	1.6340499	1
037_S_6992_I1514331.nii.gz	V1	1	1.6340696	1
JUK_sub-116.nii.gz	V1	1	1.6341225	1
PT030_OpenNeuro_ds005405_sub-080.nii.gz	V1	1	1.6341305	1
PT030_OpenNeuro_ds003095_sub-28.nii.gz	V1	1	1.6341448	1
AOMIC-PIOP1_sub-0188_T1w.nii.gz	V1	1	1.6341815	1
sub-742853610871.nii.gz	V1	1	1.6341914	1
PT030_OpenNeuro_ds001894_sub-165.nii.gz	V1	1	1.6341944	1
CP0187.nii.gz	V1	1	1.6341985	1
AOMIC-PIOP2_sub-0146_T1w.nii.gz	V1	1	1.6342033	1
sub-357880664413.nii.gz	V1	1	1.6342348	1
PT030_OpenNeuro_ds001894_sub-160.nii.gz	V1	1	1.6342596	1
sub-299126133183.nii.gz	V1	1	1.6342617	1
007_S_4488_I1060837.nii.gz	V1	1	1.6343154	1
PT030_OpenNeuro_ds001415_sub-09.nii.gz	V1	1	1.6343253	1
sub-620369093938.nii.gz	V1	1	1.6343601	1
sub-1045_ses-wave1.nii.gz	V1	1	1.6343721	1
sub-275393428702.nii.gz	V1	1	1.6343735	1
137_S_4520_I929121.nii.gz	V1	1	1.6343749	1
PT030_OpenNeuro_ds001734_sub-071.nii.gz	V1	1	1.6343772	1
PT030_OpenNeuro_ds001796_sub-25.nii.gz	V1	1	1.6343822	1
PT030_OpenNeuro_ds006267_sub-18.nii.gz	V1	1	1.634391	1
sub-301372318959.nii.gz	V1	1	1.634409	1
AOMIC-PIOP2_sub-0219_T1w.nii.gz	V1	1	1.6344109	1
PT030_OpenNeuro_ds003416_sub-46.nii.gz	V1	1	1.634411	1
PT030_OpenNeuro_ds001814_sub-09.nii.gz	V1	1	1.6344169	1
PT030_OpenNeuro_ds003542_sub-27.nii.gz	V1	1	1.6344283	1
sub-CC720511.nii.gz	V1	1	1.6344405	1
sub-488893580166.nii.gz	V1	1	1.6344593	1
sub-386843010193.nii.gz	V1	1	1.6344703	1
036_S_6088_I1116728.nii.gz	V1	1	1.6344867	1
AOMIC-PIOP2_sub-0169_T1w.nii.gz	V1	1	1.634505	1
PT030_OpenNeuro_ds004331_sub-17.nii.gz	V1	1	1.6345314	1
sub-3102_ses-wave1.nii.gz	V1	1	1.6345624	1
PT030_OpenNeuro_ds003872_sub-12.nii.gz	V1	1	1.6345717	1
PT030_OpenNeuro_ds003416_sub-68.nii.gz	V1	1	1.6345768	1
JUK_sub-136.nii.gz	V1	1	1.6345792	1
sub-162_ses-wave1.nii.gz	V1	1	1.6345809	1
PT030_OpenNeuro_ds006267_sub-15.nii.gz	V1	1	1.6345909	1
sub-133778811441.nii.gz	V1	1	1.6346731	1
sub-334327381873.nii.gz	V1	1	1.6346755	1
sub-OAS31158_ses-d0029_run-01.nii.gz	V1	1	1.6346768	1
PT030_OpenNeuro_ds002872_sub-17.nii.gz	V1	1	1.6347361	1
PT030_OpenNeuro_ds000222_sub-70.nii.gz	V1	1	1.6347424	1
PT030_OpenNeuro_ds002886_sub-46.nii.gz	V1	1	1.6347511	1
PT030_OpenNeuro_ds000245_sub-04.nii.gz	V1	1	1.6347718	1
sub-943961074481.nii.gz	V1	1	1.6347734	1
JUK_sub-10.nii.gz	V1	1	1.6347867	1
PT030_OpenNeuro_ds003545_sub-06.nii.gz	V1	1	1.6348262	1
035_S_7030_I1527249.nii.gz	V1	1	1.6348263	1
sub-975567474439.nii.gz	V1	1	1.6348507	1
CP0188.nii.gz	V1	1	1.63489	1
sub-482425230708.nii.gz	V1	1	1.6349005	1
PT030_OpenNeuro_ds001928_sub-21.nii.gz	V1	1	1.6349329	1
sub-3025_ses-wave3.nii.gz	V1	1	1.6349386	1
JUK_sub-90.nii.gz	V1	1	1.6349556	1
sub-1178_ses-wave1.nii.gz	V1	1	1.6349818	1
PT030_OpenNeuro_ds004331_sub-04.nii.gz	V1	1	1.6350039	1
sub-200653930856.nii.gz	V1	1	1.6350145	1
PT030_OpenNeuro_ds003499_sub-85.nii.gz	V1	1	1.6350782	1
PT030_OpenNeuro_ds001486_sub-023.nii.gz	V1	1	1.635094	1
AOMIC-PIOP2_sub-0207_T1w.nii.gz	V1	1	1.635116	1
sub-ON56044.nii.gz	V1	1	1.635123	1
PT030_OpenNeuro_ds005884_sub-07.nii.gz	V1	1	1.6351438	1
sub-294423391181.nii.gz	V1	1	1.6351693	1
sub-505113843035.nii.gz	V1	1	1.6352081	1
168_S_6085_I916399.nii.gz	V1	1	1.6352106	1
sub-OAS31366_sess-d0040.nii.gz	V1	1	1.6352433	1
PT030_OpenNeuro_ds005234_sub-27.nii.gz	V1	1	1.6352457	1
033_S_6298_I1165491.nii.gz	V1	1	1.6352793	1
002_S_6007_I835740.nii.gz	V1	1	1.6352875	1
sub-306129715275.nii.gz	V1	1	1.6352892	1
PT030_OpenNeuro_ds001486_sub-011.nii.gz	V1	1	1.6352919	1
PT030_OpenNeuro_ds003831_sub-49.nii.gz	V1	1	1.6353157	1
sub-347793800576.nii.gz	V1	1	1.6353288	1
sub-210027157954.nii.gz	V1	1	1.6353335	1
PT033_WAND_sub-025.nii.gz	V1	1	1.6353421	1
PT030_OpenNeuro_ds002886_sub-19.nii.gz	V1	1	1.6353874	1
PT030_OpenNeuro_ds004499_sub-24.nii.gz	V1	1	1.6354084	1
AOMIC-PIOP2_sub-0222_T1w.nii.gz	V1	1	1.635419	1
PT030_OpenNeuro_ds005123_sub-014.nii.gz	V1	1	1.6354392	1
sub-CC711245.nii.gz	V1	1	1.6354586	1
CP0036.nii.gz	V1	1	1.6354823	1
AOMIC-PIOP2_sub-0170_T1w.nii.gz	V1	1	1.6354843	1
941_S_6080_I1515308.nii.gz	V1	1	1.6355112	1
PT030_OpenNeuro_ds005234_sub-09.nii.gz	V1	1	1.6355163	1
PT030_OpenNeuro_ds002797_sub-15.nii.gz	V1	1	1.6355395	1
PT030_OpenNeuro_ds003542_sub-15.nii.gz	V1	1	1.6355419	1
PT030_OpenNeuro_ds005892_sub-46.nii.gz	V1	1	1.6355559	1
PT017_HBN-SSI_sub-02.nii.gz	V1	1	1.6355587	1
sub-494516431871.nii.gz	V1	1	1.6355695	1
CP0197.nii.gz	V1	1	1.6355702	1
sub-1849_ses-wave3.nii.gz	V1	1	1.6355803	1
sub-OAS31066_ses-d0077_run-02.nii.gz	V1	1	1.6356238	1
sub-627870975279.nii.gz	V1	1	1.6356649	1
PT030_OpenNeuro_ds002345_sub-237.nii.gz	V1	1	1.6356744	1
PT030_OpenNeuro_ds001417_sub-13.nii.gz	V1	1	1.635706	1
PT030_OpenNeuro_ds002886_sub-34.nii.gz	V1	1	1.6357096	1
sub-1863_ses-wave3.nii.gz	V1	1	1.6357464	1
PT030_OpenNeuro_ds000208_sub-17.nii.gz	V1	1	1.6358042	1
PT030_OpenNeuro_ds004466_sub-111.nii.gz	V1	1	1.6358511	1
PT030_OpenNeuro_ds004499_sub-16.nii.gz	V1	1	1.6358687	1
sub-949681988886.nii.gz	V1	1	1.6358733	1
AOMIC-PIOP2_sub-0192_T1w.nii.gz	V1	1	1.6358742	1
AOMIC-PIOP2_sub-0097_T1w.nii.gz	V1	1	1.6358846	1
sub-777515005343.nii.gz	V1	1	1.6359595	1
PT030_OpenNeuro_ds000017_sub-04.nii.gz	V1	1	1.6359768	1
sub-OAS31464_sess-d0014.nii.gz	V1	1	1.6359967	1
PT030_OpenNeuro_ds002158_sub-08.nii.gz	V1	1	1.6360332	1
PT012_CHBMP_sub-152.nii.gz	V1	1	1.6360468	1
PT030_OpenNeuro_ds000240_sub-56.nii.gz	V1	1	1.636048	1
sub-917600588024.nii.gz	V1	1	1.6360651	1
PT030_OpenNeuro_ds004697_sub-24.nii.gz	V1	1	1.6360654	1
sub-268081601695.nii.gz	V1	1	1.6360768	1
PT030_OpenNeuro_ds004795_sub-094.nii.gz	V1	1	1.6360943	1
sub-203693889668.nii.gz	V1	1	1.6361126	1
PT030_OpenNeuro_ds000002_sub-14.nii.gz	V1	1	1.6361192	1
PT030_OpenNeuro_ds003542_sub-14.nii.gz	V1	1	1.6361337	1
PT030_OpenNeuro_ds003542_sub-06.nii.gz	V1	1	1.6361532	1
CP0195.nii.gz	V1	1	1.6361787	1
sub-774965024892.nii.gz	V1	1	1.6362334	1
sub-674_ses-wave1.nii.gz	V1	1	1.6362559	1
sub-983287078347.nii.gz	V1	1	1.6362693	1
sub-CC710099.nii.gz	V1	1	1.6363034	1
sub-3010_ses-wave1.nii.gz	V1	1	1.6363037	1
PT030_OpenNeuro_ds001894_sub-029.nii.gz	V1	1	1.6363064	1
AOMIC-PIOP2_sub-0001_T1w.nii.gz	V1	1	1.6363108	1
PT030_OpenNeuro_ds004795_sub-091.nii.gz	V1	1	1.636343	1
PT030_OpenNeuro_ds003877_sub-09.nii.gz	V1	1	1.6363724	1
PT030_OpenNeuro_ds001486_sub-005.nii.gz	V1	1	1.6363826	1
sub-997004175200.nii.gz	V1	1	1.6363956	1
sub-OAS31269_sess-d0031.nii.gz	V1	1	1.6364627	1
PT030_OpenNeuro_ds000102_sub-07.nii.gz	V1	1	1.6364706	1
137_S_4520_I1366966.nii.gz	V1	1	1.6364777	1
sub-341_ses-wave3.nii.gz	V1	1	1.6364793	1
PT030_OpenNeuro_ds001486_sub-018.nii.gz	V1	1	1.6364877	1
PT030_OpenNeuro_ds000228_sub-007.nii.gz	V1	1	1.6364963	1
PT030_OpenNeuro_ds001486_sub-117.nii.gz	V1	1	1.6364983	1
070_S_6386_I1006806.nii.gz	V1	1	1.6365181	1
sub-781687235835.nii.gz	V1	1	1.6365337	1
PT030_OpenNeuro_ds004482_sub-19.nii.gz	V1	1	1.6365542	1
PT030_OpenNeuro_ds006395_sub-24.nii.gz	V1	1	1.6365579	1
sub-1043_ses-wave1.nii.gz	V1	1	1.6365646	1
PT030_OpenNeuro_ds002886_sub-08.nii.gz	V1	1	1.6365818	1
PT030_OpenNeuro_ds002647_sub-74.nii.gz	V1	1	1.636587	1
sub-1119_ses-wave1.nii.gz	V1	1	1.6366229	1
141_S_6116_I935949.nii.gz	V1	1	1.6366441	1
PT030_OpenNeuro_ds001894_sub-002.nii.gz	V1	1	1.636665	1
PT030_OpenNeuro_ds004711_sub-131.nii.gz	V1	1	1.6366774	1
PT030_OpenNeuro_ds005237_sub-187.nii.gz	V1	1	1.636686	1
sub-2231_ses-wave1.nii.gz	V1	1	1.6367319	1
177_S_6448_I1018523.nii.gz	V1	1	1.6367399	1
PT001_ClevelandCCF_sub-01.nii.gz	V1	1	1.6367724	1
PT030_OpenNeuro_ds004513_sub-18.nii.gz	V1	1	1.6367918	1
PT030_OpenNeuro_ds005577_sub-66.nii.gz	V1	1	1.6368226	1
sub-2205_ses-wave1.nii.gz	V1	1	1.6368254	1
sub-3126_ses-wave3.nii.gz	V1	1	1.6368419	1
sub-3863_ses-wave1.nii.gz	V1	1	1.6368734	1
PT030_OpenNeuro_ds000017_sub-05.nii.gz	V1	1	1.6369364	1
sub-1372_ses-wave1.nii.gz	V1	1	1.6369671	1
sub-OAS31240_sess-d0108.nii.gz	V1	1	1.6369675	1
JUK_sub-80.nii.gz	V1	1	1.6369697	1
PT030_OpenNeuro_ds003872_sub-02.nii.gz	V1	1	1.6369897	1
AOMIC-PIOP2_sub-0196_T1w.nii.gz	V1	1	1.6370323	1
CP0126.nii.gz	V1	1	1.6370391	1
CP0037.nii.gz	V1	1	1.6370649	1
PT030_OpenNeuro_ds005571_sub-11.nii.gz	V1	1	1.637083	1
PT008_AdolescentBrainDevelopment_sub-43.nii.gz	V1	1	1.6370987	1
PT008_AdolescentBrainDevelopment_sub-21.nii.gz	V1	1	1.6371161	1
033_S_6572_I1045204.nii.gz	V1	1	1.6371282	1
PT030_OpenNeuro_ds002033_sub-28.nii.gz	V1	1	1.6371404	1
sub-4288_ses-wave2.nii.gz	V1	1	1.6371522	1
PT030_OpenNeuro_ds005126_sub-24.nii.gz	V1	1	1.6371645	1
070_S_6386_I1006805.nii.gz	V1	1	1.6371735	1
sub-383_ses-wave1.nii.gz	V1	1	1.6371771	1
sub-OAS31259_sess-d0314.nii.gz	V1	1	1.6371803	1
sub-814718160007.nii.gz	V1	1	1.6371838	1
PT030_OpenNeuro_ds000240_sub-35.nii.gz	V1	1	1.637187	1
sub-CC710176.nii.gz	V1	1	1.6372285	1
PT030_OpenNeuro_ds005684_sub-33.nii.gz	V1	1	1.6372337	1
PT030_OpenNeuro_ds004533_sub-25.nii.gz	V1	1	1.6372974	1
PT030_OpenNeuro_ds004499_sub-34.nii.gz	V1	1	1.637373	1
sub-3727_ses-wave1.nii.gz	V1	1	1.6373811	1
PT030_OpenNeuro_ds001734_sub-045.nii.gz	V1	1	1.6373909	1
sub-708855448410.nii.gz	V1	1	1.6373979	1
sub-2743_ses-wave1.nii.gz	V1	1	1.6374186	1
PT030_OpenNeuro_ds005126_sub-20.nii.gz	V1	1	1.6374506	1
016_S_6773_I1194377.nii.gz	V1	1	1.6374515	1
AOMIC-PIOP2_sub-0052_T1w.nii.gz	V1	1	1.637465	1
CP0236.nii.gz	V1	1	1.6374807	1
sub-CC610210.nii.gz	V1	1	1.6374844	1
AOMIC-PIOP2_sub-0116_T1w.nii.gz	V1	1	1.6375006	1
sub-365096018286.nii.gz	V1	1	1.6375176	1
PT030_OpenNeuro_ds005418_sub-24.nii.gz	V1	1	1.6375185	1
sub-OAS31186_sess-d0102.nii.gz	V1	1	1.6375241	1
PT030_OpenNeuro_ds002620_sub-03.nii.gz	V1	1	1.6375332	1
sub-673029323782.nii.gz	V1	1	1.6375626	1
sub-443528393725.nii.gz	V1	1	1.63757	1
PT030_OpenNeuro_ds001486_sub-003.nii.gz	V1	1	1.6375948	1
AOMIC-PIOP2_sub-0189_T1w.nii.gz	V1	1	1.6375986	1
PT030_OpenNeuro_ds001814_sub-08.nii.gz	V1	1	1.6375989	1
041_S_6785_I1358529.nii.gz	V1	1	1.6376123	1
PT030_OpenNeuro_ds002886_sub-45.nii.gz	V1	1	1.6376207	1
PT030_OpenNeuro_ds001430_sub-29.nii.gz	V1	1	1.6376239	1
CP0146.nii.gz	V1	1	1.6376432	1
sub-CC720622.nii.gz	V1	1	1.637669	1
PT030_OpenNeuro_ds002886_sub-03.nii.gz	V1	1	1.637696	1
002_S_6030_I861965.nii.gz	V1	1	1.6377709	1
sub-729003209199.nii.gz	V1	1	1.6377722	1
CP0050.nii.gz	V1	1	1.6377767	1
sub-ON05311.nii.gz	V1	1	1.637823	1
033_S_6572_I1233828.nii.gz	V1	1	1.6378396	1
PT030_OpenNeuro_ds005903_sub-06.nii.gz	V1	1	1.6378647	1
sub-4312_ses-wave3.nii.gz	V1	1	1.6378673	1
PT030_OpenNeuro_ds004285_sub-48.nii.gz	V1	1	1.6379046	1
sub-228370965361.nii.gz	V1	1	1.6379284	1
sub-682175285376.nii.gz	V1	1	1.6379528	1
CP0160.nii.gz	V1	1	1.6379547	1
PT030_OpenNeuro_ds003717_sub-01.nii.gz	V1	1	1.6379641	1
PT030_OpenNeuro_ds005469_sub-40.nii.gz	V1	1	1.6379979	1
PT030_OpenNeuro_ds005588_sub-11.nii.gz	V1	1	1.6380256	1
JUK_sub-139.nii.gz	V1	1	1.6380304	1
PT030_OpenNeuro_ds005899_sub-07.nii.gz	V1	1	1.6380322	1
sub-136292501169.nii.gz	V1	1	1.6380457	1
sub-831859007293.nii.gz	V1	1	1.6380583	1
PT030_OpenNeuro_ds004956_sub-09.nii.gz	V1	1	1.6380705	1
sub-OAS31204_sess-d0006.nii.gz	V1	1	1.6380819	1
sub-166243374724.nii.gz	V1	1	1.6380968	1
PT030_OpenNeuro_ds002620_sub-22.nii.gz	V1	1	1.6380973	1
PT030_OpenNeuro_ds004604_sub-04.nii.gz	V1	1	1.6381058	1
sub-178786468108.nii.gz	V1	1	1.6381332	1
CP0032.nii.gz	V1	1	1.6381676	1
sub-OAS30594_sess-d1166.nii.gz	V1	1	1.6381813	1
sub-110648343433.nii.gz	V1	1	1.638275	1
003_S_6256_I973278.nii.gz	V1	1	1.6382952	1
041_S_4200_I1265863.nii.gz	V1	1	1.6383058	1
PT030_OpenNeuro_ds004469_sub-55.nii.gz	V1	1	1.6383077	1
941_S_4292_I1500470.nii.gz	V1	1	1.638322	1
035_S_6488_I1019265.nii.gz	V1	1	1.6383303	1
sub-582362567658.nii.gz	V1	1	1.6383871	1
PT030_OpenNeuro_ds005088_sub-18.nii.gz	V1	1	1.6384268	1
PT030_OpenNeuro_ds006267_sub-12.nii.gz	V1	1	1.638432	1
PT030_OpenNeuro_ds006267_sub-04.nii.gz	V1	1	1.6384755	1
168_S_6233_I1348596.nii.gz	V1	1	1.6384803	1
sub-984146928463.nii.gz	V1	1	1.6385239	1
sub-309584224977.nii.gz	V1	1	1.6385368	1
PT030_OpenNeuro_ds004956_sub-05.nii.gz	V1	1	1.6385392	1
007_S_4488_I1428189.nii.gz	V1	1	1.638544	1
sub-292595192978.nii.gz	V1	1	1.6385624	1
sub-273925243535.nii.gz	V1	1	1.6385844	1
PT030_OpenNeuro_ds005234_sub-22.nii.gz	V1	1	1.6385975	1
sub-436915075418.nii.gz	V1	1	1.6385982	1
PT030_OpenNeuro_ds003499_sub-80.nii.gz	V1	1	1.6386545	1
CP0141.nii.gz	V1	1	1.6386636	1
sub-410173634990.nii.gz	V1	1	1.6386652	1
sub-115051337557.nii.gz	V1	1	1.6386865	1
PT030_OpenNeuro_ds002797_sub-13.nii.gz	V1	1	1.6386873	1
sub-457756697867.nii.gz	V1	1	1.6387149	1
PT030_OpenNeuro_ds005899_sub-01.nii.gz	V1	1	1.6387657	1
PT030_OpenNeuro_ds000011_sub-07.nii.gz	V1	1	1.6387719	1
AOMIC-PIOP2_sub-0104_T1w.nii.gz	V1	1	1.6387808	1
sub-928386832910.nii.gz	V1	1	1.6387883	1
sub-92_ses-wave3.nii.gz	V1	1	1.6387973	1
JUK_sub-33.nii.gz	V1	1	1.638805	1
AOMIC-PIOP1_sub-0181_T1w.nii.gz	V1	1	1.6388073	1
sub-3146_ses-wave1.nii.gz	V1	1	1.6388159	1
037_S_4410_I824980.nii.gz	V1	1	1.6388531	1
sub-CC620720.nii.gz	V1	1	1.6388627	1
sub-511979172515.nii.gz	V1	1	1.6388696	1
PT030_OpenNeuro_ds005405_sub-072.nii.gz	V1	1	1.638954	1
PT030_OpenNeuro_ds001454_sub-03.nii.gz	V1	1	1.6390066	1
PT030_OpenNeuro_ds004604_sub-20.nii.gz	V1	1	1.639015	1
PT030_OpenNeuro_ds001748_sub-46.nii.gz	V1	1	1.6390228	1
sub-4679_ses-wave3.nii.gz	V1	1	1.6390649	1
sub-913181064150.nii.gz	V1	1	1.6390791	1
PT030_OpenNeuro_ds000222_sub-72.nii.gz	V1	1	1.6390997	1
sub-413090949713.nii.gz	V1	1	1.6391171	1
sub-OAS31025_ses-d0410_run-01.nii.gz	V1	1	1.6391474	1
sub-561779274780.nii.gz	V1	1	1.6392261	1
sub-461276348768.nii.gz	V1	1	1.6392297	1
sub-861145867214.nii.gz	V1	1	1.6392349	1
PT008_AdolescentBrainDevelopment_sub-16.nii.gz	V1	1	1.6392406	1
CP0237.nii.gz	V1	1	1.6392424	1
PT030_OpenNeuro_ds005899_sub-45.nii.gz	V1	1	1.6392505	1
PT030_OpenNeuro_ds001796_sub-56.nii.gz	V1	1	1.639296	1
007_S_4488_I902659.nii.gz	V1	1	1.6393365	1
sub-OAS31325_sess-d0086.nii.gz	V1	1	1.6393421	1
AOMIC-PIOP2_sub-0202_T1w.nii.gz	V1	1	1.6393554	1
sub-ON23897.nii.gz	V1	1	1.6393821	1
PT030_OpenNeuro_ds005126_sub-08.nii.gz	V1	1	1.6393828	1
CP0024.nii.gz	V1	1	1.6393937	1
sub-465751638247.nii.gz	V1	1	1.6393969	1
PT030_OpenNeuro_ds002886_sub-05.nii.gz	V1	1	1.6394047	1
sub-645850258593.nii.gz	V1	1	1.6394404	1
sub-4641_ses-wave2.nii.gz	V1	1	1.639488	1
AOMIC-PIOP2_sub-0134_T1w.nii.gz	V1	1	1.6394914	1
PT030_OpenNeuro_ds005525_sub-08.nii.gz	V1	1	1.6394922	1
PT030_OpenNeuro_ds005126_sub-17.nii.gz	V1	1	1.6395348	1
PT030_OpenNeuro_ds003721_sub-26.nii.gz	V1	1	1.6395391	1
sub-1054_ses-wave2.nii.gz	V1	1	1.6395533	1
sub-579939983527.nii.gz	V1	1	1.639611	1
PT036_Yale_HighRes_sub-045.nii.gz	V1	1	1.6396148	1
PT012_CHBMP_sub-195.nii.gz	V1	1	1.639628	1
941_S_6094_I1256397.nii.gz	V1	1	1.6396469	1
PT030_OpenNeuro_ds003745_sub-45.nii.gz	V1	1	1.639656	1
003_S_4900_I1255144.nii.gz	V1	1	1.6396779	1
PT030_OpenNeuro_ds005126_sub-15.nii.gz	V1	1	1.6396804	1
PT030_OpenNeuro_ds000011_sub-01.nii.gz	V1	1	1.6396973	1
sub-CC620479.nii.gz	V1	1	1.6397039	1
sub-4794_ses-wave1.nii.gz	V1	1	1.6397353	1
PT030_OpenNeuro_ds004711_sub-058.nii.gz	V1	1	1.6397386	1
sub-859071508378.nii.gz	V1	1	1.6397623	1
sub-2939_ses-wave1.nii.gz	V1	1	1.6398131	1
PT012_CHBMP_sub-188.nii.gz	V1	1	1.6398602	1
AOMIC-PIOP2_sub-0004_T1w.nii.gz	V1	1	1.6398824	1
023_S_6399_I1591048.nii.gz	V1	1	1.6398966	1
PT001_ClevelandCCF_sub-31.nii.gz	V1	1	1.63991	1
sub-803221519091.nii.gz	V1	1	1.6399117	1
sub-178703999690.nii.gz	V1	1	1.6399359	1
AOMIC-PIOP2_sub-0040_T1w.nii.gz	V1	1	1.6399399	1
PT030_OpenNeuro_ds002033_sub-14.nii.gz	V1	1	1.6399577	1
sub-131485716864.nii.gz	V1	1	1.6399708	1
sub-951545085553.nii.gz	V1	1	1.6399753	1
AOMIC-PIOP2_sub-0214_T1w.nii.gz	V1	1	1.6399835	1
PT012_CHBMP_sub-153.nii.gz	V1	1	1.6399903	1
sub-OAS31324_sess-d0218_run-01.nii.gz	V1	1	1.6400311	1
sub-2543_ses-wave1.nii.gz	V1	1	1.6400332	1
PT030_OpenNeuro_ds004711_sub-137.nii.gz	V1	1	1.640043	1
PT030_OpenNeuro_ds003242_sub-54.nii.gz	V1	1	1.6400782	1
sub-CC720646.nii.gz	V1	1	1.640081	1
sub-494788265618.nii.gz	V1	1	1.6400831	1
sub-OAS30213_ses-d0041.nii.gz	V1	1	1.6401014	1
sub-535704909571.nii.gz	V1	1	1.6401118	1
PT030_OpenNeuro_ds004697_sub-12.nii.gz	V1	1	1.6401241	1
PT030_OpenNeuro_ds005684_sub-26.nii.gz	V1	1	1.6402016	1
sub-458724067747.nii.gz	V1	1	1.640251	1
PT001_ClevelandCCF_sub-26.nii.gz	V1	1	1.6402566	1
sub-389833780372.nii.gz	V1	1	1.6402699	1
sub-CC721519.nii.gz	V1	1	1.6403161	1
sub-853151028555.nii.gz	V1	1	1.6403276	1
sub-778858387002.nii.gz	V1	1	1.6403309	1
AOMIC-PIOP2_sub-0048_T1w.nii.gz	V1	1	1.6403482	1
sub-OAS30009_sess-d3534.nii.gz	V1	1	1.6403913	1
PT030_OpenNeuro_ds005899_sub-51.nii.gz	V1	1	1.640396	1
JUK_sub-76.nii.gz	V1	1	1.6404002	1
AOMIC-PIOP2_sub-0034_T1w.nii.gz	V1	1	1.6404487	1
sub-175500819727.nii.gz	V1	1	1.640471	1
sub-1856_ses-wave2.nii.gz	V1	1	1.6404768	1
PT030_OpenNeuro_ds003831_sub-42.nii.gz	V1	1	1.6404871	1
CP0135.nii.gz	V1	1	1.6405267	1
sub-522935628062.nii.gz	V1	1	1.6405333	1
sub-OAS31189_sess-d0112.nii.gz	V1	1	1.6405854	1
sub-815491283103.nii.gz	V1	1	1.6405866	1
168_S_6371_I998432.nii.gz	V1	1	1.6406028	1
007_S_4637_I1060804.nii.gz	V1	1	1.6406503	1
PT030_OpenNeuro_ds000208_sub-09.nii.gz	V1	1	1.6406896	1
PT030_OpenNeuro_ds001415_sub-01.nii.gz	V1	1	1.6407018	1
sub-128044719091.nii.gz	V1	1	1.6407788	1
168_S_6233_I968225.nii.gz	V1	1	1.6407934	1
PT030_OpenNeuro_ds005123_sub-057.nii.gz	V1	1	1.6407951	1
sub-OAS31376_sess-d1213.nii.gz	V1	1	1.6407998	1
PT030_OpenNeuro_ds002886_sub-33.nii.gz	V1	1	1.6408666	1
sub-899087531809.nii.gz	V1	1	1.6408675	1
023_S_4448_I1263811.nii.gz	V1	1	1.64088	1
sub-974_ses-wave2.nii.gz	V1	1	1.6409023	1
PT030_OpenNeuro_ds001894_sub-005.nii.gz	V1	1	1.6409028	1
PT030_OpenNeuro_ds006267_sub-19.nii.gz	V1	1	1.6409106	1
PT030_OpenNeuro_ds005237_sub-046.nii.gz	V1	1	1.6409297	1
sub-379815636153.nii.gz	V1	1	1.6409392	1
sub-OAS31460_sess-d0053.nii.gz	V1	1	1.6409461	1
sub-OAS31238_sess-d0057.nii.gz	V1	1	1.6409601	1
JUK_sub-30.nii.gz	V1	1	1.6409676	1
sub-467372457395.nii.gz	V1	1	1.640968	1
PT030_OpenNeuro_ds001486_sub-110.nii.gz	V1	1	1.6409798	1
PT030_OpenNeuro_ds003095_sub-37.nii.gz	V1	1	1.6410114	1
sub-340095503659.nii.gz	V1	1	1.6410311	1
sub-540389102763.nii.gz	V1	1	1.6410943	1
sub-OAS30486_sess-d0075_run-02.nii.gz	V1	1	1.6410974	1
041_S_6401_I1008726.nii.gz	V1	1	1.6411105	1
sub-853076739302.nii.gz	V1	1	1.6411201	1
sub-998581369878.nii.gz	V1	1	1.6411389	1
sub-CC420241.nii.gz	V1	1	1.6411412	1
PT030_OpenNeuro_ds005123_sub-034.nii.gz	V1	1	1.6411566	1
sub-OAS31282_sess-d0036.nii.gz	V1	1	1.641169	1
CP0168.nii.gz	V1	1	1.6412231	1
sub-619612744941.nii.gz	V1	1	1.6412529	1
PT030_OpenNeuro_ds005234_sub-21.nii.gz	V1	1	1.64131	1
sub-955861473301.nii.gz	V1	1	1.6413186	1
018_S_4399_I883929.nii.gz	V1	1	1.641326	1
CP0048.nii.gz	V1	1	1.6413795	1
sub-546466749045.nii.gz	V1	1	1.6413989	1
PT002_Nigerian_Clinical_sub-03.nii.gz	V1	1	1.6414201	1
sub-539211759402.nii.gz	V1	1	1.6414264	1
PT030_OpenNeuro_ds001486_sub-015.nii.gz	V1	1	1.6414428	1
sub-437563318459.nii.gz	V1	1	1.6415628	1
PT030_OpenNeuro_ds000247_sub-04.nii.gz	V1	1	1.6415784	1
sub-747157158800.nii.gz	V1	1	1.6415877	1
sub-646345876621.nii.gz	V1	1	1.6415907	1
sub-1626_ses-wave2.nii.gz	V1	1	1.6415945	1
sub-CC520253.nii.gz	V1	1	1.641596	1
sub-206099391777.nii.gz	V1	1	1.6415986	1
JUK_sub-142.nii.gz	V1	1	1.6416494	1
AOMIC-PIOP2_sub-0193_T1w.nii.gz	V1	1	1.6416632	1
PT030_OpenNeuro_ds003465_sub-30.nii.gz	V1	1	1.6416931	1
PT030_OpenNeuro_ds005684_sub-01.nii.gz	V1	1	1.6417024	1
CP0203.nii.gz	V1	1	1.6417117	1
CP0202.nii.gz	V1	1	1.6417153	1
sub-OAS30004_ses-d1101_run-02.nii.gz	V1	1	1.6417651	1
sub-CC620451.nii.gz	V1	1	1.641774	1
PT030_OpenNeuro_ds005341_sub-09.nii.gz	V1	1	1.6417828	1
035_S_7004_I1501367.nii.gz	V1	1	1.6418304	1
941_S_6054_I880643.nii.gz	V1	1	1.6419166	1
PT030_OpenNeuro_ds004327_sub-23.nii.gz	V1	1	1.641918	1
sub-587_ses-wave1.nii.gz	V1	1	1.6419508	1
PT030_OpenNeuro_ds005684_sub-03.nii.gz	V1	1	1.641972	1
PT030_OpenNeuro_ds005234_sub-02.nii.gz	V1	1	1.6419971	1
035_S_6488_I1188738.nii.gz	V1	1	1.642046	1
sub-2206_ses-wave3.nii.gz	V1	1	1.6420531	1
sub-CC620549.nii.gz	V1	1	1.6420579	1
PT030_OpenNeuro_ds002620_sub-10.nii.gz	V1	1	1.6420768	1
AOMIC-PIOP2_sub-0114_T1w.nii.gz	V1	1	1.642091	1
JUK_sub-100.nii.gz	V1	1	1.6421046	1
PT030_OpenNeuro_ds004697_sub-07.nii.gz	V1	1	1.6421199	1
PT030_OpenNeuro_ds001894_sub-175.nii.gz	V1	1	1.6421223	1
PT030_OpenNeuro_ds004213_sub-04.nii.gz	V1	1	1.6421623	1
sub-749050549103.nii.gz	V1	1	1.6421713	1
sub-CC620610.nii.gz	V1	1	1.6421767	1
PT030_OpenNeuro_ds004516_sub-04.nii.gz	V1	1	1.6421944	1
AOMIC-PIOP2_sub-0023_T1w.nii.gz	V1	1	1.6421945	1
AOMIC-PIOP2_sub-0131_T1w.nii.gz	V1	1	1.6421965	1
PT030_OpenNeuro_ds003499_sub-43.nii.gz	V1	1	1.6422088	1
sub-954946498969.nii.gz	V1	1	1.6422157	1
PT030_OpenNeuro_ds002843_sub-004.nii.gz	V1	1	1.6422235	1
PT030_OpenNeuro_ds004711_sub-175.nii.gz	V1	1	1.6422329	1
PT008_AdolescentBrainDevelopment_sub-13.nii.gz	V1	1	1.6422644	1
PT030_OpenNeuro_ds001814_sub-16.nii.gz	V1	1	1.6423173	1
AOMIC-PIOP2_sub-0221_T1w.nii.gz	V1	1	1.6423315	1
sub-802008837921.nii.gz	V1	1	1.6423451	1
sub-527982967568.nii.gz	V1	1	1.6424007	1
sub-1141_ses-wave2.nii.gz	V1	1	1.6424035	1
sub-181317740367.nii.gz	V1	1	1.642411	1
JUK_sub-137.nii.gz	V1	1	1.6424202	1
sub-625824830021.nii.gz	V1	1	1.6424282	1
sub-OAS31393_sess-d0125.nii.gz	V1	1	1.6424289	1
sub-928674316476.nii.gz	V1	1	1.6424644	1
sub-OAS31352_sess-d0131.nii.gz	V1	1	1.6424764	1
PT030_OpenNeuro_ds005126_sub-05.nii.gz	V1	1	1.6424909	1
PT030_OpenNeuro_ds000245_sub-02.nii.gz	V1	1	1.6425196	1
sub-916378385632.nii.gz	V1	1	1.6425409	1
sub-319982702208.nii.gz	V1	1	1.6425472	1
PT030_OpenNeuro_ds005123_sub-091.nii.gz	V1	1	1.6425549	1
PT030_OpenNeuro_ds004795_sub-132.nii.gz	V1	1	1.6426	1
PT030_OpenNeuro_ds005613_sub-034.nii.gz	V1	1	1.6426088	1
sub-430905405415.nii.gz	V1	1	1.6426364	1
PT030_OpenNeuro_ds001894_sub-176.nii.gz	V1	1	1.6427162	1
sub-OAS31118_ses-d0116_run-02.nii.gz	V1	1	1.6427372	1
sub-964214262654.nii.gz	V1	1	1.6427516	1
sub-CC620279.nii.gz	V1	1	1.642774	1
PT030_OpenNeuro_ds002886_sub-07.nii.gz	V1	1	1.6428092	1
sub-558379537642.nii.gz	V1	1	1.6428255	1
PT030_OpenNeuro_ds001814_sub-05.nii.gz	V1	1	1.6428392	1
PT030_OpenNeuro_ds002886_sub-47.nii.gz	V1	1	1.642847	1
PT030_OpenNeuro_ds003481_sub-015.nii.gz	V1	1	1.642869	1
PT030_OpenNeuro_ds002886_sub-01.nii.gz	V1	1	1.6428812	1
sub-406249734436.nii.gz	V1	1	1.6429253	1
PT030_OpenNeuro_ds002886_sub-37.nii.gz	V1	1	1.6429292	1
sub-CC320651.nii.gz	V1	1	1.642931	1
PT030_OpenNeuro_ds002424_sub-20.nii.gz	V1	1	1.6429838	1
sub-903601677089.nii.gz	V1	1	1.6429926	1
PT030_OpenNeuro_ds003653_sub-10.nii.gz	V1	1	1.6429987	1
sub-583402033496.nii.gz	V1	1	1.6430085	1
AOMIC-PIOP1_sub-0180_T1w.nii.gz	V1	1	1.6430271	1
006_S_6375_I1003400.nii.gz	V1	1	1.6430433	1
PT030_OpenNeuro_ds006267_sub-06.nii.gz	V1	1	1.643092	1
sub-768484359908.nii.gz	V1	1	1.6430932	1
PT030_OpenNeuro_ds004693_sub-19.nii.gz	V1	1	1.6431155	1
PT001_ClevelandCCF_sub-10.nii.gz	V1	1	1.6431348	1
PT030_OpenNeuro_ds001734_sub-046.nii.gz	V1	1	1.6431941	1
sub-171351329809.nii.gz	V1	1	1.6431971	1
sub-872_ses-wave1.nii.gz	V1	1	1.643208	1
sub-OAS31294_sess-d0021.nii.gz	V1	1	1.6432228	1
PT030_OpenNeuro_ds002424_sub-03.nii.gz	V1	1	1.6432426	1
sub-364387139516.nii.gz	V1	1	1.643252	1
sub-527520173294.nii.gz	V1	1	1.6432577	1
AOMIC-PIOP2_sub-0122_T1w.nii.gz	V1	1	1.6432856	1
PT030_OpenNeuro_ds004697_sub-01.nii.gz	V1	1	1.6432922	1
141_S_6116_I1562938.nii.gz	V1	1	1.6432949	1
sub-576178414159.nii.gz	V1	1	1.6433176	1
941_S_4292_I893552.nii.gz	V1	1	1.6433403	1
sub-CC720407.nii.gz	V1	1	1.6433556	1
PT030_OpenNeuro_ds001386_sub-33.nii.gz	V1	1	1.643358	1
sub-707724054383.nii.gz	V1	1	1.643378	1
PT030_OpenNeuro_ds005899_sub-53.nii.gz	V1	1	1.6434196	1
002_S_6066_I892212.nii.gz	V1	1	1.6434325	1
PT030_OpenNeuro_ds005123_sub-024.nii.gz	V1	1	1.6434702	1
sub-612021558033.nii.gz	V1	1	1.6434817	1
AOMIC-PIOP2_sub-0109_T1w.nii.gz	V1	1	1.6434935	1
AOMIC-PIOP1_sub-0200_T1w.nii.gz	V1	1	1.6435001	1
PT030_OpenNeuro_ds004711_sub-166.nii.gz	V1	1	1.6435211	1
AOMIC-PIOP2_sub-0036_T1w.nii.gz	V1	1	1.6435347	1
sub-665230680224.nii.gz	V1	1	1.643535	1
023_S_4448_I1529590.nii.gz	V1	1	1.6435535	1
PT030_OpenNeuro_ds004697_sub-19.nii.gz	V1	1	1.6435573	1
CP0043.nii.gz	V1	1	1.6436026	1
sub-3053_ses-wave1.nii.gz	V1	1	1.6436418	1
sub-252131844544.nii.gz	V1	1	1.6436453	1
PT030_OpenNeuro_ds004795_sub-066.nii.gz	V1	1	1.6436788	1
PT030_OpenNeuro_ds006267_sub-07.nii.gz	V1	1	1.6437283	1
sub-545189027962.nii.gz	V1	1	1.6437318	1
018_S_4400_I909607.nii.gz	V1	1	1.6437348	1
PT030_OpenNeuro_ds001894_sub-187.nii.gz	V1	1	1.6437446	1
PT030_OpenNeuro_ds002236_sub-14.nii.gz	V1	1	1.6437494	1
JUK_sub-45.nii.gz	V1	1	1.6437571	1
PT002_Nigerian_Clinical_sub-36.nii.gz	V1	1	1.6437573	1
PT030_OpenNeuro_ds005571_sub-03.nii.gz	V1	1	1.6437645	1
PT030_OpenNeuro_ds004711_sub-180.nii.gz	V1	1	1.6437914	1
RRIB_sub-124.nii.gz	V1	1	1.6437937	1
sub-CC620557.nii.gz	V1	1	1.643801	1
PT030_OpenNeuro_ds002886_sub-20.nii.gz	V1	1	1.6438116	1
CP0191.nii.gz	V1	1	1.6438158	1
003_S_4644_I1178908.nii.gz	V1	1	1.6438657	1
sub-OAS31252_sess-d0113.nii.gz	V1	1	1.643872	1
AOMIC-PIOP2_sub-0154_T1w.nii.gz	V1	1	1.6438724	1
PT030_OpenNeuro_ds004711_sub-039.nii.gz	V1	1	1.643893	1
sub-1626_ses-wave1.nii.gz	V1	1	1.6439141	1
sub-1402_ses-wave3.nii.gz	V1	1	1.6439236	1
PT030_OpenNeuro_ds001299_sub-17.nii.gz	V1	1	1.6439292	1
sub-998196661811.nii.gz	V1	1	1.6439776	1
sub-OAS31040_ses-d0067.nii.gz	V1	1	1.6439939	1
sub-749242679952.nii.gz	V1	1	1.6440094	1
PT030_OpenNeuro_ds004285_sub-56.nii.gz	V1	1	1.6440456	1
sub-2440_ses-wave2.nii.gz	V1	1	1.6441015	1
PT033_WAND_sub-015.nii.gz	V1	1	1.6441181	1
AOMIC-PIOP2_sub-0212_T1w.nii.gz	V1	1	1.6441319	1
AOMIC-PIOP2_sub-0039_T1w.nii.gz	V1	1	1.6441468	1
sub-4682_ses-wave1.nii.gz	V1	1	1.644155	1
sub-725785336385.nii.gz	V1	1	1.6441617	1
sub-OAS31313_sess-d0047_run-01.nii.gz	V1	1	1.6442145	1
022_S_6069_I1264767.nii.gz	V1	1	1.6442266	1
PT030_OpenNeuro_ds002424_sub-37.nii.gz	V1	1	1.6442423	1
PT030_OpenNeuro_ds002872_sub-25.nii.gz	V1	1	1.644248	1
sub-108681547305.nii.gz	V1	1	1.6442536	1
sub-548382705939.nii.gz	V1	1	1.6443106	1
sub-659885055931.nii.gz	V1	1	1.6443198	1
sub-2031_ses-wave1.nii.gz	V1	1	1.6443483	1
PT030_OpenNeuro_ds002872_sub-04.nii.gz	V1	1	1.6443491	1
PT030_OpenNeuro_ds005899_sub-54.nii.gz	V1	1	1.6443701	1
sub-404890471575.nii.gz	V1	1	1.6443828	1
sub-494402729031.nii.gz	V1	1	1.6443851	1
PT030_OpenNeuro_ds003404_sub-12.nii.gz	V1	1	1.644393	1
PT030_OpenNeuro_ds001734_sub-042.nii.gz	V1	1	1.6444097	1
sub-OAS30008_ses-d1313.nii.gz	V1	1	1.6444167	1
sub-OAS31246_sess-d0132.nii.gz	V1	1	1.6444345	1
sub-OAS31224_sess-d0116.nii.gz	V1	1	1.6444695	1
sub-498374469326.nii.gz	V1	1	1.6444755	1
AOMIC-PIOP2_sub-0176_T1w.nii.gz	V1	1	1.6444807	1
PT030_OpenNeuro_ds001894_sub-025.nii.gz	V1	1	1.6445248	1
sub-584_ses-wave1.nii.gz	V1	1	1.6445514	1
168_S_6085_I1304804.nii.gz	V1	1	1.6445538	1
sub-428405531533.nii.gz	V1	1	1.6445882	1
AOMIC-PIOP2_sub-0042_T1w.nii.gz	V1	1	1.644608	1
168_S_6350_I1381875.nii.gz	V1	1	1.6446177	1
PT030_OpenNeuro_ds004712_sub-20.nii.gz	V1	1	1.6446251	1
sub-3242_ses-wave1.nii.gz	V1	1	1.6446381	1
PT008_AdolescentBrainDevelopment_sub-28.nii.gz	V1	1	1.6446782	1
sub-119194819365.nii.gz	V1	1	1.6447158	1
PT030_OpenNeuro_ds000228_sub-015.nii.gz	V1	1	1.644724	1
PT008_AdolescentBrainDevelopment_sub-42.nii.gz	V1	1	1.644724	1
941_S_6333_I1004681.nii.gz	V1	1	1.6447518	1
sub-603015713565.nii.gz	V1	1	1.6447638	1
PT030_OpenNeuro_ds001894_sub-174.nii.gz	V1	1	1.6447817	1
sub-CC620026.nii.gz	V1	1	1.644788	1
003_S_4644_I1477561.nii.gz	V1	1	1.6448263	1
CP0213.nii.gz	V1	1	1.6448286	1
PT030_OpenNeuro_ds004712_sub-11.nii.gz	V1	1	1.6448426	1
sub-550777628501.nii.gz	V1	1	1.6448532	1
CP0074.nii.gz	V1	1	1.6448601	1
sub-617184569359.nii.gz	V1	1	1.6448815	1
JUK_sub-14.nii.gz	V1	1	1.6448855	1
002_S_6009_I840235.nii.gz	V1	1	1.6449007	1
006_S_6277_I978374.nii.gz	V1	1	1.6449091	1
PT030_OpenNeuro_ds002345_sub-274.nii.gz	V1	1	1.6449101	1
sub-CC120764.nii.gz	V1	1	1.6449283	1
PT030_OpenNeuro_ds002872_sub-24.nii.gz	V1	1	1.6449299	1
130_S_6037_I873168.nii.gz	V1	1	1.644951	1
014_S_6076_I907713.nii.gz	V1	1	1.6450392	1
PT030_OpenNeuro_ds005234_sub-19.nii.gz	V1	1	1.6450427	1
168_S_6320_I1349784.nii.gz	V1	1	1.6450484	1
AOMIC-PIOP2_sub-0027_T1w.nii.gz	V1	1	1.6450505	1
PT030_OpenNeuro_ds001486_sub-044.nii.gz	V1	1	1.6450732	1
CP0154.nii.gz	V1	1	1.645132	1
014_S_6076_I1072842.nii.gz	V1	1	1.6451423	1
CP0118.nii.gz	V1	1	1.6451464	1
PT030_OpenNeuro_ds003242_sub-26.nii.gz	V1	1	1.6451524	1
022_S_6069_I895057.nii.gz	V1	1	1.6451526	1
PT030_OpenNeuro_ds005123_sub-017.nii.gz	V1	1	1.6451612	1
CP0242.nii.gz	V1	1	1.6451644	1
JUK_sub-60.nii.gz	V1	1	1.6451956	1
sub-CC110069.nii.gz	V1	1	1.6452101	1
PT030_OpenNeuro_ds001734_sub-081.nii.gz	V1	1	1.6452239	1
PT001_ClevelandCCF_sub-06.nii.gz	V1	1	1.6452365	1
sub-654707839611.nii.gz	V1	1	1.6452558	1
PT030_OpenNeuro_ds000238_sub-18.nii.gz	V1	1	1.645269	1
023_S_6399_I1186737.nii.gz	V1	1	1.6452847	1
sub-415497450636.nii.gz	V1	1	1.6452869	1
PT030_OpenNeuro_ds001894_sub-007.nii.gz	V1	1	1.6452923	1
PT030_OpenNeuro_ds000228_sub-003.nii.gz	V1	1	1.6452941	1
sub-519236401892.nii.gz	V1	1	1.6453274	1
sub-OAS31249_sess-d0063.nii.gz	V1	1	1.6453533	1
sub-891720291413.nii.gz	V1	1	1.6453589	1
sub-158500314736.nii.gz	V1	1	1.6453683	1
sub-216155634163.nii.gz	V1	1	1.6453741	1
PT030_OpenNeuro_ds001486_sub-049.nii.gz	V1	1	1.6453824	1
sub-381_ses-wave1.nii.gz	V1	1	1.6454077	1
PT030_OpenNeuro_ds006267_sub-21.nii.gz	V1	1	1.6454357	1
sub-329448724359.nii.gz	V1	1	1.6454383	1
PT030_OpenNeuro_ds002033_sub-34.nii.gz	V1	1	1.645458	1
PT030_OpenNeuro_ds005194_sub-04.nii.gz	V1	1	1.6454661	1
JUK_sub-127.nii.gz	V1	1	1.6454715	1
PT030_OpenNeuro_ds002647_sub-84.nii.gz	V1	1	1.6454732	1
RRIB_sub-112.nii.gz	V1	1	1.6454921	1
sub-OAS31409_sess-d0042.nii.gz	V1	1	1.6455026	1
PT032_Tao_Wu_sub-02.nii.gz	V1	1	1.6455188	1
sub-144446563322.nii.gz	V1	1	1.6455274	1
PT030_OpenNeuro_ds004697_sub-14.nii.gz	V1	1	1.6455494	1
PT030_OpenNeuro_ds004795_sub-107.nii.gz	V1	1	1.645552	1
PT030_OpenNeuro_ds005234_sub-34.nii.gz	V1	1	1.6455652	1
sub-CC620359.nii.gz	V1	1	1.6455735	1
JUK_sub-57.nii.gz	V1	1	1.6455961	1
PT030_OpenNeuro_ds003542_sub-19.nii.gz	V1	1	1.6455966	1
PT030_OpenNeuro_ds002033_sub-16.nii.gz	V1	1	1.6456308	1
sub-271097395150.nii.gz	V1	1	1.6456378	1
PT030_OpenNeuro_ds004711_sub-153.nii.gz	V1	1	1.645664	1
PT033_WAND_sub-009.nii.gz	V1	1	1.6456894	1
sub-221448045666.nii.gz	V1	1	1.6456934	1
PT030_OpenNeuro_ds004499_sub-10.nii.gz	V1	1	1.6457288	1
sub-815376101199.nii.gz	V1	1	1.6457453	1
sub-342678331032.nii.gz	V1	1	1.6457692	1
sub-427488165084.nii.gz	V1	1	1.6458253	1
PT030_OpenNeuro_ds001894_sub-188.nii.gz	V1	1	1.6458375	1
PT030_OpenNeuro_ds003877_sub-15.nii.gz	V1	1	1.6458486	1
sub-OAS31321_sess-d0044.nii.gz	V1	1	1.6458546	1
sub-4245_ses-wave1.nii.gz	V1	1	1.645864	1
sub-OAS31248_sess-d0239.nii.gz	V1	1	1.6458828	1
sub-OAS30004_ses-d1101_run-01.nii.gz	V1	1	1.6458963	1
PT030_OpenNeuro_ds001796_sub-01.nii.gz	V1	1	1.6459123	1
PT030_OpenNeuro_ds005899_sub-43.nii.gz	V1	1	1.6459502	1
035_S_6488_I1326332.nii.gz	V1	1	1.6459551	1
PT030_OpenNeuro_ds001734_sub-047.nii.gz	V1	1	1.6459692	1
PT030_OpenNeuro_ds001894_sub-028.nii.gz	V1	1	1.6460046	1
sub-654811931077.nii.gz	V1	1	1.6460135	1
PT030_OpenNeuro_ds004331_sub-03.nii.gz	V1	1	1.6460351	1
PT030_OpenNeuro_ds005899_sub-02.nii.gz	V1	1	1.6460513	1
sub-573323994901.nii.gz	V1	1	1.6460572	1
sub-415817455598.nii.gz	V1	1	1.6460886	1
PT030_OpenNeuro_ds001226_sub-09.nii.gz	V1	1	1.6460999	1
sub-CC620567.nii.gz	V1	1	1.6461049	1
sub-282274124491.nii.gz	V1	1	1.6461109	1
PT030_OpenNeuro_ds006267_sub-03.nii.gz	V1	1	1.6461254	1
CP0125.nii.gz	V1	1	1.6461871	1
sub-914048964145.nii.gz	V1	1	1.646245	1
041_S_6401_I1177833.nii.gz	V1	1	1.6463361	1
sub-489158333694.nii.gz	V1	1	1.6463419	1
PT030_OpenNeuro_ds001454_sub-01.nii.gz	V1	1	1.6463485	1
022_S_6069_I895056.nii.gz	V1	1	1.6464084	1
AOMIC-PIOP2_sub-0171_T1w.nii.gz	V1	1	1.6464107	1
AOMIC-PIOP2_sub-0013_T1w.nii.gz	V1	1	1.6464175	1
sub-CC620354.nii.gz	V1	1	1.646436	1
sub-959069242210.nii.gz	V1	1	1.6464448	1
141_S_6116_I1264666.nii.gz	V1	1	1.6464647	1
sub-436602454221.nii.gz	V1	1	1.6464987	1
sub-OAS31236_sess-d0048.nii.gz	V1	1	1.6465764	1
PT030_OpenNeuro_ds005123_sub-092.nii.gz	V1	1	1.6465803	1
AOMIC-PIOP2_sub-0092_T1w.nii.gz	V1	1	1.6465853	1
CP0156.nii.gz	V1	1	1.646637	1
PT030_OpenNeuro_ds001345_sub-11.nii.gz	V1	1	1.646649	1
PT030_OpenNeuro_ds000243_sub-098.nii.gz	V1	1	1.6466521	1
sub-695_ses-wave2.nii.gz	V1	1	1.6466959	1
sub-686706639402.nii.gz	V1	1	1.6467106	1
PT030_OpenNeuro_ds006010_sub-05.nii.gz	V1	1	1.6467755	1
sub-741_ses-wave1.nii.gz	V1	1	1.6467816	1
AOMIC-PIOP2_sub-0186_T1w.nii.gz	V1	1	1.646826	1
CP0117.nii.gz	V1	1	1.6468405	1
PT008_AdolescentBrainDevelopment_sub-10.nii.gz	V1	1	1.6469083	1
301_S_6224_I963152.nii.gz	V1	1	1.6469499	1
sub-4581_ses-wave2.nii.gz	V1	1	1.6469522	1
sub-479447504648.nii.gz	V1	1	1.6469822	1
PT030_OpenNeuro_ds001894_sub-183.nii.gz	V1	1	1.6469864	1
PT008_AdolescentBrainDevelopment_sub-22.nii.gz	V1	1	1.6469876	1
PT030_OpenNeuro_ds005123_sub-008.nii.gz	V1	1	1.6469932	1
PT030_OpenNeuro_ds000003_sub-06.nii.gz	V1	1	1.6469938	1
PT030_OpenNeuro_ds004604_sub-46.nii.gz	V1	1	1.6469964	1
PT030_OpenNeuro_ds001608_sub-11.nii.gz	V1	1	1.6470286	1
sub-640376430100.nii.gz	V1	1	1.6470358	1
PT030_OpenNeuro_ds004711_sub-029.nii.gz	V1	1	1.6470847	1
sub-ON26854.nii.gz	V1	1	1.6470903	1
PT030_OpenNeuro_ds004711_sub-183.nii.gz	V1	1	1.6471305	1
PT030_OpenNeuro_ds002797_sub-05.nii.gz	V1	1	1.6471354	1
168_S_6151_I1304737.nii.gz	V1	1	1.6471406	1
PT030_OpenNeuro_ds005056_sub-23.nii.gz	V1	1	1.6471558	1
sub-OAS31117_ses-d0073.nii.gz	V1	1	1.6471633	1
PT030_OpenNeuro_ds001486_sub-037.nii.gz	V1	1	1.6471921	1
PT030_OpenNeuro_ds005234_sub-46.nii.gz	V1	1	1.6471956	1
sub-4312_ses-wave2.nii.gz	V1	1	1.6472282	1
PT030_OpenNeuro_ds004285_sub-06.nii.gz	V1	1	1.6472589	1
PT001_ClevelandCCF_sub-20.nii.gz	V1	1	1.6473131	1
PT030_OpenNeuro_ds002338_sub-07.nii.gz	V1	1	1.6474308	1
sub-657183490721.nii.gz	V1	1	1.647444	1
PT001_ClevelandCCF_sub-23.nii.gz	V1	1	1.647451	1
CP0215.nii.gz	V1	1	1.6474546	1
sub-278388213595.nii.gz	V1	1	1.6474577	1
PT030_OpenNeuro_ds000222_sub-55.nii.gz	V1	1	1.6474736	1
PT030_OpenNeuro_ds005234_sub-06.nii.gz	V1	1	1.6474758	1
PT002_Nigerian_Clinical_sub-11.nii.gz	V1	1	1.6475073	1
PT012_CHBMP_sub-164.nii.gz	V1	1	1.6475121	1
sub-ON62592.nii.gz	V1	1	1.647525	1
PT030_OpenNeuro_ds004158_sub-02.nii.gz	V1	1	1.6475263	1
sub-956895973750.nii.gz	V1	1	1.6475393	1
sub-3334_ses-wave3.nii.gz	V1	1	1.6475424	1
sub-928955532364.nii.gz	V1	1	1.6476167	1
AOMIC-PIOP2_sub-0073_T1w.nii.gz	V1	1	1.647655	1
sub-OAS30793_ses-d1343.nii.gz	V1	1	1.6476802	1
CP0028.nii.gz	V1	1	1.6476839	1
sub-3025_ses-wave2.nii.gz	V1	1	1.6476966	1
AOMIC-PIOP2_sub-0203_T1w.nii.gz	V1	1	1.6477052	1
sub-950438936623.nii.gz	V1	1	1.6477191	1
sub-829_ses-wave2.nii.gz	V1	1	1.6477641	1
sub-4104_ses-wave2.nii.gz	V1	1	1.6477658	1
PT012_CHBMP_sub-151.nii.gz	V1	1	1.6477712	1
PT030_OpenNeuro_ds003542_sub-01.nii.gz	V1	1	1.6477987	1
sub-459946543901.nii.gz	V1	1	1.6478118	1
sub-639874239232.nii.gz	V1	1	1.647813	1
sub-OAS31346_sess-d0058.nii.gz	V1	1	1.647822	1
PT030_OpenNeuro_ds005899_sub-22.nii.gz	V1	1	1.6478323	1
PT030_OpenNeuro_ds004711_sub-113.nii.gz	V1	1	1.6478763	1
sub-381819828791.nii.gz	V1	1	1.6478813	1
PT030_OpenNeuro_ds003338_sub-08.nii.gz	V1	1	1.6479278	1
PT030_OpenNeuro_ds004711_sub-150.nii.gz	V1	1	1.6479317	1
PT030_OpenNeuro_ds003487_sub-24.nii.gz	V1	1	1.6479678	1
sub-3006_ses-wave1.nii.gz	V1	1	1.6479957	1
PT030_OpenNeuro_ds003454_sub-19.nii.gz	V1	1	1.6480478	1
PT030_OpenNeuro_ds004795_sub-049.nii.gz	V1	1	1.6480675	1
PT030_OpenNeuro_ds005123_sub-012.nii.gz	V1	1	1.6480743	1
sub-1023_ses-wave1.nii.gz	V1	1	1.6480923	1
sub-730968832318.nii.gz	V1	1	1.6480945	1
PT030_OpenNeuro_ds004712_sub-19.nii.gz	V1	1	1.6481274	1
sub-1153_ses-wave2.nii.gz	V1	1	1.6482002	1
PT030_OpenNeuro_ds002236_sub-20.nii.gz	V1	1	1.6482339	1
sub-OAS30512_ses-d0353_run-02.nii.gz	V1	1	1.6482397	1
sub-792041257894.nii.gz	V1	1	1.6482513	1
PT030_OpenNeuro_ds001486_sub-022.nii.gz	V1	1	1.6482553	1
sub-806985265271.nii.gz	V1	1	1.6482911	1
sub-940263536733.nii.gz	V1	1	1.6482923	1
sub-OAS31456_sess-d0090.nii.gz	V1	1	1.6483407	1
sub-343316485262.nii.gz	V1	1	1.6483603	1
168_S_6371_I998437.nii.gz	V1	1	1.6483617	1
PT030_OpenNeuro_ds001408_sub-06.nii.gz	V1	1	1.6483718	1
sub-773998859178.nii.gz	V1	1	1.6483859	1
PT030_OpenNeuro_ds005237_sub-224.nii.gz	V1	1	1.6484264	1
PT030_OpenNeuro_ds003136_sub-22.nii.gz	V1	1	1.6484286	1
sub-OAS31447_sess-d0089.nii.gz	V1	1	1.6484632	1
PT030_OpenNeuro_ds004533_sub-32.nii.gz	V1	1	1.6484747	1
sub-406012214137.nii.gz	V1	1	1.648495	1
sub-495387604500.nii.gz	V1	1	1.6484966	1
PT030_OpenNeuro_ds002843_sub-046.nii.gz	V1	1	1.6485422	1
PT030_OpenNeuro_ds001386_sub-29.nii.gz	V1	1	1.6485707	1
sub-611_ses-wave3.nii.gz	V1	1	1.6486015	1
sub-223760514375.nii.gz	V1	1	1.6486411	1
PT030_OpenNeuro_ds006267_sub-17.nii.gz	V1	1	1.6486721	1
sub-ON12666.nii.gz	V1	1	1.6486826	1
PT030_OpenNeuro_ds005405_sub-098.nii.gz	V1	1	1.6486863	1
sub-2909_ses-wave2.nii.gz	V1	1	1.648695	1
PT030_OpenNeuro_ds004469_sub-25.nii.gz	V1	1	1.6487116	1
sub-539869747265.nii.gz	V1	1	1.648753	1
CP0097.nii.gz	V1	1	1.6487993	1
PT030_OpenNeuro_ds005264_sub-10.nii.gz	V1	1	1.6487997	1
sub-226452786587.nii.gz	V1	1	1.648807	1
CP0171.nii.gz	V1	1	1.6488143	1
sub-OAS31437_sess-d0140.nii.gz	V1	1	1.648823	1
sub-299622553234.nii.gz	V1	1	1.648827	1
sub-OAS31365_sess-d0033.nii.gz	V1	1	1.6488413	1
PT030_OpenNeuro_ds000222_sub-45.nii.gz	V1	1	1.6488584	1
PT030_OpenNeuro_ds003831_sub-61.nii.gz	V1	1	1.6488615	1
CP0210.nii.gz	V1	1	1.6488925	1
PT030_OpenNeuro_ds004469_sub-07.nii.gz	V1	1	1.6488954	1
PT030_OpenNeuro_ds004533_sub-15.nii.gz	V1	1	1.6489099	1
006_S_6277_I1158785.nii.gz	V1	1	1.648922	1
PT030_OpenNeuro_ds003242_sub-35.nii.gz	V1	1	1.6489351	1
sub-334998047154.nii.gz	V1	1	1.6489362	1
sub-OAS31367_sess-d0142.nii.gz	V1	1	1.6489414	1
sub-CC620106.nii.gz	V1	1	1.6489509	1
sub-680_ses-wave2.nii.gz	V1	1	1.6489865	1
sub-743253416667.nii.gz	V1	1	1.6490059	1
sub-341_ses-wave2.nii.gz	V1	1	1.6490161	1
sub-775870565890.nii.gz	V1	1	1.6490425	1
sub-967537814402.nii.gz	V1	1	1.6490498	1
PT030_OpenNeuro_ds003542_sub-16.nii.gz	V1	1	1.6490606	1
sub-3744_ses-wave2.nii.gz	V1	1	1.6490631	1
sub-265519330020.nii.gz	V1	1	1.6490859	1
sub-867582298309.nii.gz	V1	1	1.6490911	1
sub-504323401470.nii.gz	V1	1	1.6490988	1
sub-172216873628.nii.gz	V1	1	1.6491793	1
sub-1685_ses-wave2.nii.gz	V1	1	1.6491911	1
018_S_4400_I1044187.nii.gz	V1	1	1.6492016	1
sub-581313710290.nii.gz	V1	1	1.6492106	1
AOMIC-PIOP2_sub-0056_T1w.nii.gz	V1	1	1.6492658	1
sub-OAS31316_sess-d0061.nii.gz	V1	1	1.6492871	1
PT001_ClevelandCCF_sub-04.nii.gz	V1	1	1.6492968	1
PT030_OpenNeuro_ds005899_sub-31.nii.gz	V1	1	1.6492969	1
sub-674_ses-wave2.nii.gz	V1	1	1.6493415	1
007_S_4637_I916119.nii.gz	V1	1	1.649373	1
PT030_OpenNeuro_ds002797_sub-09.nii.gz	V1	1	1.6493737	1
PT030_OpenNeuro_ds006472_sub-05.nii.gz	V1	1	1.6493739	1
JUK_sub-29.nii.gz	V1	1	1.6494156	1
sub-OAS31362_sess-d0354.nii.gz	V1	1	1.6494216	1
sub-878102231037.nii.gz	V1	1	1.6494261	1
PT030_OpenNeuro_ds005234_sub-07.nii.gz	V1	1	1.6494329	1
sub-778336566331.nii.gz	V1	1	1.6494498	1
PT030_OpenNeuro_ds001894_sub-180.nii.gz	V1	1	1.6494676	1
PT030_OpenNeuro_ds001408_sub-31.nii.gz	V1	1	1.649512	1
PT030_OpenNeuro_ds003653_sub-27.nii.gz	V1	1	1.6495472	1
PT030_OpenNeuro_ds003469_sub-07.nii.gz	V1	1	1.6495699	1
PT030_OpenNeuro_ds004711_sub-106.nii.gz	V1	1	1.6495903	1
006_S_6500_I1560259.nii.gz	V1	1	1.6496757	1
PT030_OpenNeuro_ds005123_sub-096.nii.gz	V1	1	1.6496788	1
sub-481425752573.nii.gz	V1	1	1.6497422	1
sub-3126_ses-wave2.nii.gz	V1	1	1.649757	1
CP0198.nii.gz	V1	1	1.649763	1
CP0244.nii.gz	V1	1	1.6497755	1
sub-189117041024.nii.gz	V1	1	1.6497761	1
PT030_OpenNeuro_ds005237_sub-115.nii.gz	V1	1	1.6497825	1
sub-759770403732.nii.gz	V1	1	1.6497828	1
PT001_ClevelandCCF_sub-27.nii.gz	V1	1	1.6497849	1
PT030_OpenNeuro_ds004513_sub-01.nii.gz	V1	1	1.6498082	1
AOMIC-PIOP2_sub-0218_T1w.nii.gz	V1	1	1.6498168	1
PT030_OpenNeuro_ds001814_sub-11.nii.gz	V1	1	1.6498225	1
sub-989180253695.nii.gz	V1	1	1.649834	1
PT030_OpenNeuro_ds003553_sub-04.nii.gz	V1	1	1.6498866	1
PT030_OpenNeuro_ds000240_sub-55.nii.gz	V1	1	1.6499312	1
PT030_OpenNeuro_ds004737_sub-12.nii.gz	V1	1	1.6499554	1
sub-708325248310.nii.gz	V1	1	1.6499704	1
PT030_OpenNeuro_ds003545_sub-01.nii.gz	V1	1	1.6499742	1
sub-CC610052.nii.gz	V1	1	1.6499794	1
sub-346_ses-wave3.nii.gz	V1	1	1.6499813	1
PT012_CHBMP_sub-187.nii.gz	V1	1	1.650015	1
sub-970830085245.nii.gz	V1	1	1.6500313	1
PT030_OpenNeuro_ds005237_sub-151.nii.gz	V1	1	1.6500386	1
AOMIC-PIOP2_sub-0101_T1w.nii.gz	V1	1	1.6500611	1
PT030_OpenNeuro_ds005237_sub-110.nii.gz	V1	1	1.6500759	1
PT008_AdolescentBrainDevelopment_sub-05.nii.gz	V1	1	1.6500822	1
sub-OAS30512_ses-d0353_run-01.nii.gz	V1	1	1.6500901	1
sub-798842527396.nii.gz	V1	1	1.650125	1
sub-978057205337.nii.gz	V1	1	1.6501338	1
sub-OAS31363_sess-d0049.nii.gz	V1	1	1.6501528	1
sub-706711530535.nii.gz	V1	1	1.6502031	1
PT030_OpenNeuro_ds006395_sub-19.nii.gz	V1	1	1.6502247	1
PT030_OpenNeuro_ds002886_sub-22.nii.gz	V1	1	1.6502471	1
sub-179250768268.nii.gz	V1	1	1.6502577	1
PT030_OpenNeuro_ds004042_sub-13.nii.gz	V1	1	1.650268	1
941_S_6044_I874865.nii.gz	V1	1	1.6502705	1
sub-CC610040.nii.gz	V1	1	1.650271	1
PT030_OpenNeuro_ds005498_sub-029.nii.gz	V1	1	1.6503034	1
PT030_OpenNeuro_ds004718_sub-07.nii.gz	V1	1	1.650306	1
sub-403893360607.nii.gz	V1	1	1.6503284	1
PT030_OpenNeuro_ds005947_sub-23.nii.gz	V1	1	1.6503422	1
PT030_OpenNeuro_ds000208_sub-10.nii.gz	V1	1	1.6503428	1
PT030_OpenNeuro_ds003416_sub-56.nii.gz	V1	1	1.6503621	1
AOMIC-PIOP2_sub-0043_T1w.nii.gz	V1	1	1.6503918	1
sub-960931863944.nii.gz	V1	1	1.6504185	1
PT030_OpenNeuro_ds004327_sub-01.nii.gz	V1	1	1.650446	1
sub-642488241612.nii.gz	V1	1	1.6504489	1
PT030_OpenNeuro_ds000222_sub-54.nii.gz	V1	1	1.6505207	1
CP0196.nii.gz	V1	1	1.6505442	1
sub-2909_ses-wave1.nii.gz	V1	1	1.650548	1
PT030_OpenNeuro_ds005418_sub-15.nii.gz	V1	1	1.6505506	1
AOMIC-PIOP2_sub-0119_T1w.nii.gz	V1	1	1.6506072	1
sub-CC710591.nii.gz	V1	1	1.6506212	1
PT030_OpenNeuro_ds000208_sub-11.nii.gz	V1	1	1.6506693	1
PT030_OpenNeuro_ds005899_sub-47.nii.gz	V1	1	1.6506763	1
sub-771165526785.nii.gz	V1	1	1.6507032	1
sub-937419088392.nii.gz	V1	1	1.6507486	1
JUK_sub-50.nii.gz	V1	1	1.6507732	1
PT030_OpenNeuro_ds005123_sub-090.nii.gz	V1	1	1.6507872	1
PT030_OpenNeuro_ds001486_sub-016.nii.gz	V1	1	1.6508228	1
sub-CC520868.nii.gz	V1	1	1.6508311	1
CP0163.nii.gz	V1	1	1.6508411	1
PT030_OpenNeuro_ds002647_sub-72.nii.gz	V1	1	1.6508546	1
sub-CC620405.nii.gz	V1	1	1.6508635	1
PT030_OpenNeuro_ds002748_sub-62.nii.gz	V1	1	1.6508937	1
PT030_OpenNeuro_ds001734_sub-053.nii.gz	V1	1	1.6509463	1
PT030_OpenNeuro_ds003545_sub-08.nii.gz	V1	1	1.6509514	1
PT030_OpenNeuro_ds001386_sub-40.nii.gz	V1	1	1.6509538	1
041_S_6786_I1576364.nii.gz	V1	1	1.6509669	1
CP0186.nii.gz	V1	1	1.6509715	1
CP0147.nii.gz	V1	1	1.6509749	1
AOMIC-PIOP2_sub-0145_T1w.nii.gz	V1	1	1.6509998	1
sub-656950957845.nii.gz	V1	1	1.6510143	1
sub-733766223690.nii.gz	V1	1	1.6510235	1
141_S_6116_I1523003.nii.gz	V1	1	1.6510311	1
PT030_OpenNeuro_ds003877_sub-41.nii.gz	V1	1	1.6510379	1
PT008_AdolescentBrainDevelopment_sub-40.nii.gz	V1	1	1.6510379	1
sub-575_ses-wave3.nii.gz	V1	1	1.6510385	1
sub-192430785489.nii.gz	V1	1	1.6510499	1
sub-118204478596.nii.gz	V1	1	1.6510503	1
sub-2031_ses-wave2.nii.gz	V1	1	1.651058	1
sub-446116942428.nii.gz	V1	1	1.651075	1
sub-CC610308.nii.gz	V1	1	1.6510788	1
sub-495556837880.nii.gz	V1	1	1.6510955	1
PT030_OpenNeuro_ds002236_sub-03.nii.gz	V1	1	1.6511424	1
sub-OAS31242_sess-d0129.nii.gz	V1	1	1.6511502	1
PT030_OpenNeuro_ds003416_sub-41.nii.gz	V1	1	1.651201	1
sub-820231231679.nii.gz	V1	1	1.6512102	1
PT030_OpenNeuro_ds003745_sub-32.nii.gz	V1	1	1.6512268	1
sub-205762939076.nii.gz	V1	1	1.6512403	1
PT030_OpenNeuro_ds006267_sub-24.nii.gz	V1	1	1.6512432	1
sub-467335236616.nii.gz	V1	1	1.6512479	1
sub-458_ses-wave1.nii.gz	V1	1	1.6512488	1
sub-584133814549.nii.gz	V1	1	1.6512583	1
PT030_OpenNeuro_ds001771_sub-25.nii.gz	V1	1	1.6512679	1
sub-764593805284.nii.gz	V1	1	1.6512893	1
PT030_OpenNeuro_ds002338_sub-03.nii.gz	V1	1	1.6513106	1
PT030_OpenNeuro_ds004466_sub-073.nii.gz	V1	1	1.6513193	1
sub-745767581086.nii.gz	V1	1	1.6513234	1
sub-367966213377.nii.gz	V1	1	1.6513333	1
PT030_OpenNeuro_ds002422_sub-15.nii.gz	V1	1	1.6513355	1
PT030_OpenNeuro_ds004956_sub-14.nii.gz	V1	1	1.6513538	1
sub-OAS30695_ses-d0104.nii.gz	V1	1	1.6513886	1
PT030_OpenNeuro_ds004285_sub-60.nii.gz	V1	1	1.6514161	1
PT030_OpenNeuro_ds004529_sub-15.nii.gz	V1	1	1.651427	1
sub-776201201249.nii.gz	V1	1	1.6514378	1
sub-127989683000.nii.gz	V1	1	1.6514381	1
sub-1084_ses-wave1.nii.gz	V1	1	1.6514581	1
sub-3053_ses-wave2.nii.gz	V1	1	1.6514698	1
sub-543_ses-wave1.nii.gz	V1	1	1.6515365	1
PT030_OpenNeuro_ds001386_sub-30.nii.gz	V1	1	1.6515418	1
PT030_OpenNeuro_ds002647_sub-81.nii.gz	V1	1	1.6515534	1
PT030_OpenNeuro_ds003242_sub-52.nii.gz	V1	1	1.6515752	1
sub-950542329934.nii.gz	V1	1	1.6515944	1
PT030_OpenNeuro_ds004795_sub-088.nii.gz	V1	1	1.6516166	1
sub-666694788584.nii.gz	V1	1	1.6516409	1
sub-OAS31265_sess-d0028.nii.gz	V1	1	1.6516699	1
sub-OAS30690_ses-d0042.nii.gz	V1	1	1.6516969	1
041_S_6786_I1359836.nii.gz	V1	1	1.6517043	1
PT030_OpenNeuro_ds005234_sub-25.nii.gz	V1	1	1.6517328	1
sub-435631676732.nii.gz	V1	1	1.6517388	1
CP0031.nii.gz	V1	1	1.6517662	1
PT012_CHBMP_sub-185.nii.gz	V1	1	1.6517775	1
sub-130730148206.nii.gz	V1	1	1.6518313	1
CP0217.nii.gz	V1	1	1.6518345	1
sub-846809877368.nii.gz	V1	1	1.6518601	1
CP0098.nii.gz	V1	1	1.6518672	1
PT030_OpenNeuro_ds001734_sub-072.nii.gz	V1	1	1.6518766	1
PT030_OpenNeuro_ds004134_sub-05.nii.gz	V1	1	1.6518863	1
AOMIC-PIOP2_sub-0033_T1w.nii.gz	V1	1	1.6519033	1
PT030_OpenNeuro_ds002843_sub-120.nii.gz	V1	1	1.6519197	1
AOMIC-PIOP2_sub-0174_T1w.nii.gz	V1	1	1.651924	1
AOMIC-PIOP2_sub-0153_T1w.nii.gz	V1	1	1.6519386	1
sub-289431285739.nii.gz	V1	1	1.6519463	1
sub-OAS31405_sess-d0149.nii.gz	V1	1	1.6519486	1
PT030_OpenNeuro_ds003242_sub-39.nii.gz	V1	1	1.6519835	1
PT030_OpenNeuro_ds002366_sub-05.nii.gz	V1	1	1.6520156	1
006_S_6209_I963926.nii.gz	V1	1	1.6520367	1
sub-721903622037.nii.gz	V1	1	1.6520492	1
sub-1476_ses-wave2.nii.gz	V1	1	1.6520559	1
168_S_6128_I945134.nii.gz	V1	1	1.6520795	1
PT030_OpenNeuro_ds004219_sub-10.nii.gz	V1	1	1.652088	1
sub-2561_ses-wave1.nii.gz	V1	1	1.6520921	1
PT033_WAND_sub-022.nii.gz	V1	1	1.6521138	1
PT030_OpenNeuro_ds005234_sub-28.nii.gz	V1	1	1.6521221	1
sub-333565589079.nii.gz	V1	1	1.6521453	1
sub-OAS31344_sess-d0200.nii.gz	V1	1	1.6521826	1
sub-3066_ses-wave1.nii.gz	V1	1	1.6521853	1
PT032_Tao_Wu_sub-09.nii.gz	V1	1	1.6522236	1
PT030_OpenNeuro_ds003653_sub-32.nii.gz	V1	1	1.6522416	1
PT030_OpenNeuro_ds003499_sub-33.nii.gz	V1	1	1.6522517	1
014_S_6076_I1254370.nii.gz	V1	1	1.6522622	1
sub-787007356879.nii.gz	V1	1	1.6522768	1
PT030_OpenNeuro_ds005256_sub-090.nii.gz	V1	1	1.6522863	1
sub-4312_ses-wave1.nii.gz	V1	1	1.652291	1
CP0093.nii.gz	V1	1	1.6523305	1
PT030_OpenNeuro_ds000243_sub-022.nii.gz	V1	1	1.6523323	1
sub-787231969341.nii.gz	V1	1	1.6523479	1
sub-725767350393.nii.gz	V1	1	1.6523869	1
PT030_OpenNeuro_ds001894_sub-161.nii.gz	V1	1	1.6524439	1
sub-167010474107.nii.gz	V1	1	1.6524732	1
AOMIC-PIOP2_sub-0197_T1w.nii.gz	V1	1	1.6524783	1
PT030_OpenNeuro_ds005234_sub-44.nii.gz	V1	1	1.6524888	1
sub-893936596913.nii.gz	V1	1	1.652501	1
AOMIC-PIOP2_sub-0069_T1w.nii.gz	V1	1	1.6525136	1
AOMIC-PIOP2_sub-0137_T1w.nii.gz	V1	1	1.6525191	1
sub-2093_ses-wave2.nii.gz	V1	1	1.6525335	1
PT030_OpenNeuro_ds001894_sub-006.nii.gz	V1	1	1.6525416	1
PT030_OpenNeuro_ds004697_sub-04.nii.gz	V1	1	1.6525512	1
sub-4679_ses-wave1.nii.gz	V1	1	1.6525584	1
sub-623385205784.nii.gz	V1	1	1.6525737	1
sub-287389356878.nii.gz	V1	1	1.6525768	1
PT030_OpenNeuro_ds001894_sub-014.nii.gz	V1	1	1.6526545	1
sub-403497514270.nii.gz	V1	1	1.6526562	1
AOMIC-PIOP2_sub-0103_T1w.nii.gz	V1	1	1.6526614	1
PT030_OpenNeuro_ds005123_sub-072.nii.gz	V1	1	1.6526767	1
PT030_OpenNeuro_ds001486_sub-026.nii.gz	V1	1	1.6526774	1
sub-OAS31205_sess-d0077.nii.gz	V1	1	1.6526804	1
sub-245_ses-wave1.nii.gz	V1	1	1.652694	1
sub-378_ses-wave2.nii.gz	V1	1	1.65271	1
022_S_6069_I1142367.nii.gz	V1	1	1.652712	1
PT030_OpenNeuro_ds005165_sub-04.nii.gz	V1	1	1.6527504	1
sub-OAS31280_sess-d0016_run-01.nii.gz	V1	1	1.652759	1
sub-1856_ses-wave1.nii.gz	V1	1	1.6527932	1
041_S_6786_I1219675.nii.gz	V1	1	1.6528767	1
sub-685307057347.nii.gz	V1	1	1.6529309	1
JUK_sub-13.nii.gz	V1	1	1.6529752	1
sub-CC221002.nii.gz	V1	1	1.6529835	1
PT030_OpenNeuro_ds002647_sub-76.nii.gz	V1	1	1.6530111	1
PT030_OpenNeuro_ds001229_sub-22.nii.gz	V1	1	1.6530216	1
sub-926492892497.nii.gz	V1	1	1.6530294	1
sub-CC621248.nii.gz	V1	1	1.6530368	1
sub-3946_ses-wave2.nii.gz	V1	1	1.6531073	1
sub-722431421602.nii.gz	V1	1	1.6531146	1
PT030_OpenNeuro_ds006472_sub-06.nii.gz	V1	1	1.6531346	1
PT033_WAND_sub-070.nii.gz	V1	1	1.6531744	1
AOMIC-PIOP2_sub-0127_T1w.nii.gz	V1	1	1.6531866	1
sub-397789536679.nii.gz	V1	1	1.6532491	1
168_S_6151_I947540.nii.gz	V1	1	1.653261	1
sub-OAS30032_ses-d1661_run-01.nii.gz	V1	1	1.6532625	1
PT030_OpenNeuro_ds004711_sub-184.nii.gz	V1	1	1.6532652	1
PT030_OpenNeuro_ds003831_sub-67.nii.gz	V1	1	1.6532782	1
PT030_OpenNeuro_ds005899_sub-06.nii.gz	V1	1	1.6532816	1
sub-OAS31462_sess-d0105.nii.gz	V1	1	1.6532984	1
sub-775700335060.nii.gz	V1	1	1.6533997	1
sub-360_ses-wave2.nii.gz	V1	1	1.6534386	1
sub-CC620499.nii.gz	V1	1	1.653441	1
sub-OAS30270_ses-d0070.nii.gz	V1	1	1.653473	1
sub-545455624714.nii.gz	V1	1	1.6534797	1
CP0232.nii.gz	V1	1	1.6534935	1
sub-311_ses-wave1.nii.gz	V1	1	1.6535102	1
sub-518050018372.nii.gz	V1	1	1.6535217	1
sub-92_ses-wave2.nii.gz	V1	1	1.6535243	1
sub-661421322548.nii.gz	V1	1	1.6535262	1
PT030_OpenNeuro_ds002711_sub-03.nii.gz	V1	1	1.653531	1
CP0225.nii.gz	V1	1	1.6535319	1
sub-184699480349.nii.gz	V1	1	1.6535472	1
sub-826772137795.nii.gz	V1	1	1.6536006	1
RRIB_sub-122.nii.gz	V1	1	1.6536049	1
PT030_OpenNeuro_ds000234_sub-02.nii.gz	V1	1	1.6536075	1
sub-308675713604.nii.gz	V1	1	1.6536119	1
sub-825486549892.nii.gz	V1	1	1.6536264	1
PT030_OpenNeuro_ds001344_sub-02.nii.gz	V1	1	1.6536701	1
PT030_OpenNeuro_ds000222_sub-52.nii.gz	V1	1	1.653699	1
PT030_OpenNeuro_ds004466_sub-017.nii.gz	V1	1	1.6537008	1
PT030_OpenNeuro_ds004466_sub-088.nii.gz	V1	1	1.6537119	1
PT030_OpenNeuro_ds001417_sub-31.nii.gz	V1	1	1.65385	1
sub-596181642234.nii.gz	V1	1	1.653897	1
PT030_OpenNeuro_ds000017_sub-08.nii.gz	V1	1	1.6539334	1
037_S_7011_I1514753.nii.gz	V1	1	1.6539774	1
PT033_WAND_sub-145.nii.gz	V1	1	1.6539787	1
PT030_OpenNeuro_ds001486_sub-033.nii.gz	V1	1	1.6539826	1
sub-239667774037.nii.gz	V1	1	1.653984	1
PT030_OpenNeuro_ds001894_sub-003.nii.gz	V1	1	1.653997	1
PT030_OpenNeuro_ds005234_sub-24.nii.gz	V1	1	1.654	1
sub-127472536753.nii.gz	V1	1	1.6540059	1
sub-427917643660.nii.gz	V1	1	1.6540331	1
sub-395113287039.nii.gz	V1	1	1.6540475	1
PT030_OpenNeuro_ds002424_sub-59.nii.gz	V1	1	1.6540513	1
AOMIC-PIOP2_sub-0208_T1w.nii.gz	V1	1	1.6540523	1
305_S_6313_I1315300.nii.gz	V1	1	1.654067	1
PT030_OpenNeuro_ds000228_sub-010.nii.gz	V1	1	1.6540838	1
131_S_6170_I1526394.nii.gz	V1	1	1.6541048	1
PT030_OpenNeuro_ds006010_sub-25.nii.gz	V1	1	1.654113	1
sub-106297012000.nii.gz	V1	1	1.6542059	1
022_S_6069_I1142366.nii.gz	V1	1	1.6542144	1
PT030_OpenNeuro_ds005237_sub-152.nii.gz	V1	1	1.6542183	1
PT030_OpenNeuro_ds000007_sub-07.nii.gz	V1	1	1.6542296	1
sub-762129568871.nii.gz	V1	1	1.6542436	1
sub-1153_ses-wave1.nii.gz	V1	1	1.6542464	1
CP0172.nii.gz	V1	1	1.6542859	1
sub-154711749424.nii.gz	V1	1	1.6543165	1
sub-465_ses-wave2.nii.gz	V1	1	1.6543233	1
PT030_OpenNeuro_ds003346_sub-040.nii.gz	V1	1	1.6543623	1
PT030_OpenNeuro_ds003242_sub-53.nii.gz	V1	1	1.654373	1
PT030_OpenNeuro_ds001486_sub-063.nii.gz	V1	1	1.6544037	1
JUK_sub-83.nii.gz	V1	1	1.6544199	1
PT030_OpenNeuro_ds002814_sub-03.nii.gz	V1	1	1.6544354	1
sub-CC620685.nii.gz	V1	1	1.6544373	1
PT030_OpenNeuro_ds004604_sub-39.nii.gz	V1	1	1.6544442	1
sub-337864103314.nii.gz	V1	1	1.6544452	1
PT030_OpenNeuro_ds004711_sub-053.nii.gz	V1	1	1.6544473	1
sub-1007_ses-wave1.nii.gz	V1	1	1.6544764	1
941_S_6054_I1475933.nii.gz	V1	1	1.654492	1
sub-3535_ses-wave2.nii.gz	V1	1	1.6545258	1
PT030_OpenNeuro_ds004469_sub-26.nii.gz	V1	1	1.6545285	1
003_S_4644_I863251.nii.gz	V1	1	1.6545395	1
168_S_6320_I992584.nii.gz	V1	1	1.6545601	1
PT030_OpenNeuro_ds002236_sub-22.nii.gz	V1	1	1.6545672	1
sub-159340139908.nii.gz	V1	1	1.6545706	1
PT030_OpenNeuro_ds001796_sub-35.nii.gz	V1	1	1.6545726	1
sub-765194082559.nii.gz	V1	1	1.6545752	1
PT030_OpenNeuro_ds006010_sub-30.nii.gz	V1	1	1.6545968	1
PT030_OpenNeuro_ds003416_sub-70.nii.gz	V1	1	1.6546196	1
PT030_OpenNeuro_ds003745_sub-34.nii.gz	V1	1	1.654621	1
PT030_OpenNeuro_ds001454_sub-02.nii.gz	V1	1	1.6546295	1
sub-717096758205.nii.gz	V1	1	1.6546624	1
PT030_OpenNeuro_ds003877_sub-06.nii.gz	V1	1	1.6547211	1
sub-814950017872.nii.gz	V1	1	1.6547352	1
sub-1421_ses-wave2.nii.gz	V1	1	1.6547557	1
PT030_OpenNeuro_ds005405_sub-083.nii.gz	V1	1	1.6547613	1
PT030_OpenNeuro_ds004711_sub-174.nii.gz	V1	1	1.6547759	1
sub-616650002943.nii.gz	V1	1	1.6547856	1
sub-956475366526.nii.gz	V1	1	1.6547956	1
sub-468688297677.nii.gz	V1	1	1.6548227	1
sub-326_ses-wave3.nii.gz	V1	1	1.6548778	1
sub-309832555943.nii.gz	V1	1	1.654894	1
PT030_OpenNeuro_ds002366_sub-02.nii.gz	V1	1	1.6549009	1
sub-797027765789.nii.gz	V1	1	1.6549084	1
PT030_OpenNeuro_ds001486_sub-019.nii.gz	V1	1	1.654933	1
141_S_6116_I935952.nii.gz	V1	1	1.654957	1
PT030_OpenNeuro_ds001894_sub-185.nii.gz	V1	1	1.6549635	1
014_S_6076_I907712.nii.gz	V1	1	1.6549721	1
sub-356042483824.nii.gz	V1	1	1.6549804	1
sub-404523550421.nii.gz	V1	1	1.6549832	1
sub-575_ses-wave1.nii.gz	V1	1	1.6550051	1
PT030_OpenNeuro_ds001486_sub-032.nii.gz	V1	1	1.6550361	1
sub-344002344757.nii.gz	V1	1	1.655045	1
PT030_OpenNeuro_ds005237_sub-163.nii.gz	V1	1	1.6550505	1
sub-OAS31457_sess-d0113.nii.gz	V1	1	1.6551013	1
PT030_OpenNeuro_ds005418_sub-26.nii.gz	V1	1	1.6551142	1
sub-812_ses-wave2.nii.gz	V1	1	1.6551247	1
sub-454953257900.nii.gz	V1	1	1.6551346	1
PT030_OpenNeuro_ds002424_sub-43.nii.gz	V1	1	1.6551465	1
PT030_OpenNeuro_ds004173_sub-123.nii.gz	V1	1	1.6551503	1
sub-CC620515.nii.gz	V1	1	1.6551536	1
PT030_OpenNeuro_ds002620_sub-05.nii.gz	V1	1	1.655176	1
JUK_sub-68.nii.gz	V1	1	1.6551782	1
PT030_OpenNeuro_ds002711_sub-08.nii.gz	V1	1	1.6551886	1
sub-CC710037.nii.gz	V1	1	1.6552086	1
PT030_OpenNeuro_ds004466_sub-077.nii.gz	V1	1	1.6552145	1
CP0201.nii.gz	V1	1	1.655307	1
PT030_OpenNeuro_ds003877_sub-49.nii.gz	V1	1	1.6553224	1
sub-OAS31209_sess-d0095.nii.gz	V1	1	1.6553229	1
sub-3744_ses-wave3.nii.gz	V1	1	1.6553354	1
sub-4769_ses-wave3.nii.gz	V1	1	1.6553838	1
sub-353927466643.nii.gz	V1	1	1.6553912	1
PT030_OpenNeuro_ds001814_sub-24.nii.gz	V1	1	1.6554304	1
006_S_6209_I1133565.nii.gz	V1	1	1.6554412	1
sub-617901292458.nii.gz	V1	1	1.6554424	1
sub-OAS30691_ses-d0056.nii.gz	V1	1	1.6554449	1
PT030_OpenNeuro_ds003831_sub-48.nii.gz	V1	1	1.6554798	1
sub-3846_ses-wave1.nii.gz	V1	1	1.6555035	1
PT030_OpenNeuro_ds004158_sub-11.nii.gz	V1	1	1.6555414	1
AOMIC-PIOP2_sub-0117_T1w.nii.gz	V1	1	1.655576	1
sub-705884941324.nii.gz	V1	1	1.6555866	1
PT030_OpenNeuro_ds002006_sub-22.nii.gz	V1	1	1.6555945	1
sub-CC620496.nii.gz	V1	1	1.6555969	1
AOMIC-PIOP2_sub-0213_T1w.nii.gz	V1	1	1.655609	1
PT030_OpenNeuro_ds001894_sub-001.nii.gz	V1	1	1.6556098	1
sub-OAS31277_sess-d0084.nii.gz	V1	1	1.655659	1
PT030_OpenNeuro_ds005365_sub-01.nii.gz	V1	1	1.6556703	1
sub-829_ses-wave3.nii.gz	V1	1	1.6556813	1
PT030_OpenNeuro_ds005469_sub-10.nii.gz	V1	1	1.6556973	1
sub-946082716347.nii.gz	V1	1	1.655729	1
PT030_OpenNeuro_ds002886_sub-18.nii.gz	V1	1	1.6557692	1
041_S_4200_I923444.nii.gz	V1	1	1.6557727	1
AOMIC-PIOP2_sub-0140_T1w.nii.gz	V1	1	1.655815	1
sub-213_ses-wave1.nii.gz	V1	1	1.6558434	1
sub-981399804806.nii.gz	V1	1	1.6558638	1
sub-481729032242.nii.gz	V1	1	1.6558878	1
PT030_OpenNeuro_ds001734_sub-099.nii.gz	V1	1	1.6559038	1
sub-1685_ses-wave1.nii.gz	V1	1	1.6559176	1
sub-3658_ses-wave2.nii.gz	V1	1	1.6559281	1
sub-903137810093.nii.gz	V1	1	1.6559348	1
sub-947290481362.nii.gz	V1	1	1.6559469	1
sub-OAS31380_sess-d0132.nii.gz	V1	1	1.6559564	1
sub-211816595199.nii.gz	V1	1	1.65596	1
PT030_OpenNeuro_ds001894_sub-186.nii.gz	V1	1	1.6559621	1
sub-CC221244.nii.gz	V1	1	1.655971	1
PT030_OpenNeuro_ds004711_sub-160.nii.gz	V1	1	1.6559839	1
141_S_6116_I1264670.nii.gz	V1	1	1.6559846	1
AOMIC-PIOP2_sub-0162_T1w.nii.gz	V1	1	1.6559896	1
PT030_OpenNeuro_ds005418_sub-08.nii.gz	V1	1	1.6560141	1
sub-726182329401.nii.gz	V1	1	1.6560436	1
PT030_OpenNeuro_ds006267_sub-08.nii.gz	V1	1	1.6560599	1
006_S_6500_I1028499.nii.gz	V1	1	1.6560942	1
sub-3306_ses-wave1.nii.gz	V1	1	1.6561056	1
sub-674592363321.nii.gz	V1	1	1.6561357	1
sub-526462261938.nii.gz	V1	1	1.656161	1
sub-2440_ses-wave1.nii.gz	V1	1	1.6561775	1
PT030_OpenNeuro_ds003542_sub-26.nii.gz	V1	1	1.6561953	1
sub-3592_ses-wave2.nii.gz	V1	1	1.6562042	1
PT030_OpenNeuro_ds002647_sub-83.nii.gz	V1	1	1.656208	1
PT030_OpenNeuro_ds003499_sub-44.nii.gz	V1	1	1.6562686	1
PT030_OpenNeuro_ds005613_sub-021.nii.gz	V1	1	1.6562775	1
sub-157363866990.nii.gz	V1	1	1.6563143	1
sub-CC620619.nii.gz	V1	1	1.6563331	1
PT030_OpenNeuro_ds001386_sub-34.nii.gz	V1	1	1.6563414	1
PT030_OpenNeuro_ds003136_sub-20.nii.gz	V1	1	1.6563435	1
168_S_6350_I997533.nii.gz	V1	1	1.6563578	1
CP0234.nii.gz	V1	1	1.6564027	1
sub-3898_ses-wave2.nii.gz	V1	1	1.6564051	1
sub-OAS30667_ses-d0888.nii.gz	V1	1	1.6564078	1
sub-329113742821.nii.gz	V1	1	1.656408	1
sub-342263404069.nii.gz	V1	1	1.6564193	1
sub-166414771116.nii.gz	V1	1	1.6564473	1
sub-OAS30523_ses-d0027_run-01.nii.gz	V1	1	1.6564966	1
sub-357131710050.nii.gz	V1	1	1.6564983	1
PT030_OpenNeuro_ds003499_sub-62.nii.gz	V1	1	1.6565136	1
sub-OAS30950_ses-d0063.nii.gz	V1	1	1.6565177	1
sub-CC610285.nii.gz	V1	1	1.6565435	1
941_S_6094_I921879.nii.gz	V1	1	1.6565537	1
sub-3898_ses-wave1.nii.gz	V1	1	1.6565689	1
CP0157.nii.gz	V1	1	1.656569	1
PT030_OpenNeuro_ds004533_sub-02.nii.gz	V1	1	1.656585	1
PT030_OpenNeuro_ds004868_sub-06.nii.gz	V1	1	1.6566043	1
PT030_OpenNeuro_ds004711_sub-042.nii.gz	V1	1	1.6566147	1
sub-CC620454.nii.gz	V1	1	1.6566257	1
041_S_6786_I1576363.nii.gz	V1	1	1.65665	1
sub-338822109279.nii.gz	V1	1	1.6566663	1
sub-687905632775.nii.gz	V1	1	1.6567018	1
PT030_OpenNeuro_ds004230_sub-06.nii.gz	V1	1	1.6567137	1
CP0128.nii.gz	V1	1	1.6567189	1
sub-952300611928.nii.gz	V1	1	1.6567632	1
PT030_OpenNeuro_ds002366_sub-17.nii.gz	V1	1	1.6567981	1
PT030_OpenNeuro_ds001840_sub-14.nii.gz	V1	1	1.6567998	1
PT030_OpenNeuro_ds002886_sub-36.nii.gz	V1	1	1.6568377	1
PT030_OpenNeuro_ds003425_sub-02.nii.gz	V1	1	1.6568676	1
JUK_sub-53.nii.gz	V1	1	1.6568716	1
PT030_OpenNeuro_ds004711_sub-168.nii.gz	V1	1	1.6568897	1
037_S_6144_I944650.nii.gz	V1	1	1.6569618	1
sub-872_ses-wave2.nii.gz	V1	1	1.6569755	1
PT030_OpenNeuro_ds001408_sub-25.nii.gz	V1	1	1.6570004	1
sub-360_ses-wave1.nii.gz	V1	1	1.6570845	1
PT030_OpenNeuro_ds003542_sub-24.nii.gz	V1	1	1.6571127	1
PT030_OpenNeuro_ds002748_sub-68.nii.gz	V1	1	1.657167	1
sub-919028468459.nii.gz	V1	1	1.657177	1
PT030_OpenNeuro_ds002345_sub-127.nii.gz	V1	1	1.6571854	1
sub-656829388440.nii.gz	V1	1	1.6572307	1
PT030_OpenNeuro_ds003499_sub-88.nii.gz	V1	1	1.6572529	1
sub-977560143527.nii.gz	V1	1	1.6572567	1
sub-182645665011.nii.gz	V1	1	1.6572582	1
PT030_OpenNeuro_ds005123_sub-036.nii.gz	V1	1	1.6572617	1
AOMIC-PIOP2_sub-0151_T1w.nii.gz	V1	1	1.6573006	1
PT030_OpenNeuro_ds005577_sub-50.nii.gz	V1	1	1.6573241	1
sub-4196_ses-wave1.nii.gz	V1	1	1.6573335	1
177_S_6328_I992799.nii.gz	V1	1	1.6573597	1
sub-CC520097.nii.gz	V1	1	1.6573792	1
AOMIC-PIOP2_sub-0028_T1w.nii.gz	V1	1	1.6574146	1
PT030_OpenNeuro_ds001486_sub-007.nii.gz	V1	1	1.6574446	1
PT030_OpenNeuro_ds001517_sub-15.nii.gz	V1	1	1.6574464	1
AOMIC-PIOP2_sub-0112_T1w.nii.gz	V1	1	1.657483	1
sub-CC720188.nii.gz	V1	1	1.6575148	1
PT008_AdolescentBrainDevelopment_sub-15.nii.gz	V1	1	1.6575248	1
sub-401672562533.nii.gz	V1	1	1.6575416	1
sub-494495346136.nii.gz	V1	1	1.6575456	1
sub-CC620785.nii.gz	V1	1	1.6575487	1
AOMIC-PIOP2_sub-0012_T1w.nii.gz	V1	1	1.6575514	1
sub-506541958125.nii.gz	V1	1	1.6575794	1
PT030_OpenNeuro_ds002843_sub-034.nii.gz	V1	1	1.6576047	1
CP0222.nii.gz	V1	1	1.6576122	1
PT030_OpenNeuro_ds005531_sub-03.nii.gz	V1	1	1.6576295	1
sub-169489783028.nii.gz	V1	1	1.6576408	1
sub-421557870822.nii.gz	V1	1	1.6576586	1
sub-CC710982.nii.gz	V1	1	1.6576654	1
sub-CC620572.nii.gz	V1	1	1.6576663	1
PT030_OpenNeuro_ds003136_sub-21.nii.gz	V1	1	1.6577054	1
sub-915378020214.nii.gz	V1	1	1.6577102	1
CP0175.nii.gz	V1	1	1.6577164	1
CP0208.nii.gz	V1	1	1.6577189	1
CP0142.nii.gz	V1	1	1.6577247	1
sub-CC710446.nii.gz	V1	1	1.6577296	1
sub-CC610344.nii.gz	V1	1	1.6577421	1
PT008_AdolescentBrainDevelopment_sub-08.nii.gz	V1	1	1.6577945	1
sub-609_ses-wave1.nii.gz	V1	1	1.6578001	1
sub-812672057112.nii.gz	V1	1	1.6578223	1
PT030_OpenNeuro_ds004173_sub-067.nii.gz	V1	1	1.6578488	1
014_S_6076_I1072841.nii.gz	V1	1	1.6578549	1
sub-2440_ses-wave3.nii.gz	V1	1	1.6578597	1
sub-600653104909.nii.gz	V1	1	1.6578634	1
sub-2974_ses-wave1.nii.gz	V1	1	1.6579229	1
sub-164064925038.nii.gz	V1	1	1.6579381	1
PT002_Nigerian_Clinical_sub-04.nii.gz	V1	1	1.657946	1
sub-438699025347.nii.gz	V1	1	1.6579683	1
sub-306848656753.nii.gz	V1	1	1.6579735	1
sub-525963161792.nii.gz	V1	1	1.6579804	1
sub-4659_ses-wave1.nii.gz	V1	1	1.6579853	1
sub-OAS31149_ses-d0061.nii.gz	V1	1	1.6579918	1
sub-429128697868.nii.gz	V1	1	1.6579989	1
PT030_OpenNeuro_ds001734_sub-094.nii.gz	V1	1	1.6580186	1
AOMIC-PIOP2_sub-0217_T1w.nii.gz	V1	1	1.6580462	1
168_S_6064_I899030.nii.gz	V1	1	1.6580535	1
PT030_OpenNeuro_ds001486_sub-001.nii.gz	V1	1	1.6580553	1
PT030_OpenNeuro_ds001796_sub-06.nii.gz	V1	1	1.6580652	1
sub-ON23483.nii.gz	V1	1	1.6581469	1
PT030_OpenNeuro_ds001486_sub-090.nii.gz	V1	1	1.6581668	1
941_S_4292_I1191372.nii.gz	V1	1	1.658192	1
sub-206369659892.nii.gz	V1	1	1.6582162	1
CP0158.nii.gz	V1	1	1.6582406	1
PT030_OpenNeuro_ds004725_sub-43.nii.gz	V1	1	1.6582472	1
941_S_6384_I1005122.nii.gz	V1	1	1.6582582	1
CP0121.nii.gz	V1	1	1.6582862	1
sub-631396881221.nii.gz	V1	1	1.6583041	1
sub-176038899289.nii.gz	V1	1	1.6583563	1
sub-891_ses-wave3.nii.gz	V1	1	1.658371	1
CP0101.nii.gz	V1	1	1.658404	1
AOMIC-PIOP2_sub-0016_T1w.nii.gz	V1	1	1.6584119	1
PT030_OpenNeuro_ds001408_sub-22.nii.gz	V1	1	1.6584132	1
sub-112365363383.nii.gz	V1	1	1.6584553	1
PT030_OpenNeuro_ds001894_sub-032.nii.gz	V1	1	1.6584578	1
sub-672500627179.nii.gz	V1	1	1.6585039	1
sub-OAS31192_sess-d0036.nii.gz	V1	1	1.6585315	1
PT030_OpenNeuro_ds002886_sub-55.nii.gz	V1	1	1.6585332	1
sub-3003_ses-wave1.nii.gz	V1	1	1.6585437	1
PT030_OpenNeuro_ds005559_sub-34.nii.gz	V1	1	1.6585492	1
PT002_Nigerian_Clinical_sub-06.nii.gz	V1	1	1.6585509	1
sub-767758047479.nii.gz	V1	1	1.6585574	1
CP0159.nii.gz	V1	1	1.6585903	1
168_S_6318_I987768.nii.gz	V1	1	1.658651	1
PT030_OpenNeuro_ds001430_sub-19.nii.gz	V1	1	1.6586697	1
PT030_OpenNeuro_ds005237_sub-119.nii.gz	V1	1	1.6586998	1
PT030_OpenNeuro_ds003469_sub-67.nii.gz	V1	1	1.6587125	1
sub-OAS31293_sess-d0084.nii.gz	V1	1	1.6587151	1
sub-579996063674.nii.gz	V1	1	1.6587204	1
003_S_6067_I912447.nii.gz	V1	1	1.658753	1
CP0182.nii.gz	V1	1	1.6587578	1
PT030_OpenNeuro_ds005123_sub-055.nii.gz	V1	1	1.6587636	1
sub-CC510220.nii.gz	V1	1	1.6587961	1
sub-582956839439.nii.gz	V1	1	1.6588523	1
AOMIC-PIOP2_sub-0164_T1w.nii.gz	V1	1	1.6588691	1
sub-149859465260.nii.gz	V1	1	1.6588691	1
sub-561752414596.nii.gz	V1	1	1.6589129	1
CP0110.nii.gz	V1	1	1.6589692	1
AOMIC-PIOP2_sub-0142_T1w.nii.gz	V1	1	1.6589698	1
sub-CC720497.nii.gz	V1	1	1.658985	1
941_S_6054_I1192854.nii.gz	V1	1	1.6590165	1
PT030_OpenNeuro_ds006472_sub-24.nii.gz	V1	1	1.6590222	1
sub-995547093580.nii.gz	V1	1	1.6590533	1
PT030_OpenNeuro_ds004711_sub-176.nii.gz	V1	1	1.6590966	1
sub-3146_ses-wave2.nii.gz	V1	1	1.6590986	1
sub-190434493086.nii.gz	V1	1	1.6591755	1
PT030_OpenNeuro_ds005684_sub-02.nii.gz	V1	1	1.6591885	1
PT030_OpenNeuro_ds003653_sub-49.nii.gz	V1	1	1.659206	1
sub-848303531880.nii.gz	V1	1	1.6592262	1
PT030_OpenNeuro_ds005498_sub-110.nii.gz	V1	1	1.6592363	1
PT030_OpenNeuro_ds002843_sub-029.nii.gz	V1	1	1.6592493	1
PT030_OpenNeuro_ds004725_sub-71.nii.gz	V1	1	1.6592646	1
PT030_OpenNeuro_ds002382_sub-02.nii.gz	V1	1	1.6592801	1
sub-813379142685.nii.gz	V1	1	1.6592824	1
sub-378_ses-wave1.nii.gz	V1	1	1.6592959	1
AOMIC-PIOP2_sub-0215_T1w.nii.gz	V1	1	1.6593008	1
PT030_OpenNeuro_ds001894_sub-044.nii.gz	V1	1	1.6593387	1
PT030_OpenNeuro_ds002345_sub-296.nii.gz	V1	1	1.6593406	1
sub-3846_ses-wave2.nii.gz	V1	1	1.6593692	1
sub-OAS31338_sess-d0091.nii.gz	V1	1	1.6593698	1
sub-170536232281.nii.gz	V1	1	1.6593755	1
CP0044.nii.gz	V1	1	1.6594028	1
035_S_6551_I1037228.nii.gz	V1	1	1.6594063	1
PT030_OpenNeuro_ds004783_sub-24.nii.gz	V1	1	1.65941	1
sub-OAS30561_ses-d0106.nii.gz	V1	1	1.6594645	1
sub-920531713757.nii.gz	V1	1	1.6594868	1
sub-3066_ses-wave2.nii.gz	V1	1	1.6594889	1
PT030_OpenNeuro_ds002711_sub-09.nii.gz	V1	1	1.6595505	1
sub-CC621118.nii.gz	V1	1	1.6595774	1
PT030_OpenNeuro_ds004837_sub-12.nii.gz	V1	1	1.6596371	1
PT030_OpenNeuro_ds000222_sub-57.nii.gz	V1	1	1.6596433	1
PT030_OpenNeuro_ds004693_sub-08.nii.gz	V1	1	1.6596565	1
sub-560308161446.nii.gz	V1	1	1.6597372	1
sub-220_ses-wave1.nii.gz	V1	1	1.6597407	1
sub-356556645353.nii.gz	V1	1	1.6597501	1
sub-182985606883.nii.gz	V1	1	1.6597522	1
CP0076.nii.gz	V1	1	1.6597552	1
sub-CC410248.nii.gz	V1	1	1.6598386	1
PT030_OpenNeuro_ds005234_sub-40.nii.gz	V1	1	1.659852	1
sub-OAS31237_sess-d0172_run-02.nii.gz	V1	1	1.6598669	1
PT030_OpenNeuro_ds002366_sub-08.nii.gz	V1	1	1.6599073	1
sub-494293108467.nii.gz	V1	1	1.6599252	1
PT033_WAND_sub-079.nii.gz	V1	1	1.659929	1
sub-154886350989.nii.gz	V1	1	1.6599458	1
PT030_OpenNeuro_ds005237_sub-170.nii.gz	V1	1	1.6599606	1
sub-813575465955.nii.gz	V1	1	1.6599865	1
PT008_AdolescentBrainDevelopment_sub-02.nii.gz	V1	1	1.659992	1
PT030_OpenNeuro_ds003851_sub-13.nii.gz	V1	1	1.6599984	1
PT030_OpenNeuro_ds003877_sub-03.nii.gz	V1	1	1.6599989	1
sub-310792111263.nii.gz	V1	1	1.6600066	1
PT030_OpenNeuro_ds002886_sub-56.nii.gz	V1	1	1.660022	1
AOMIC-PIOP2_sub-0026_T1w.nii.gz	V1	1	1.6600249	1
PT030_OpenNeuro_ds004711_sub-152.nii.gz	V1	1	1.6600707	1
PT030_OpenNeuro_ds001894_sub-182.nii.gz	V1	1	1.6600914	1
sub-299666419729.nii.gz	V1	1	1.6600968	1
sub-247770876833.nii.gz	V1	1	1.6601108	1
PT030_OpenNeuro_ds005237_sub-159.nii.gz	V1	1	1.6601413	1
sub-OAS30523_ses-d0027_run-02.nii.gz	V1	1	1.6602025	1
sub-4581_ses-wave1.nii.gz	V1	1	1.6602147	1
PT030_OpenNeuro_ds001408_sub-42.nii.gz	V1	1	1.6602473	1
CP0250.nii.gz	V1	1	1.6602494	1
sub-901853622053.nii.gz	V1	1	1.6602646	1
PT030_OpenNeuro_ds001894_sub-039.nii.gz	V1	1	1.6603055	1
sub-OAS31319_sess-d0075.nii.gz	V1	1	1.6603334	1
sub-CC720238.nii.gz	V1	1	1.6603513	1
CP0071.nii.gz	V1	1	1.6603647	1
sub-595_ses-wave1.nii.gz	V1	1	1.6603736	1
sub-2127_ses-wave1.nii.gz	V1	1	1.6604141	1
sub-OAS31436_sess-d0197.nii.gz	V1	1	1.660419	1
sub-477160054985.nii.gz	V1	1	1.6604246	1
sub-722160277938.nii.gz	V1	1	1.660514	1
PT030_OpenNeuro_ds004400_sub-09.nii.gz	V1	1	1.660521	1
sub-CC720103.nii.gz	V1	1	1.6605235	1
PT030_OpenNeuro_ds004173_sub-100.nii.gz	V1	1	1.6605302	1
PT030_OpenNeuro_ds001894_sub-173.nii.gz	V1	1	1.6605407	1
168_S_6285_I986205.nii.gz	V1	1	1.6605537	1
sub-329787181161.nii.gz	V1	1	1.660565	1
sub-CC321154.nii.gz	V1	1	1.6605892	1
AOMIC-PIOP2_sub-0129_T1w.nii.gz	V1	1	1.6606371	1
PT030_OpenNeuro_ds003653_sub-81.nii.gz	V1	1	1.6606408	1
PT030_OpenNeuro_ds002422_sub-16.nii.gz	V1	1	1.6606649	1
PT030_OpenNeuro_ds003872_sub-55.nii.gz	V1	1	1.6606665	1
sub-4805_ses-wave1.nii.gz	V1	1	1.6606673	1
sub-866498030343.nii.gz	V1	1	1.660713	1
PT030_OpenNeuro_ds001894_sub-184.nii.gz	V1	1	1.6607139	1
sub-316256611926.nii.gz	V1	1	1.660803	1
CP0239.nii.gz	V1	1	1.6608065	1
PT030_OpenNeuro_ds003416_sub-55.nii.gz	V1	1	1.6608517	1
sub-434327587010.nii.gz	V1	1	1.6608644	1
sub-898717996826.nii.gz	V1	1	1.6608735	1
sub-4684_ses-wave2.nii.gz	V1	1	1.6608982	1
sub-1362_ses-wave3.nii.gz	V1	1	1.6609218	1
sub-889910516981.nii.gz	V1	1	1.6609846	1
sub-298560899133.nii.gz	V1	1	1.6609914	1
JUK_sub-125.nii.gz	V1	1	1.6609917	1
PT030_OpenNeuro_ds003416_sub-29.nii.gz	V1	1	1.6609949	1
PT030_OpenNeuro_ds002886_sub-16.nii.gz	V1	1	1.6610186	1
PT030_OpenNeuro_ds001486_sub-066.nii.gz	V1	1	1.6610435	1
sub-762070675429.nii.gz	V1	1	1.6610603	1
sub-139669884794.nii.gz	V1	1	1.6611156	1
sub-OAS31261_sess-d0095.nii.gz	V1	1	1.661117	1
sub-4876_ses-wave2.nii.gz	V1	1	1.6611202	1
PT030_OpenNeuro_ds004516_sub-41.nii.gz	V1	1	1.661128	1
PT030_OpenNeuro_ds003831_sub-41.nii.gz	V1	1	1.6611676	1
sub-923599548842.nii.gz	V1	1	1.6612097	1
PT030_OpenNeuro_ds005123_sub-037.nii.gz	V1	1	1.6612129	1
PT030_OpenNeuro_ds001486_sub-048.nii.gz	V1	1	1.6612148	1
sub-619041447551.nii.gz	V1	1	1.6612201	1
sub-587734814736.nii.gz	V1	1	1.6612597	1
014_S_6076_I1254369.nii.gz	V1	1	1.6612703	1
sub-833420136477.nii.gz	V1	1	1.6612844	1
AOMIC-PIOP2_sub-0128_T1w.nii.gz	V1	1	1.6613036	1
sub-133871479599.nii.gz	V1	1	1.6613241	1
sub-419_ses-wave1.nii.gz	V1	1	1.6613849	1
PT030_OpenNeuro_ds004711_sub-062.nii.gz	V1	1	1.6613905	1
PT030_OpenNeuro_ds000001_sub-14.nii.gz	V1	1	1.661407	1
sub-607793324229.nii.gz	V1	1	1.6614178	1
PT033_WAND_sub-128.nii.gz	V1	1	1.6614375	1
PT030_OpenNeuro_ds004469_sub-03.nii.gz	V1	1	1.6614532	1
PT030_OpenNeuro_ds004711_sub-128.nii.gz	V1	1	1.6614776	1
sub-378812966676.nii.gz	V1	1	1.6614996	1
sub-844668091281.nii.gz	V1	1	1.6615174	1
JUK_sub-85.nii.gz	V1	1	1.661569	1
AOMIC-PIOP2_sub-0138_T1w.nii.gz	V1	1	1.6616015	1
sub-961_ses-wave2.nii.gz	V1	1	1.6616021	1
PT030_OpenNeuro_ds002620_sub-31.nii.gz	V1	1	1.6616284	1
CP0070.nii.gz	V1	1	1.6616385	1
PT030_OpenNeuro_ds004711_sub-030.nii.gz	V1	1	1.6616541	1
sub-722687973057.nii.gz	V1	1	1.6617417	1
PT030_OpenNeuro_ds001894_sub-037.nii.gz	V1	1	1.6617421	1
sub-1863_ses-wave1.nii.gz	V1	1	1.6617451	1
sub-3537_ses-wave1.nii.gz	V1	1	1.6618189	1
PT030_OpenNeuro_ds003831_sub-47.nii.gz	V1	1	1.6618875	1
CP0122.nii.gz	V1	1	1.6618928	1
CP0092.nii.gz	V1	1	1.6619172	1
sub-1993_ses-wave3.nii.gz	V1	1	1.6619699	1
sub-407771565515.nii.gz	V1	1	1.6619787	1
JUK_sub-119.nii.gz	V1	1	1.6619873	1
PT030_OpenNeuro_ds002647_sub-75.nii.gz	V1	1	1.6620079	1
PT030_OpenNeuro_ds004711_sub-082.nii.gz	V1	1	1.6620083	1
AOMIC-PIOP2_sub-0078_T1w.nii.gz	V1	1	1.6620443	1
PT030_OpenNeuro_ds002424_sub-45.nii.gz	V1	1	1.662055	1
PT030_OpenNeuro_ds001814_sub-22.nii.gz	V1	1	1.6620626	1
AOMIC-PIOP2_sub-0190_T1w.nii.gz	V1	1	1.6620674	1
sub-2213_ses-wave1.nii.gz	V1	1	1.6620725	1
sub-528421144678.nii.gz	V1	1	1.6620753	1
sub-943_ses-wave2.nii.gz	V1	1	1.662101	1
PT030_OpenNeuro_ds002843_sub-065.nii.gz	V1	1	1.6621317	1
PT030_OpenNeuro_ds004466_sub-091.nii.gz	V1	1	1.6621376	1
PT030_OpenNeuro_ds001894_sub-181.nii.gz	V1	1	1.66223	1
PT033_WAND_sub-122.nii.gz	V1	1	1.6622884	1
PT030_OpenNeuro_ds001894_sub-012.nii.gz	V1	1	1.6622903	1
sub-929322786948.nii.gz	V1	1	1.6623236	1
sub-877769535521.nii.gz	V1	1	1.6623435	1
PT030_OpenNeuro_ds004711_sub-172.nii.gz	V1	1	1.6623572	1
PT030_OpenNeuro_ds003745_sub-43.nii.gz	V1	1	1.662406	1
PT033_WAND_sub-005.nii.gz	V1	1	1.6624086	1
sub-551457299823.nii.gz	V1	1	1.6624179	1
AOMIC-PIOP2_sub-0096_T1w.nii.gz	V1	1	1.6624224	1
PT002_Nigerian_Clinical_sub-51.nii.gz	V1	1	1.6624262	1
sub-886981820337.nii.gz	V1	1	1.6624334	1
PT030_OpenNeuro_ds001894_sub-038.nii.gz	V1	1	1.6624599	1
AOMIC-PIOP2_sub-0025_T1w.nii.gz	V1	1	1.6624714	1
sub-1759_ses-wave3.nii.gz	V1	1	1.662484	1
sub-611_ses-wave1.nii.gz	V1	1	1.6625875	1
sub-805829469214.nii.gz	V1	1	1.6626536	1
PT030_OpenNeuro_ds001226_sub-11.nii.gz	V1	1	1.6627198	1
sub-232556742517.nii.gz	V1	1	1.662729	1
sub-750978422001.nii.gz	V1	1	1.662733	1
sub-851549490177.nii.gz	V1	1	1.6627527	1
PT012_CHBMP_sub-171.nii.gz	V1	1	1.6627649	1
sub-869522707783.nii.gz	V1	1	1.6627939	1
PT030_OpenNeuro_ds004006_sub-03.nii.gz	V1	1	1.6628045	1
sub-145185686332.nii.gz	V1	1	1.6628264	1
PT030_OpenNeuro_ds004230_sub-12.nii.gz	V1	1	1.6628281	1
sub-4868_ses-wave2.nii.gz	V1	1	1.6628704	1
sub-361_ses-wave3.nii.gz	V1	1	1.6628839	1
168_S_6065_I900796.nii.gz	V1	1	1.6629428	1
PT030_OpenNeuro_ds001814_sub-06.nii.gz	V1	1	1.6629453	1
PT030_OpenNeuro_ds001408_sub-24.nii.gz	V1	1	1.6629772	1
PT030_OpenNeuro_ds001517_sub-08.nii.gz	V1	1	1.6629854	1
sub-378495374350.nii.gz	V1	1	1.6629914	1
sub-737772953793.nii.gz	V1	1	1.6629919	1
sub-4328_ses-wave1.nii.gz	V1	1	1.662996	1
sub-673771967757.nii.gz	V1	1	1.6630149	1
PT030_OpenNeuro_ds001226_sub-04.nii.gz	V1	1	1.6630254	1
sub-657669884728.nii.gz	V1	1	1.6630311	1
PT030_OpenNeuro_ds001486_sub-070.nii.gz	V1	1	1.6630439	1
sub-123362026561.nii.gz	V1	1	1.6630921	1
PT030_OpenNeuro_ds005571_sub-01.nii.gz	V1	1	1.6631327	1
PT030_OpenNeuro_ds003095_sub-33.nii.gz	V1	1	1.6631354	1
PT030_OpenNeuro_ds002647_sub-68.nii.gz	V1	1	1.6631421	1
PT030_OpenNeuro_ds006395_sub-23.nii.gz	V1	1	1.6631643	1
sub-92_ses-wave1.nii.gz	V1	1	1.6632379	1
PT030_OpenNeuro_ds001486_sub-010.nii.gz	V1	1	1.6632417	1
sub-532_ses-wave1.nii.gz	V1	1	1.6633092	1
PT030_OpenNeuro_ds005234_sub-38.nii.gz	V1	1	1.6633106	1
PT030_OpenNeuro_ds001486_sub-111.nii.gz	V1	1	1.663341	1
sub-505886705495.nii.gz	V1	1	1.6634041	1
PT030_OpenNeuro_ds004711_sub-073.nii.gz	V1	1	1.663422	1
PT030_OpenNeuro_ds000228_sub-011.nii.gz	V1	1	1.6634349	1
sub-349_ses-wave1.nii.gz	V1	1	1.6634406	1
AOMIC-PIOP2_sub-0076_T1w.nii.gz	V1	1	1.6634779	1
sub-900004567178.nii.gz	V1	1	1.6635007	1
PT030_OpenNeuro_ds001894_sub-125.nii.gz	V1	1	1.6635176	1
PT012_CHBMP_sub-177.nii.gz	V1	1	1.6635184	1
PT030_OpenNeuro_ds002424_sub-34.nii.gz	V1	1	1.6636091	1
sub-319525352770.nii.gz	V1	1	1.6636181	1
sub-3744_ses-wave1.nii.gz	V1	1	1.6636201	1
PT030_OpenNeuro_ds002647_sub-91.nii.gz	V1	1	1.6636788	1
sub-409819283512.nii.gz	V1	1	1.6636864	1
PT030_OpenNeuro_ds005123_sub-112.nii.gz	V1	1	1.6637588	1
sub-737562040158.nii.gz	V1	1	1.6637707	1
sub-1093_ses-wave2.nii.gz	V1	1	1.6637788	1
sub-209223851167.nii.gz	V1	1	1.6638393	1
PT030_OpenNeuro_ds004533_sub-40.nii.gz	V1	1	1.6638529	1
sub-932962485355.nii.gz	V1	1	1.6638585	1
sub-526031133456.nii.gz	V1	1	1.6638695	1
sub-936007128772.nii.gz	V1	1	1.6638969	1
PT030_OpenNeuro_ds005418_sub-29.nii.gz	V1	1	1.6639004	1
sub-606255351845.nii.gz	V1	1	1.6639285	1
PT030_OpenNeuro_ds003499_sub-86.nii.gz	V1	1	1.6639293	1
sub-CC510568.nii.gz	V1	1	1.66393	1
PT030_OpenNeuro_ds001486_sub-021.nii.gz	V1	1	1.6639616	1
PT030_OpenNeuro_ds005498_sub-091.nii.gz	V1	1	1.66397	1
PT030_OpenNeuro_ds005234_sub-17.nii.gz	V1	1	1.6639909	1
sub-CC310142.nii.gz	V1	1	1.6640214	1
sub-504022302723.nii.gz	V1	1	1.6640389	1
sub-790852388297.nii.gz	V1	1	1.66407	1
AOMIC-PIOP2_sub-0053_T1w.nii.gz	V1	1	1.6640778	1
PT030_OpenNeuro_ds005237_sub-199.nii.gz	V1	1	1.664086	1
AOMIC-PIOP2_sub-0141_T1w.nii.gz	V1	1	1.6641135	1
PT036_Yale_HighRes_sub-090.nii.gz	V1	1	1.6641176	1
PT030_OpenNeuro_ds004795_sub-146.nii.gz	V1	1	1.6641182	1
041_S_6354_I1350223.nii.gz	V1	1	1.6641428	1
PT030_OpenNeuro_ds001486_sub-062.nii.gz	V1	1	1.6641511	1
sub-2095_ses-wave2.nii.gz	V1	1	1.6641788	1
sub-CC620659.nii.gz	V1	1	1.6641914	1
PT030_OpenNeuro_ds000245_sub-11.nii.gz	V1	1	1.6642202	1
sub-493277753851.nii.gz	V1	1	1.6642252	1
PT030_OpenNeuro_ds002424_sub-53.nii.gz	V1	1	1.6642535	1
RRIB_sub-149.nii.gz	V1	1	1.664293	1
168_S_6107_I930689.nii.gz	V1	1	1.6643063	1
sub-133_ses-wave1.nii.gz	V1	1	1.6643114	1
sub-956075512385.nii.gz	V1	1	1.6643862	1
PT030_OpenNeuro_ds003136_sub-15.nii.gz	V1	1	1.6644388	1
sub-443586727583.nii.gz	V1	1	1.6645073	1
AOMIC-PIOP2_sub-0181_T1w.nii.gz	V1	1	1.6645149	1
PT030_OpenNeuro_ds003469_sub-12.nii.gz	V1	1	1.6645256	1
PT030_OpenNeuro_ds002424_sub-07.nii.gz	V1	1	1.6645838	1
PT030_OpenNeuro_ds005256_sub-089.nii.gz	V1	1	1.6646049	1
PT030_OpenNeuro_ds001894_sub-046.nii.gz	V1	1	1.6646056	1
sub-391000843234.nii.gz	V1	1	1.6646125	1
PT030_OpenNeuro_ds002843_sub-118.nii.gz	V1	1	1.664652	1
PT030_OpenNeuro_ds003653_sub-55.nii.gz	V1	1	1.664666	1
PT033_WAND_sub-104.nii.gz	V1	1	1.6646997	1
sub-939201014308.nii.gz	V1	1	1.6647193	1
PT030_OpenNeuro_ds003233_sub-24.nii.gz	V1	1	1.6647235	1
PT030_OpenNeuro_ds001894_sub-040.nii.gz	V1	1	1.6647308	1
sub-OAS31354_sess-d0139.nii.gz	V1	1	1.6647402	1
PT030_OpenNeuro_ds002422_sub-25.nii.gz	V1	1	1.6648443	1
PT030_OpenNeuro_ds000214_sub-26.nii.gz	V1	1	1.6648471	1
PT030_OpenNeuro_ds001743_sub-08.nii.gz	V1	1	1.6648495	1
sub-161153388655.nii.gz	V1	1	1.664869	1
PT030_OpenNeuro_ds005123_sub-084.nii.gz	V1	1	1.6648734	1
sub-CC321504.nii.gz	V1	1	1.6648965	1
sub-948196399366.nii.gz	V1	1	1.6649053	1
PT030_OpenNeuro_ds002345_sub-315.nii.gz	V1	1	1.6649138	1
sub-768859606674.nii.gz	V1	1	1.6649463	1
sub-153_ses-wave1.nii.gz	V1	1	1.6649617	1
sub-699269720091.nii.gz	V1	1	1.6649792	1
PT030_OpenNeuro_ds001486_sub-127.nii.gz	V1	1	1.6649836	1
sub-346_ses-wave2.nii.gz	V1	1	1.6649927	1
sub-OAS31199_sess-d0111.nii.gz	V1	1	1.6649979	1
sub-213494831059.nii.gz	V1	1	1.6650152	1
sub-277355678129.nii.gz	V1	1	1.6650276	1
sub-653961973252.nii.gz	V1	1	1.6650281	1
PT030_OpenNeuro_ds001486_sub-029.nii.gz	V1	1	1.6650307	1
sub-660910676815.nii.gz	V1	1	1.6650597	1
sub-334231800739.nii.gz	V1	1	1.6650776	1
PT030_OpenNeuro_ds003653_sub-11.nii.gz	V1	1	1.6650779	1
sub-OAS31373_sess-d0133.nii.gz	V1	1	1.6650816	1
sub-CC710518.nii.gz	V1	1	1.6651075	1
036_S_6316_I1211451.nii.gz	V1	1	1.6651132	1
AOMIC-PIOP2_sub-0002_T1w.nii.gz	V1	1	1.6651416	1
sub-2093_ses-wave3.nii.gz	V1	1	1.6651843	1
PT030_OpenNeuro_ds004711_sub-165.nii.gz	V1	1	1.6651844	1
sub-449832735656.nii.gz	V1	1	1.6652133	1
sub-932928363014.nii.gz	V1	1	1.6652478	1
sub-2893_ses-wave2.nii.gz	V1	1	1.6652722	1
sub-686364035801.nii.gz	V1	1	1.6652892	1
sub-255136963981.nii.gz	V1	1	1.6653047	1
sub-639544814415.nii.gz	V1	1	1.6653506	1
PT030_OpenNeuro_ds001525_sub-06.nii.gz	V1	1	1.6653581	1
PT030_OpenNeuro_ds001486_sub-034.nii.gz	V1	1	1.6653767	1
sub-922949023576.nii.gz	V1	1	1.6653994	1
sub-4196_ses-wave2.nii.gz	V1	1	1.6654041	1
AOMIC-PIOP2_sub-0022_T1w.nii.gz	V1	1	1.6654046	1
AOMIC-PIOP2_sub-0226_T1w.nii.gz	V1	1	1.6654156	1
AOMIC-PIOP2_sub-0204_T1w.nii.gz	V1	1	1.6654217	1
AOMIC-PIOP2_sub-0155_T1w.nii.gz	V1	1	1.6654491	1
sub-OAS31278_sess-d0146.nii.gz	V1	1	1.6654896	1
PT030_OpenNeuro_ds004466_sub-074.nii.gz	V1	1	1.6655104	1
sub-836_ses-wave1.nii.gz	V1	1	1.6655321	1
sub-862294090540.nii.gz	V1	1	1.6655337	1
036_S_6316_I991861.nii.gz	V1	1	1.6655346	1
sub-772425037982.nii.gz	V1	1	1.6655815	1
sub-517104081867.nii.gz	V1	1	1.6656005	1
PT030_OpenNeuro_ds001486_sub-012.nii.gz	V1	1	1.6656048	1
sub-2852_ses-wave1.nii.gz	V1	1	1.6656336	1
sub-675221521310.nii.gz	V1	1	1.6656424	1
sub-500210727969.nii.gz	V1	1	1.6656475	1
JUK_sub-101.nii.gz	V1	1	1.6657001	1
AOMIC-PIOP2_sub-0108_T1w.nii.gz	V1	1	1.6657146	1
sub-OAS31318_sess-d0155.nii.gz	V1	1	1.6657389	1
PT030_OpenNeuro_ds004604_sub-42.nii.gz	V1	1	1.6657718	1
sub-595_ses-wave2.nii.gz	V1	1	1.665808	1
sub-465_ses-wave1.nii.gz	V1	1	1.665811	1
sub-972635191339.nii.gz	V1	1	1.6658816	1
PT030_OpenNeuro_ds000236_sub-11.nii.gz	V1	1	1.6658826	1
PT030_OpenNeuro_ds003487_sub-09.nii.gz	V1	1	1.6659194	1
PT030_OpenNeuro_ds003416_sub-33.nii.gz	V1	1	1.6659404	1
AOMIC-PIOP2_sub-0030_T1w.nii.gz	V1	1	1.6659445	1
PT030_OpenNeuro_ds003745_sub-37.nii.gz	V1	1	1.6659592	1
sub-822667153127.nii.gz	V1	1	1.6659709	1
PT030_OpenNeuro_ds001486_sub-051.nii.gz	V1	1	1.665974	1
PT030_OpenNeuro_ds001894_sub-013.nii.gz	V1	1	1.6659831	1
sub-4265_ses-wave2.nii.gz	V1	1	1.6659884	1
sub-100053248969.nii.gz	V1	1	1.6659905	1
CP0249.nii.gz	V1	1	1.6660349	1
CP0136.nii.gz	V1	1	1.6660603	1
CP0079.nii.gz	V1	1	1.6660942	1
PT030_OpenNeuro_ds003872_sub-53.nii.gz	V1	1	1.6661013	1
CP0089.nii.gz	V1	1	1.6661452	1
sub-538129865393.nii.gz	V1	1	1.6661496	1
sub-884084203320.nii.gz	V1	1	1.6661689	1
sub-924511741709.nii.gz	V1	1	1.6661879	1
sub-478087455492.nii.gz	V1	1	1.6662539	1
sub-CC620526.nii.gz	V1	1	1.6662875	1
AOMIC-PIOP2_sub-0126_T1w.nii.gz	V1	1	1.6662976	1
sub-263257042741.nii.gz	V1	1	1.6663041	1
941_S_6254_I1481726.nii.gz	V1	1	1.6663283	1
CP0091.nii.gz	V1	1	1.6663296	1
CP0219.nii.gz	V1	1	1.6663349	1
PT030_OpenNeuro_ds002732_sub-11.nii.gz	V1	1	1.6663698	1
sub-358027372224.nii.gz	V1	1	1.6663775	1
sub-4658_ses-wave1.nii.gz	V1	1	1.6663928	1
sub-OAS31273_sess-d0052.nii.gz	V1	1	1.6664622	1
PT030_OpenNeuro_ds001894_sub-170.nii.gz	V1	1	1.6664718	1
sub-CC121144.nii.gz	V1	1	1.6664749	1
PT030_OpenNeuro_ds003653_sub-52.nii.gz	V1	1	1.6664771	1
PT030_OpenNeuro_ds002366_sub-06.nii.gz	V1	1	1.666492	1
PT030_OpenNeuro_ds004285_sub-50.nii.gz	V1	1	1.6665046	1
168_S_6492_I1031685.nii.gz	V1	1	1.6665134	1
PT030_OpenNeuro_ds004230_sub-08.nii.gz	V1	1	1.666527	1
sub-208_ses-wave3.nii.gz	V1	1	1.6665758	1
PT030_OpenNeuro_ds004711_sub-097.nii.gz	V1	1	1.6665838	1
sub-679338528035.nii.gz	V1	1	1.66662	1
sub-117722182135.nii.gz	V1	1	1.66663	1
sub-322973581068.nii.gz	V1	1	1.6666385	1
sub-418198298794.nii.gz	V1	1	1.6666701	1
PT030_OpenNeuro_ds004711_sub-126.nii.gz	V1	1	1.6666827	1
PT030_OpenNeuro_ds002620_sub-15.nii.gz	V1	1	1.6666974	1
168_S_6561_I1040036.nii.gz	V1	1	1.6667039	1
PT030_OpenNeuro_ds001486_sub-061.nii.gz	V1	1	1.6667371	1
PT030_OpenNeuro_ds003416_sub-19.nii.gz	V1	1	1.6667969	1
AOMIC-PIOP2_sub-0120_T1w.nii.gz	V1	1	1.6668273	1
PT030_OpenNeuro_ds004711_sub-186.nii.gz	V1	1	1.6668761	1
PT030_OpenNeuro_ds004604_sub-08.nii.gz	V1	1	1.6668781	1
PT030_OpenNeuro_ds003653_sub-30.nii.gz	V1	1	1.6669171	1
JUK_sub-111.nii.gz	V1	1	1.6669226	1
PT030_OpenNeuro_ds003416_sub-59.nii.gz	V1	1	1.6669312	1
sub-205303482394.nii.gz	V1	1	1.6670117	1
sub-1183_ses-wave3.nii.gz	V1	1	1.6670127	1
PT001_ClevelandCCF_sub-30.nii.gz	V1	1	1.667041	1
sub-806263558975.nii.gz	V1	1	1.6670426	1
PT030_OpenNeuro_ds005525_sub-10.nii.gz	V1	1	1.6670539	1
sub-422294663965.nii.gz	V1	1	1.667072	1
006_S_6234_I1149858.nii.gz	V1	1	1.6670915	1
sub-815980899157.nii.gz	V1	1	1.6671033	1
sub-826893413413.nii.gz	V1	1	1.6671052	1
sub-141899132516.nii.gz	V1	1	1.6671181	1
sub-668766205850.nii.gz	V1	1	1.6671276	1
PT030_OpenNeuro_ds001894_sub-027.nii.gz	V1	1	1.6671426	1
sub-657704975547.nii.gz	V1	1	1.6671505	1
CP0185.nii.gz	V1	1	1.6672204	1
sub-739425554680.nii.gz	V1	1	1.6672307	1
sub-947434480702.nii.gz	V1	1	1.6672751	1
sub-936703241140.nii.gz	V1	1	1.667294	1
PT030_OpenNeuro_ds004795_sub-059.nii.gz	V1	1	1.6672951	1
PT030_OpenNeuro_ds004557_sub-35.nii.gz	V1	1	1.6673193	1
PT030_OpenNeuro_ds004285_sub-04.nii.gz	V1	1	1.6673232	1
PT030_OpenNeuro_ds002424_sub-18.nii.gz	V1	1	1.6673291	1
sub-475042891594.nii.gz	V1	1	1.6673635	1
AOMIC-PIOP2_sub-0060_T1w.nii.gz	V1	1	1.667371	1
PT030_OpenNeuro_ds004493_sub-14.nii.gz	V1	1	1.6673962	1
sub-645710982073.nii.gz	V1	1	1.6674011	1
PT030_OpenNeuro_ds001894_sub-168.nii.gz	V1	1	1.6674563	1
JUK_sub-115.nii.gz	V1	1	1.6674575	1
PT030_OpenNeuro_ds000208_sub-13.nii.gz	V1	1	1.6674703	1
sub-939910199671.nii.gz	V1	1	1.667471	1
sub-612136152096.nii.gz	V1	1	1.6674773	1
sub-891478628453.nii.gz	V1	1	1.6674778	1
sub-766890196426.nii.gz	V1	1	1.6674808	1
PT030_OpenNeuro_ds004556_sub-41.nii.gz	V1	1	1.667495	1
sub-423076478965.nii.gz	V1	1	1.6674998	1
PT030_OpenNeuro_ds001408_sub-15.nii.gz	V1	1	1.6675813	1
PT030_OpenNeuro_ds004697_sub-02.nii.gz	V1	1	1.6675851	1
sub-757409269329.nii.gz	V1	1	1.6675926	1
sub-766202082508.nii.gz	V1	1	1.6676081	1
sub-346_ses-wave1.nii.gz	V1	1	1.6676161	1
sub-554433867792.nii.gz	V1	1	1.6676517	1
PT030_OpenNeuro_ds001838_sub-08.nii.gz	V1	1	1.6676545	1
sub-486471404776.nii.gz	V1	1	1.6676589	1
sub-CC620413.nii.gz	V1	1	1.6676706	1
PT030_OpenNeuro_ds003653_sub-44.nii.gz	V1	1	1.6677041	1
sub-332224475716.nii.gz	V1	1	1.6677532	1
CP0078.nii.gz	V1	1	1.6677536	1
PT030_OpenNeuro_ds004711_sub-110.nii.gz	V1	1	1.6677744	1
sub-870653878584.nii.gz	V1	1	1.6677998	1
sub-OAS31218_sess-d0067.nii.gz	V1	1	1.667834	1
PT030_OpenNeuro_ds003499_sub-42.nii.gz	V1	1	1.6678509	1
sub-379233294160.nii.gz	V1	1	1.6678588	1
sub-162643690447.nii.gz	V1	1	1.6678603	1
PT030_OpenNeuro_ds003851_sub-11.nii.gz	V1	1	1.6678623	1
sub-773570276739.nii.gz	V1	1	1.6679163	1
PT030_OpenNeuro_ds005237_sub-080.nii.gz	V1	1	1.6679481	1
PT030_OpenNeuro_ds000214_sub-12.nii.gz	V1	1	1.6679593	1
CP0075.nii.gz	V1	1	1.6679963	1
PT030_OpenNeuro_ds005123_sub-089.nii.gz	V1	1	1.6680224	1
sub-525951106464.nii.gz	V1	1	1.6680284	1
sub-4033_ses-wave2.nii.gz	V1	1	1.6680467	1
PT032_Tao_Wu_sub-08.nii.gz	V1	1	1.6681228	1
PT030_OpenNeuro_ds001894_sub-100.nii.gz	V1	1	1.6681777	1
sub-419512319299.nii.gz	V1	1	1.6681781	1
sub-CC710088.nii.gz	V1	1	1.6681904	1
003_S_6067_I1235535.nii.gz	V1	1	1.6682577	1
sub-558960275349.nii.gz	V1	1	1.6682613	1
sub-451753737202.nii.gz	V1	1	1.6682802	1
sub-257_ses-wave1.nii.gz	V1	1	1.6683333	1
sub-645801146611.nii.gz	V1	1	1.6683569	1
PT030_OpenNeuro_ds004327_sub-38.nii.gz	V1	1	1.6683738	1
sub-331640023396.nii.gz	V1	1	1.668388	1
sub-OAS31202_sess-d0043.nii.gz	V1	1	1.6683886	1
sub-1200_ses-wave1.nii.gz	V1	1	1.6684014	1
PT030_OpenNeuro_ds003653_sub-37.nii.gz	V1	1	1.6684453	1
AOMIC-PIOP2_sub-0102_T1w.nii.gz	V1	1	1.6684488	1
PT030_OpenNeuro_ds002424_sub-22.nii.gz	V1	1	1.6684783	1
JUK_sub-114.nii.gz	V1	1	1.6684859	1
PT030_OpenNeuro_ds001486_sub-027.nii.gz	V1	1	1.6684883	1
sub-ON97252.nii.gz	V1	1	1.6684886	1
941_S_6471_I1016136.nii.gz	V1	1	1.6685084	1
sub-1183_ses-wave1.nii.gz	V1	1	1.6685276	1
CP0099.nii.gz	V1	1	1.6685437	1
PT030_OpenNeuro_ds002872_sub-16.nii.gz	V1	1	1.6685585	1
PT030_OpenNeuro_ds001928_sub-25.nii.gz	V1	1	1.6685598	1
sub-OAS30579_ses-d2400.nii.gz	V1	1	1.6685933	1
PT030_OpenNeuro_ds002422_sub-10.nii.gz	V1	1	1.6685934	1
PT032_Tao_Wu_sub-04.nii.gz	V1	1	1.6686337	1
PT030_OpenNeuro_ds005577_sub-13.nii.gz	V1	1	1.6686686	1
sub-3126_ses-wave1.nii.gz	V1	1	1.6686847	1
PT008_AdolescentBrainDevelopment_sub-09.nii.gz	V1	1	1.6686856	1
CP0088.nii.gz	V1	1	1.6687235	1
PT030_OpenNeuro_ds004711_sub-144.nii.gz	V1	1	1.6687366	1
PT030_OpenNeuro_ds000222_sub-75.nii.gz	V1	1	1.6687448	1
PT030_OpenNeuro_ds004711_sub-185.nii.gz	V1	1	1.6687815	1
sub-954625005461.nii.gz	V1	1	1.6687838	1
PT030_OpenNeuro_ds005123_sub-002.nii.gz	V1	1	1.6687924	1
sub-943_ses-wave1.nii.gz	V1	1	1.6687969	1
AOMIC-PIOP2_sub-0095_T1w.nii.gz	V1	1	1.6687975	1
PT030_OpenNeuro_ds003416_sub-53.nii.gz	V1	1	1.668807	1
PT030_OpenNeuro_ds002424_sub-61.nii.gz	V1	1	1.6688129	1
sub-CC610288.nii.gz	V1	1	1.6688207	1
CP0220.nii.gz	V1	1	1.6688839	1
sub-809667175823.nii.gz	V1	1	1.6689134	1
PT030_OpenNeuro_ds006395_sub-21.nii.gz	V1	1	1.6689147	1
sub-162_ses-wave2.nii.gz	V1	1	1.6689254	1
sub-604912735159.nii.gz	V1	1	1.6689306	1
sub-209581014407.nii.gz	V1	1	1.6689599	1
PT030_OpenNeuro_ds001894_sub-009.nii.gz	V1	1	1.6689646	1
sub-487885864728.nii.gz	V1	1	1.6690041	1
PT030_OpenNeuro_ds006472_sub-20.nii.gz	V1	1	1.6690242	1
sub-135174484625.nii.gz	V1	1	1.6690301	1
PT008_AdolescentBrainDevelopment_sub-46.nii.gz	V1	1	1.6690336	1
sub-OAS31219_sess-d0098.nii.gz	V1	1	1.6690372	1
sub-560904425980.nii.gz	V1	1	1.6690564	1
sub-178290195134.nii.gz	V1	1	1.6691132	1
PT030_OpenNeuro_ds004795_sub-142.nii.gz	V1	1	1.6691209	1
PT030_OpenNeuro_ds003831_sub-43.nii.gz	V1	1	1.6691433	1
PT030_OpenNeuro_ds001894_sub-048.nii.gz	V1	1	1.6691552	1
PT030_OpenNeuro_ds006395_sub-37.nii.gz	V1	1	1.6692568	1
sub-313783979215.nii.gz	V1	1	1.6692709	1
PT034_Wayne_sub-045.nii.gz	V1	1	1.6692737	1
PT030_OpenNeuro_ds003416_sub-30.nii.gz	V1	1	1.6692753	1
PT030_OpenNeuro_ds004711_sub-112.nii.gz	V1	1	1.6693563	1
sub-406506048364.nii.gz	V1	1	1.6693919	1
sub-840390628032.nii.gz	V1	1	1.669404	1
sub-433300337200.nii.gz	V1	1	1.6694309	1
PT030_OpenNeuro_ds003126_sub-38.nii.gz	V1	1	1.6694448	1
sub-208_ses-wave2.nii.gz	V1	1	1.6694801	1
PT030_OpenNeuro_ds001486_sub-116.nii.gz	V1	1	1.6694943	1
sub-737846253072.nii.gz	V1	1	1.6695094	1
sub-462074510675.nii.gz	V1	1	1.6695132	1
sub-407652242836.nii.gz	V1	1	1.6695313	1
PT030_OpenNeuro_ds002424_sub-65.nii.gz	V1	1	1.6695384	1
PT030_OpenNeuro_ds000008_sub-04.nii.gz	V1	1	1.669543	1
PT036_Yale_HighRes_sub-027.nii.gz	V1	1	1.6695467	1
PT034_Wayne_sub-112.nii.gz	V1	1	1.6695608	1
sub-1316_ses-wave1.nii.gz	V1	1	1.6695787	1
PT030_OpenNeuro_ds000245_sub-01.nii.gz	V1	1	1.6696068	1
PT008_AdolescentBrainDevelopment_sub-20.nii.gz	V1	1	1.6696103	1
PT030_OpenNeuro_ds003499_sub-59.nii.gz	V1	1	1.6696626	1
sub-754454498342.nii.gz	V1	1	1.669722	1
sub-129570721454.nii.gz	V1	1	1.6697371	1
PT030_OpenNeuro_ds000256_sub-23.nii.gz	V1	1	1.6697781	1
sub-CC420402.nii.gz	V1	1	1.6697865	1
sub-1402_ses-wave1.nii.gz	V1	1	1.6697867	1
CP0001.nii.gz	V1	1	1.6697941	1
sub-1146_ses-wave3.nii.gz	V1	1	1.6698132	1
AOMIC-PIOP2_sub-0089_T1w.nii.gz	V1	1	1.66982	1
PT030_OpenNeuro_ds002366_sub-01.nii.gz	V1	1	1.6698387	1
sub-680_ses-wave3.nii.gz	V1	1	1.6698482	1
sub-707875583398.nii.gz	V1	1	1.6698849	1
PT030_OpenNeuro_ds003745_sub-33.nii.gz	V1	1	1.6699071	1
PT030_OpenNeuro_ds002158_sub-06.nii.gz	V1	1	1.6699207	1
PT030_OpenNeuro_ds003499_sub-78.nii.gz	V1	1	1.6699215	1
035_S_6551_I1219059.nii.gz	V1	1	1.6699431	1
sub-695333487294.nii.gz	V1	1	1.6699746	1
sub-2095_ses-wave1.nii.gz	V1	1	1.6699867	1
PT030_OpenNeuro_ds004094_sub-20.nii.gz	V1	1	1.6699976	1
sub-230496424118.nii.gz	V1	1	1.6700375	1
sub-218748441358.nii.gz	V1	1	1.6700451	1
sub-495_ses-wave1.nii.gz	V1	1	1.6700659	1
CP0060.nii.gz	V1	1	1.6700903	1
JUK_sub-74.nii.gz	V1	1	1.6700925	1
PT030_OpenNeuro_ds004711_sub-182.nii.gz	V1	1	1.6701245	1
PT030_OpenNeuro_ds000117_sub-01.nii.gz	V1	1	1.6701424	1
sub-339463534591.nii.gz	V1	1	1.6701818	1
PT030_OpenNeuro_ds005126_sub-21.nii.gz	V1	1	1.6702118	1
sub-917758363758.nii.gz	V1	1	1.6702138	1
PT030_OpenNeuro_ds005123_sub-061.nii.gz	V1	1	1.6702311	1
PT030_OpenNeuro_ds004711_sub-086.nii.gz	V1	1	1.6702772	1
sub-4660_ses-wave1.nii.gz	V1	1	1.6703117	1
sub-463459305778.nii.gz	V1	1	1.6703161	1
PT030_OpenNeuro_ds005613_sub-005.nii.gz	V1	1	1.6703513	1
sub-918881052509.nii.gz	V1	1	1.6703919	1
sub-4876_ses-wave3.nii.gz	V1	1	1.6704057	1
sub-774322633508.nii.gz	V1	1	1.6704137	1
sub-3163_ses-wave2.nii.gz	V1	1	1.6704328	1
sub-584558848521.nii.gz	V1	1	1.6704332	1
sub-467659061528.nii.gz	V1	1	1.6704336	1
sub-OAS31283_sess-d0344.nii.gz	V1	1	1.6704426	1
sub-2012_ses-wave3.nii.gz	V1	1	1.6704602	1
PT030_OpenNeuro_ds004042_sub-08.nii.gz	V1	1	1.670501	1
RRIB_sub-038.nii.gz	V1	1	1.6705081	1
sub-805806601715.nii.gz	V1	1	1.6706015	1
sub-463116996817.nii.gz	V1	1	1.6706034	1
sub-CC620429.nii.gz	V1	1	1.6706121	1
AOMIC-PIOP2_sub-0098_T1w.nii.gz	V1	1	1.67062	1
AOMIC-PIOP2_sub-0055_T1w.nii.gz	V1	1	1.6706378	1
sub-291670704840.nii.gz	V1	1	1.6706465	1
sub-3567_ses-wave1.nii.gz	V1	1	1.6706791	1
sub-567011290205.nii.gz	V1	1	1.6706854	1
sub-743158410629.nii.gz	V1	1	1.6706957	1
PT030_OpenNeuro_ds004697_sub-17.nii.gz	V1	1	1.6707369	1
sub-OAS31470_sess-d0007.nii.gz	V1	1	1.6707503	1
PT030_OpenNeuro_ds004795_sub-055.nii.gz	V1	1	1.6707596	1
sub-318994317964.nii.gz	V1	1	1.6707789	1
305_S_6157_I1293292.nii.gz	V1	1	1.6708179	1
PT030_OpenNeuro_ds001894_sub-059.nii.gz	V1	1	1.6708578	1
CP0116.nii.gz	V1	1	1.6708717	1
sub-CC620121.nii.gz	V1	1	1.6709027	1
sub-451093590992.nii.gz	V1	1	1.6709099	1
PT030_OpenNeuro_ds004697_sub-13.nii.gz	V1	1	1.670914	1
PT030_OpenNeuro_ds001928_sub-24.nii.gz	V1	1	1.670952	1
PT030_OpenNeuro_ds003653_sub-83.nii.gz	V1	1	1.6709715	1
PT030_OpenNeuro_ds004711_sub-158.nii.gz	V1	1	1.6709753	1
sub-4265_ses-wave1.nii.gz	V1	1	1.6709989	1
PT030_OpenNeuro_ds005571_sub-05.nii.gz	V1	1	1.6710083	1
sub-477274544676.nii.gz	V1	1	1.671027	1
sub-CC610146.nii.gz	V1	1	1.6710637	1
PT030_OpenNeuro_ds003416_sub-51.nii.gz	V1	1	1.6710657	1
AOMIC-PIOP2_sub-0029_T1w.nii.gz	V1	1	1.6711065	1
AOMIC-PIOP2_sub-0086_T1w.nii.gz	V1	1	1.671124	1
PT002_Nigerian_Clinical_sub-62.nii.gz	V1	1	1.6711259	1
sub-CC520279.nii.gz	V1	1	1.6711961	1
PT030_OpenNeuro_ds004285_sub-07.nii.gz	V1	1	1.6712036	1
sub-593263781968.nii.gz	V1	1	1.671251	1
PT030_OpenNeuro_ds004795_sub-079.nii.gz	V1	1	1.6712687	1
PT030_OpenNeuro_ds005126_sub-07.nii.gz	V1	1	1.6713164	1
sub-721958964837.nii.gz	V1	1	1.6713232	1
sub-721147018160.nii.gz	V1	1	1.6713705	1
sub-521247586391.nii.gz	V1	1	1.6714092	1
PT030_OpenNeuro_ds003499_sub-27.nii.gz	V1	1	1.6714158	1
sub-4169_ses-wave1.nii.gz	V1	1	1.6714334	1
sub-723403836764.nii.gz	V1	1	1.6714566	1
sub-671682598086.nii.gz	V1	1	1.6714673	1
sub-438282986473.nii.gz	V1	1	1.6714784	1
PT030_OpenNeuro_ds002727_sub-07.nii.gz	V1	1	1.6715714	1
sub-324821590774.nii.gz	V1	1	1.6715804	1
sub-158_ses-wave3.nii.gz	V1	1	1.6716142	1
PT030_OpenNeuro_ds002345_sub-007.nii.gz	V1	1	1.6716557	1
PT030_OpenNeuro_ds003416_sub-57.nii.gz	V1	1	1.6716994	1
PT030_OpenNeuro_ds004134_sub-04.nii.gz	V1	1	1.6717271	1
PT030_OpenNeuro_ds004711_sub-036.nii.gz	V1	1	1.6717597	1
sub-574114738756.nii.gz	V1	1	1.6717615	1
PT030_OpenNeuro_ds001838_sub-38.nii.gz	V1	1	1.6718167	1
PT030_OpenNeuro_ds002647_sub-65.nii.gz	V1	1	1.6718315	1
PT030_OpenNeuro_ds006395_sub-09.nii.gz	V1	1	1.6718531	1
sub-831004498487.nii.gz	V1	1	1.6718534	1
PT030_OpenNeuro_ds003469_sub-34.nii.gz	V1	1	1.6718614	1
CP0068.nii.gz	V1	1	1.6718751	1
CP0178.nii.gz	V1	1	1.6718775	1
PT030_OpenNeuro_ds002814_sub-14.nii.gz	V1	1	1.6718917	1
sub-1159_ses-wave1.nii.gz	V1	1	1.6719102	1
PT030_OpenNeuro_ds001894_sub-049.nii.gz	V1	1	1.6719533	1
AOMIC-PIOP2_sub-0024_T1w.nii.gz	V1	1	1.671968	1
AOMIC-PIOP2_sub-0045_T1w.nii.gz	V1	1	1.6719751	1
CP0107.nii.gz	V1	1	1.6720876	1
PT034_Wayne_sub-012.nii.gz	V1	1	1.6720968	1
sub-1993_ses-wave1.nii.gz	V1	1	1.6721439	1
sub-831623495535.nii.gz	V1	1	1.6722049	1
sub-768568343560.nii.gz	V1	1	1.67221	1
PT030_OpenNeuro_ds004285_sub-63.nii.gz	V1	1	1.672229	1
PT030_OpenNeuro_ds005684_sub-34.nii.gz	V1	1	1.6722316	1
sub-678201926706.nii.gz	V1	1	1.6722349	1
sub-341_ses-wave1.nii.gz	V1	1	1.6722426	1
sub-619472236320.nii.gz	V1	1	1.6722456	1
PT012_CHBMP_sub-052.nii.gz	V1	1	1.6722535	1
PT030_OpenNeuro_ds005123_sub-113.nii.gz	V1	1	1.6722611	1
sub-187262052137.nii.gz	V1	1	1.6722996	1
PT030_OpenNeuro_ds005498_sub-001.nii.gz	V1	1	1.6723034	1
sub-806757429701.nii.gz	V1	1	1.6723154	1
PT001_ClevelandCCF_sub-24.nii.gz	V1	1	1.6723591	1
sub-CC620560.nii.gz	V1	1	1.6724173	1
AOMIC-PIOP2_sub-0058_T1w.nii.gz	V1	1	1.6724455	1
sub-947530831842.nii.gz	V1	1	1.6724463	1
sub-399087126702.nii.gz	V1	1	1.672455	1
sub-326_ses-wave2.nii.gz	V1	1	1.6724558	1
PT030_OpenNeuro_ds003550_sub-05.nii.gz	V1	1	1.6724617	1
sub-251693910372.nii.gz	V1	1	1.6724724	1
PT030_OpenNeuro_ds006395_sub-13.nii.gz	V1	1	1.6724795	1
PT030_OpenNeuro_ds005123_sub-095.nii.gz	V1	1	1.6725013	1
PT030_OpenNeuro_ds000222_sub-05.nii.gz	V1	1	1.6725527	1
sub-812214146764.nii.gz	V1	1	1.6725641	1
sub-908737113272.nii.gz	V1	1	1.6725748	1
sub-467642644644.nii.gz	V1	1	1.6725788	1
sub-4868_ses-wave1.nii.gz	V1	1	1.6726183	1
PT030_OpenNeuro_ds001894_sub-134.nii.gz	V1	1	1.6726559	1
AOMIC-PIOP2_sub-0152_T1w.nii.gz	V1	1	1.6726651	1
PT030_OpenNeuro_ds000247_sub-02.nii.gz	V1	1	1.6726725	1
sub-OAS31327_sess-d0062.nii.gz	V1	1	1.6726815	1
PT030_OpenNeuro_ds002843_sub-131.nii.gz	V1	1	1.6726847	1
PT030_OpenNeuro_ds002419_sub-15.nii.gz	V1	1	1.6726851	1
PT030_OpenNeuro_ds002748_sub-61.nii.gz	V1	1	1.6726953	1
sub-CC520562.nii.gz	V1	1	1.6728148	1
PT030_OpenNeuro_ds005123_sub-031.nii.gz	V1	1	1.6728325	1
sub-CC620152.nii.gz	V1	1	1.6728785	1
sub-612992669944.nii.gz	V1	1	1.6728944	1
PT033_WAND_sub-071.nii.gz	V1	1	1.6728961	1
PT030_OpenNeuro_ds000222_sub-77.nii.gz	V1	1	1.6728996	1
sub-1200_ses-wave2.nii.gz	V1	1	1.6729174	1
sub-934122562621.nii.gz	V1	1	1.6729637	1
PT030_OpenNeuro_ds003416_sub-31.nii.gz	V1	1	1.672984	1
sub-338692904547.nii.gz	V1	1	1.6729963	1
sub-447055124363.nii.gz	V1	1	1.6730058	1
PT030_OpenNeuro_ds001545_sub-11.nii.gz	V1	1	1.6730103	1
sub-880008603159.nii.gz	V1	1	1.6730957	1
sub-213_ses-wave2.nii.gz	V1	1	1.6730971	1
sub-759665017215.nii.gz	V1	1	1.6730984	1
sub-602114713255.nii.gz	V1	1	1.673101	1
PT030_OpenNeuro_ds004604_sub-09.nii.gz	V1	1	1.6731067	1
sub-300521812714.nii.gz	V1	1	1.6731135	1
sub-4033_ses-wave1.nii.gz	V1	1	1.6731153	1
PT030_OpenNeuro_ds002424_sub-16.nii.gz	V1	1	1.673132	1
PT030_OpenNeuro_ds004711_sub-140.nii.gz	V1	1	1.6731442	1
AOMIC-PIOP2_sub-0144_T1w.nii.gz	V1	1	1.6731888	1
sub-141493491338.nii.gz	V1	1	1.6731937	1
PT030_OpenNeuro_ds003499_sub-81.nii.gz	V1	1	1.6732131	1
sub-225907205512.nii.gz	V1	1	1.6732283	1
PT030_OpenNeuro_ds002422_sub-23.nii.gz	V1	1	1.6732968	1
PT030_OpenNeuro_ds004173_sub-012.nii.gz	V1	1	1.6732987	1
PT030_OpenNeuro_ds003499_sub-35.nii.gz	V1	1	1.6733003	1
PT030_OpenNeuro_ds001838_sub-16.nii.gz	V1	1	1.673354	1
PT030_OpenNeuro_ds001894_sub-074.nii.gz	V1	1	1.6733716	1
sub-544177506947.nii.gz	V1	1	1.6734325	1
sub-376134429962.nii.gz	V1	1	1.6734337	1
AOMIC-PIOP2_sub-0115_T1w.nii.gz	V1	1	1.6734352	1
PT030_OpenNeuro_ds004795_sub-008.nii.gz	V1	1	1.6734456	1
PT030_OpenNeuro_ds001894_sub-010.nii.gz	V1	1	1.6735171	1
PT030_OpenNeuro_ds003465_sub-24.nii.gz	V1	1	1.6735739	1
PT030_OpenNeuro_ds005234_sub-45.nii.gz	V1	1	1.6735976	1
sub-154103308424.nii.gz	V1	1	1.6736103	1
PT008_AdolescentBrainDevelopment_sub-23.nii.gz	V1	1	1.6736192	1
sub-349_ses-wave2.nii.gz	V1	1	1.673624	1
PT030_OpenNeuro_ds004711_sub-024.nii.gz	V1	1	1.6736499	1
sub-4288_ses-wave1.nii.gz	V1	1	1.6736677	1
sub-138_ses-wave3.nii.gz	V1	1	1.6736715	1
PT030_OpenNeuro_ds001894_sub-159.nii.gz	V1	1	1.6736993	1
sub-891053431255.nii.gz	V1	1	1.6737309	1
sub-671852511180.nii.gz	V1	1	1.6737391	1
sub-4461_ses-wave3.nii.gz	V1	1	1.6738029	1
sub-200688160174.nii.gz	V1	1	1.6738051	1
PT034_Wayne_sub-104.nii.gz	V1	1	1.6738201	1
PT033_WAND_sub-006.nii.gz	V1	1	1.6738256	1
PT030_OpenNeuro_ds002424_sub-39.nii.gz	V1	1	1.673873	1
sub-441895637368.nii.gz	V1	1	1.6738844	1
PT030_OpenNeuro_ds001894_sub-041.nii.gz	V1	1	1.6739137	1
sub-291587861176.nii.gz	V1	1	1.6739265	1
sub-822187364257.nii.gz	V1	1	1.6739297	1
sub-660847550385.nii.gz	V1	1	1.6739298	1
CP0066.nii.gz	V1	1	1.6739416	1
PT030_OpenNeuro_ds005123_sub-056.nii.gz	V1	1	1.673986	1
sub-CC620284.nii.gz	V1	1	1.6739866	1
PT030_OpenNeuro_ds003346_sub-123.nii.gz	V1	1	1.6739954	1
sub-824506674083.nii.gz	V1	1	1.6740329	1
PT030_OpenNeuro_ds000222_sub-65.nii.gz	V1	1	1.674049	1
sub-OAS31279_sess-d0020_run-02.nii.gz	V1	1	1.674084	1
sub-333770090916.nii.gz	V1	1	1.6741234	1
PT030_OpenNeuro_ds004711_sub-109.nii.gz	V1	1	1.6741352	1
PT030_OpenNeuro_ds001894_sub-035.nii.gz	V1	1	1.6741402	1
PT030_OpenNeuro_ds001226_sub-08.nii.gz	V1	1	1.674177	1
sub-861783882992.nii.gz	V1	1	1.6741832	1
sub-867872197807.nii.gz	V1	1	1.6741835	1
sub-611_ses-wave2.nii.gz	V1	1	1.6741859	1
PT030_OpenNeuro_ds003877_sub-02.nii.gz	V1	1	1.6742334	1
sub-216691637184.nii.gz	V1	1	1.6742421	1
PT030_OpenNeuro_ds003416_sub-54.nii.gz	V1	1	1.6742463	1
sub-373939546182.nii.gz	V1	1	1.6742483	1
PT030_OpenNeuro_ds001894_sub-034.nii.gz	V1	1	1.6742647	1
sub-CC610575.nii.gz	V1	1	1.6742766	1
PT030_OpenNeuro_ds002424_sub-19.nii.gz	V1	1	1.6742805	1
AOMIC-PIOP2_sub-0082_T1w.nii.gz	V1	1	1.6742811	1
sub-239489511795.nii.gz	V1	1	1.6742829	1
PT030_OpenNeuro_ds003047_sub-03.nii.gz	V1	1	1.6743	1
PT030_OpenNeuro_ds005123_sub-103.nii.gz	V1	1	1.6743228	1
PT030_OpenNeuro_ds001894_sub-055.nii.gz	V1	1	1.674331	1
CP0148.nii.gz	V1	1	1.6743538	1
sub-306285398472.nii.gz	V1	1	1.6743573	1
sub-518056224773.nii.gz	V1	1	1.6743678	1
sub-344117507142.nii.gz	V1	1	1.6743771	1
AOMIC-PIOP2_sub-0080_T1w.nii.gz	V1	1	1.6743891	1
sub-2012_ses-wave2.nii.gz	V1	1	1.6743932	1
PT030_OpenNeuro_ds001486_sub-046.nii.gz	V1	1	1.6743981	1
sub-295664409002.nii.gz	V1	1	1.6744189	1
PT030_OpenNeuro_ds003545_sub-09.nii.gz	V1	1	1.6744238	1
sub-OAS31279_sess-d0020_run-01.nii.gz	V1	1	1.6744412	1
sub-867701378046.nii.gz	V1	1	1.6744488	1
sub-494369842715.nii.gz	V1	1	1.6745265	1
PT034_Wayne_sub-105.nii.gz	V1	1	1.674536	1
sub-189_ses-wave1.nii.gz	V1	1	1.6745379	1
PT030_OpenNeuro_ds003416_sub-44.nii.gz	V1	1	1.6746006	1
sub-468109133630.nii.gz	V1	1	1.6746047	1
sub-540417431290.nii.gz	V1	1	1.674607	1
PT030_OpenNeuro_ds001894_sub-033.nii.gz	V1	1	1.6746211	1
sub-745755840633.nii.gz	V1	1	1.6746256	1
PT030_OpenNeuro_ds002748_sub-72.nii.gz	V1	1	1.6746331	1
PT030_OpenNeuro_ds004711_sub-099.nii.gz	V1	1	1.6746447	1
PT030_OpenNeuro_ds001894_sub-030.nii.gz	V1	1	1.6746912	1
PT030_OpenNeuro_ds005525_sub-07.nii.gz	V1	1	1.6747243	1
sub-164_ses-wave2.nii.gz	V1	1	1.6747401	1
sub-777893483077.nii.gz	V1	1	1.6747516	1
PT033_WAND_sub-033.nii.gz	V1	1	1.6747599	1
PT030_OpenNeuro_ds002382_sub-04.nii.gz	V1	1	1.6747835	1
sub-166839342556.nii.gz	V1	1	1.67479	1
PT030_OpenNeuro_ds002886_sub-54.nii.gz	V1	1	1.6747999	1
PT030_OpenNeuro_ds002424_sub-46.nii.gz	V1	1	1.6748137	1
sub-3999_ses-wave1.nii.gz	V1	1	1.6748414	1
sub-346578532827.nii.gz	V1	1	1.6749142	1
sub-1362_ses-wave1.nii.gz	V1	1	1.6749504	1
PT030_OpenNeuro_ds003653_sub-59.nii.gz	V1	1	1.6749606	1
PT030_OpenNeuro_ds004711_sub-177.nii.gz	V1	1	1.6749682	1
sub-817372801543.nii.gz	V1	1	1.6749911	1
PT030_OpenNeuro_ds000214_sub-36.nii.gz	V1	1	1.6749982	1
sub-944068231803.nii.gz	V1	1	1.6750014	1
PT033_WAND_sub-039.nii.gz	V1	1	1.6750079	1
PT030_OpenNeuro_ds003424_sub-12.nii.gz	V1	1	1.6750892	1
PT030_OpenNeuro_ds005684_sub-09.nii.gz	V1	1	1.6750971	1
sub-546875623860.nii.gz	V1	1	1.6751171	1
sub-626188931445.nii.gz	V1	1	1.6751177	1
PT008_AdolescentBrainDevelopment_sub-17.nii.gz	V1	1	1.6751231	1
PT030_OpenNeuro_ds004274_sub-10.nii.gz	V1	1	1.6751429	1
PT030_OpenNeuro_ds001894_sub-167.nii.gz	V1	1	1.6751641	1
sub-839924034192.nii.gz	V1	1	1.6752987	1
PT030_OpenNeuro_ds004173_sub-022.nii.gz	V1	1	1.6752998	1
PT030_OpenNeuro_ds002886_sub-17.nii.gz	V1	1	1.6753039	1
sub-524155099266.nii.gz	V1	1	1.675348	1
sub-181131376242.nii.gz	V1	1	1.6753898	1
PT030_OpenNeuro_ds003653_sub-58.nii.gz	V1	1	1.6754003	1
PT030_OpenNeuro_ds005126_sub-19.nii.gz	V1	1	1.6754426	1
PT030_OpenNeuro_ds003242_sub-37.nii.gz	V1	1	1.6754661	1
sub-209902813254.nii.gz	V1	1	1.6755252	1
PT030_OpenNeuro_ds004697_sub-05.nii.gz	V1	1	1.6755282	1
sub-123233851263.nii.gz	V1	1	1.6755356	1
sub-345317688447.nii.gz	V1	1	1.6755457	1
PT030_OpenNeuro_ds004712_sub-06.nii.gz	V1	1	1.6755683	1
sub-4461_ses-wave1.nii.gz	V1	1	1.6755824	1
PT030_OpenNeuro_ds001894_sub-031.nii.gz	V1	1	1.6755937	1
PT030_OpenNeuro_ds002620_sub-04.nii.gz	V1	1	1.6756023	1
PT030_OpenNeuro_ds003877_sub-01.nii.gz	V1	1	1.6756026	1
177_S_6335_I1327456.nii.gz	V1	1	1.675639	1
PT030_OpenNeuro_ds003416_sub-87.nii.gz	V1	1	1.6756766	1
sub-4169_ses-wave2.nii.gz	V1	1	1.6757096	1
sub-105288153937.nii.gz	V1	1	1.6757344	1
PT030_OpenNeuro_ds002711_sub-14.nii.gz	V1	1	1.6757644	1
sub-350232178893.nii.gz	V1	1	1.6757675	1
sub-975002398805.nii.gz	V1	1	1.6757838	1
sub-214490071049.nii.gz	V1	1	1.6758006	1
AOMIC-PIOP2_sub-0075_T1w.nii.gz	V1	1	1.6758049	1
PT012_CHBMP_sub-194.nii.gz	V1	1	1.6758138	1
PT030_OpenNeuro_ds002620_sub-56.nii.gz	V1	1	1.6758429	1
PT030_OpenNeuro_ds003877_sub-43.nii.gz	V1	1	1.675848	1
PT030_OpenNeuro_ds005684_sub-07.nii.gz	V1	1	1.6758524	1
sub-817_ses-wave2.nii.gz	V1	1	1.6758753	1
sub-1421_ses-wave1.nii.gz	V1	1	1.675876	1
PT030_OpenNeuro_ds004795_sub-092.nii.gz	V1	1	1.6758912	1
sub-717923170669.nii.gz	V1	1	1.675905	1
PT030_OpenNeuro_ds005479_sub-22.nii.gz	V1	1	1.675919	1
PT030_OpenNeuro_ds000011_sub-14.nii.gz	V1	1	1.6759219	1
PT030_OpenNeuro_ds004285_sub-52.nii.gz	V1	1	1.6759342	1
sub-CC222367.nii.gz	V1	1	1.6759602	1
PT030_OpenNeuro_ds001928_sub-39.nii.gz	V1	1	1.6759642	1
sub-881_ses-wave1.nii.gz	V1	1	1.6759691	1
PT030_OpenNeuro_ds003877_sub-07.nii.gz	V1	1	1.6760018	1
sub-CC510639.nii.gz	V1	1	1.6760184	1
sub-499940510825.nii.gz	V1	1	1.6760342	1
PT030_OpenNeuro_ds000222_sub-73.nii.gz	V1	1	1.6760373	1
CP0064.nii.gz	V1	1	1.6760463	1
PT030_OpenNeuro_ds004274_sub-06.nii.gz	V1	1	1.6760652	1
PT030_OpenNeuro_ds004327_sub-02.nii.gz	V1	1	1.6760675	1
CP0161.nii.gz	V1	1	1.6760801	1
PT030_OpenNeuro_ds002886_sub-48.nii.gz	V1	1	1.6760879	1
PT030_OpenNeuro_ds003346_sub-021.nii.gz	V1	1	1.6761533	1
PT030_OpenNeuro_ds001894_sub-051.nii.gz	V1	1	1.6761601	1
sub-278859613706.nii.gz	V1	1	1.676209	1
PT030_OpenNeuro_ds004711_sub-083.nii.gz	V1	1	1.6762481	1
PT030_OpenNeuro_ds001486_sub-122.nii.gz	V1	1	1.6762625	1
sub-CC510393.nii.gz	V1	1	1.6762823	1
sub-12_ses-wave3.nii.gz	V1	1	1.6762859	1
sub-691494250472.nii.gz	V1	1	1.6762959	1
sub-532_ses-wave2.nii.gz	V1	1	1.6762973	1
sub-1158_ses-wave1.nii.gz	V1	1	1.6763185	1
sub-855454171826.nii.gz	V1	1	1.6763304	1
sub-428532278166.nii.gz	V1	1	1.676347	1
sub-760566903733.nii.gz	V1	1	1.6764075	1
941_S_6044_I872975.nii.gz	V1	1	1.6764183	1
PT030_OpenNeuro_ds006395_sub-02.nii.gz	V1	1	1.6764582	1
AOMIC-PIOP2_sub-0070_T1w.nii.gz	V1	1	1.676489	1
PT030_OpenNeuro_ds000119_sub-10.nii.gz	V1	1	1.6765043	1
PT030_OpenNeuro_ds004868_sub-08.nii.gz	V1	1	1.6765044	1
PT030_OpenNeuro_ds002382_sub-10.nii.gz	V1	1	1.6765178	1
sub-758725750745.nii.gz	V1	1	1.6765432	1
168_S_6561_I1040031.nii.gz	V1	1	1.6765501	1
PT030_OpenNeuro_ds002872_sub-27.nii.gz	V1	1	1.676571	1
PT032_Tao_Wu_sub-10.nii.gz	V1	1	1.6765724	1
sub-875887270246.nii.gz	V1	1	1.6765784	1
PT030_OpenNeuro_ds005498_sub-089.nii.gz	V1	1	1.6766069	1
941_S_6058_I1209877.nii.gz	V1	1	1.6766182	1
sub-399633402331.nii.gz	V1	1	1.6766204	1
PT030_OpenNeuro_ds004173_sub-056.nii.gz	V1	1	1.676629	1
PT030_OpenNeuro_ds003872_sub-30.nii.gz	V1	1	1.6766361	1
PT030_OpenNeuro_ds001386_sub-41.nii.gz	V1	1	1.6766416	1
sub-717383994201.nii.gz	V1	1	1.6766704	1
PT030_OpenNeuro_ds003499_sub-28.nii.gz	V1	1	1.6767063	1
sub-416363571113.nii.gz	V1	1	1.6767194	1
PT030_OpenNeuro_ds004230_sub-15.nii.gz	V1	1	1.6767526	1
PT030_OpenNeuro_ds002422_sub-38.nii.gz	V1	1	1.6767529	1
AOMIC-PIOP2_sub-0061_T1w.nii.gz	V1	1	1.6767558	1
PT030_OpenNeuro_ds002886_sub-25.nii.gz	V1	1	1.6768036	1
PT030_OpenNeuro_ds001928_sub-34.nii.gz	V1	1	1.6768137	1
sub-594745664942.nii.gz	V1	1	1.6768146	1
PT030_OpenNeuro_ds002424_sub-62.nii.gz	V1	1	1.6768532	1
PT030_OpenNeuro_ds002727_sub-17.nii.gz	V1	1	1.6768595	1
sub-310778046557.nii.gz	V1	1	1.6768668	1
sub-331581518043.nii.gz	V1	1	1.6768711	1
PT030_OpenNeuro_ds003653_sub-12.nii.gz	V1	1	1.6768734	1
PT030_OpenNeuro_ds005123_sub-104.nii.gz	V1	1	1.6768879	1
PT033_WAND_sub-090.nii.gz	V1	1	1.676948	1
sub-475410408128.nii.gz	V1	1	1.6769542	1
sub-CC520239.nii.gz	V1	1	1.6769882	1
041_S_6354_I1003294.nii.gz	V1	1	1.6769897	1
PT030_OpenNeuro_ds004868_sub-05.nii.gz	V1	1	1.6770202	1
PT030_OpenNeuro_ds003469_sub-69.nii.gz	V1	1	1.6770287	1
sub-1175_ses-wave1.nii.gz	V1	1	1.6770293	1
PT030_OpenNeuro_ds001894_sub-052.nii.gz	V1	1	1.6770544	1
sub-138_ses-wave2.nii.gz	V1	1	1.677103	1
sub-1119_ses-wave3.nii.gz	V1	1	1.6771166	1
PT030_OpenNeuro_ds004604_sub-21.nii.gz	V1	1	1.6771177	1
CP0143.nii.gz	V1	1	1.6771196	1
sub-120208266498.nii.gz	V1	1	1.6771424	1
sub-608914991814.nii.gz	V1	1	1.6771436	1
PT030_OpenNeuro_ds003550_sub-24.nii.gz	V1	1	1.6771518	1
sub-639095184054.nii.gz	V1	1	1.6771564	1
PT030_OpenNeuro_ds002345_sub-149.nii.gz	V1	1	1.677193	1
sub-740850556012.nii.gz	V1	1	1.6772063	1
041_S_6801_I1227908.nii.gz	V1	1	1.6772187	1
sub-469128986440.nii.gz	V1	1	1.6772703	1
PT030_OpenNeuro_ds001486_sub-020.nii.gz	V1	1	1.6773276	1
PT030_OpenNeuro_ds005123_sub-107.nii.gz	V1	1	1.6773913	1
sub-163_ses-wave1.nii.gz	V1	1	1.677427	1
sub-1370_ses-wave1.nii.gz	V1	1	1.6774291	1
sub-545397923902.nii.gz	V1	1	1.6774311	1
sub-1759_ses-wave1.nii.gz	V1	1	1.6774418	1
sub-178209467155.nii.gz	V1	1	1.6774675	1
PT030_OpenNeuro_ds001486_sub-120.nii.gz	V1	1	1.6774923	1
sub-303933482994.nii.gz	V1	1	1.6775222	1
sub-512419690162.nii.gz	V1	1	1.6775506	1
PT030_OpenNeuro_ds002424_sub-15.nii.gz	V1	1	1.677596	1
AOMIC-PIOP2_sub-0157_T1w.nii.gz	V1	1	1.6776004	1
JUK_sub-124.nii.gz	V1	1	1.6776108	1
PT008_AdolescentBrainDevelopment_sub-25.nii.gz	V1	1	1.6776124	1
CP0169.nii.gz	V1	1	1.6776296	1
PT030_OpenNeuro_ds005234_sub-41.nii.gz	V1	1	1.6776335	1
PT030_OpenNeuro_ds002424_sub-21.nii.gz	V1	1	1.6776398	1
RRIB_sub-001.nii.gz	V1	1	1.6776422	1
PT012_CHBMP_sub-047.nii.gz	V1	1	1.6776493	1
sub-OAS31301_sess-d0085.nii.gz	V1	1	1.6776495	1
PT002_Nigerian_Clinical_sub-01.nii.gz	V1	1	1.6776499	1
sub-CC110037.nii.gz	V1	1	1.6776501	1
PT030_OpenNeuro_ds000256_sub-24.nii.gz	V1	1	1.6776603	1
PT033_WAND_sub-153.nii.gz	V1	1	1.6776937	1
PT030_OpenNeuro_ds002872_sub-18.nii.gz	V1	1	1.6777037	1
sub-970912415592.nii.gz	V1	1	1.6777129	1
003_S_6067_I1511194.nii.gz	V1	1	1.677717	1
PT012_CHBMP_sub-197.nii.gz	V1	1	1.6777439	1
PT030_OpenNeuro_ds001306_sub-13.nii.gz	V1	1	1.6777627	1
PT030_OpenNeuro_ds005684_sub-22.nii.gz	V1	1	1.6777675	1
PT030_OpenNeuro_ds005123_sub-038.nii.gz	V1	1	1.6777676	1
sub-OAS31213_sess-d0114.nii.gz	V1	1	1.6777931	1
sub-1484_ses-wave1.nii.gz	V1	1	1.6778065	1
PT030_OpenNeuro_ds004711_sub-031.nii.gz	V1	1	1.677809	1
sub-CC620314.nii.gz	V1	1	1.6778476	1
PT030_OpenNeuro_ds004837_sub-49.nii.gz	V1	1	1.6778607	1
sub-919267100021.nii.gz	V1	1	1.6778685	1
PT033_WAND_sub-076.nii.gz	V1	1	1.677907	1
sub-639_ses-wave2.nii.gz	V1	1	1.6779149	1
PT030_OpenNeuro_ds002033_sub-25.nii.gz	V1	1	1.6779298	1
AOMIC-PIOP2_sub-0143_T1w.nii.gz	V1	1	1.6779349	1
sub-977615142950.nii.gz	V1	1	1.6779562	1
AOMIC-PIOP2_sub-0172_T1w.nii.gz	V1	1	1.6779932	1
PT030_OpenNeuro_ds003550_sub-17.nii.gz	V1	1	1.6779932	1
sub-668199381050.nii.gz	V1	1	1.6780362	1
PT030_OpenNeuro_ds003424_sub-04.nii.gz	V1	1	1.6780386	1
PT030_OpenNeuro_ds004006_sub-05.nii.gz	V1	1	1.6780668	1
PT033_WAND_sub-002.nii.gz	V1	1	1.6780679	1
RRIB_sub-141.nii.gz	V1	1	1.6780748	1
sub-252692132668.nii.gz	V1	1	1.6780852	1
PT030_OpenNeuro_ds005418_sub-12.nii.gz	V1	1	1.6780918	1
sub-867697802029.nii.gz	V1	1	1.6780963	1
sub-987675138457.nii.gz	V1	1	1.6781155	1
PT030_OpenNeuro_ds005123_sub-060.nii.gz	V1	1	1.6781449	1
sub-3131_ses-wave3.nii.gz	V1	1	1.678161	1
sub-OAS31383_sess-d0148.nii.gz	V1	1	1.6781901	1
PT030_OpenNeuro_ds004711_sub-127.nii.gz	V1	1	1.6781926	1
PT030_OpenNeuro_ds001486_sub-039.nii.gz	V1	1	1.6782233	1
sub-ON99620.nii.gz	V1	1	1.6782237	1
sub-447559688249.nii.gz	V1	1	1.6782515	1
PT030_OpenNeuro_ds001894_sub-080.nii.gz	V1	1	1.6782575	1
PT030_OpenNeuro_ds004042_sub-12.nii.gz	V1	1	1.6782757	1
sub-3592_ses-wave3.nii.gz	V1	1	1.6783172	1
PT030_OpenNeuro_ds001486_sub-006.nii.gz	V1	1	1.6783185	1
sub-900914255340.nii.gz	V1	1	1.6783242	1
sub-594451160548.nii.gz	V1	1	1.6783723	1
PT030_OpenNeuro_ds000214_sub-35.nii.gz	V1	1	1.6783941	1
PT030_OpenNeuro_ds004274_sub-19.nii.gz	V1	1	1.6784307	1
sub-930665355870.nii.gz	V1	1	1.678431	1
sub-741_ses-wave3.nii.gz	V1	1	1.6784394	1
PT030_OpenNeuro_ds000222_sub-68.nii.gz	V1	1	1.6784598	1
PT002_Nigerian_Clinical_sub-82.nii.gz	V1	1	1.6784673	1
PT030_OpenNeuro_ds003416_sub-08.nii.gz	V1	1	1.678483	1
sub-537492154508.nii.gz	V1	1	1.6785022	1
PT030_OpenNeuro_ds005498_sub-099.nii.gz	V1	1	1.6785282	1
sub-710627620309.nii.gz	V1	1	1.6785301	1
sub-369829615819.nii.gz	V1	1	1.6785349	1
PT012_CHBMP_sub-201.nii.gz	V1	1	1.6785452	1
sub-631367068252.nii.gz	V1	1	1.6785456	1
PT030_OpenNeuro_ds002419_sub-11.nii.gz	V1	1	1.6786224	1
PT030_OpenNeuro_ds003346_sub-080.nii.gz	V1	1	1.678663	1
sub-252880188419.nii.gz	V1	1	1.67869	1
PT030_OpenNeuro_ds003416_sub-48.nii.gz	V1	1	1.6786947	1
sub-155222075279.nii.gz	V1	1	1.6787047	1
PT030_OpenNeuro_ds003095_sub-32.nii.gz	V1	1	1.6787083	1
PT008_AdolescentBrainDevelopment_sub-19.nii.gz	V1	1	1.6787119	1
sub-792038430709.nii.gz	V1	1	1.6787419	1
sub-863158771926.nii.gz	V1	1	1.6787723	1
PT030_OpenNeuro_ds005123_sub-001.nii.gz	V1	1	1.6787806	1
PT033_WAND_sub-095.nii.gz	V1	1	1.6787956	1
sub-762537788840.nii.gz	V1	1	1.6788024	1
sub-606047187144.nii.gz	V1	1	1.6788199	1
PT030_OpenNeuro_ds003550_sub-02.nii.gz	V1	1	1.678849	1
sub-973607125517.nii.gz	V1	1	1.6788704	1
sub-3658_ses-wave3.nii.gz	V1	1	1.6788765	1
sub-458439594866.nii.gz	V1	1	1.6788787	1
sub-353593360279.nii.gz	V1	1	1.6789126	1
sub-147022926439.nii.gz	V1	1	1.6789277	1
sub-596552068250.nii.gz	V1	1	1.6789347	1
PT030_OpenNeuro_ds001486_sub-125.nii.gz	V1	1	1.6789554	1
PT033_WAND_sub-008.nii.gz	V1	1	1.6789724	1
PT030_OpenNeuro_ds004711_sub-121.nii.gz	V1	1	1.6789925	1
PT030_OpenNeuro_ds001928_sub-35.nii.gz	V1	1	1.6789999	1
AOMIC-PIOP2_sub-0091_T1w.nii.gz	V1	1	1.6790485	1
sub-182055715585.nii.gz	V1	1	1.6790813	1
PT030_OpenNeuro_ds001894_sub-162.nii.gz	V1	1	1.6790851	1
PT008_AdolescentBrainDevelopment_sub-12.nii.gz	V1	1	1.6790857	1
PT030_OpenNeuro_ds005464_sub-15.nii.gz	V1	1	1.6791061	1
CP0113.nii.gz	V1	1	1.6791296	1
sub-171356174380.nii.gz	V1	1	1.6791583	1
sub-195203771483.nii.gz	V1	1	1.6794567	1
sub-818_ses-wave2.nii.gz	V1	1	1.6794645	1
sub-950287307481.nii.gz	V1	1	1.679467	1
sub-978_ses-wave1.nii.gz	V1	1	1.6795261	1
sub-375087699975.nii.gz	V1	1	1.679554	1
PT030_OpenNeuro_ds003469_sub-28.nii.gz	V1	1	1.6795719	1
sub-CC610071.nii.gz	V1	1	1.6795919	1
sub-1751_ses-wave2.nii.gz	V1	1	1.6796337	1
sub-676761099273.nii.gz	V1	1	1.6796591	1
RRIB_sub-111.nii.gz	V1	1	1.6796613	1
941_S_6422_I1559923.nii.gz	V1	1	1.6796824	1
sub-203114423514.nii.gz	V1	1	1.6796924	1
AOMIC-PIOP2_sub-0180_T1w.nii.gz	V1	1	1.6797234	1
sub-507316241895.nii.gz	V1	1	1.6797497	1
sub-CC620490.nii.gz	V1	1	1.6797843	1
PT030_OpenNeuro_ds003487_sub-23.nii.gz	V1	1	1.6797874	1
PT030_OpenNeuro_ds006395_sub-35.nii.gz	V1	1	1.6797943	1
sub-434978335162.nii.gz	V1	1	1.6798137	1
PT032_Tao_Wu_sub-13.nii.gz	V1	1	1.679858	1
sub-667267572569.nii.gz	V1	1	1.6798663	1
sub-286260365723.nii.gz	V1	1	1.6798774	1
sub-560825898348.nii.gz	V1	1	1.6799033	1
sub-123234343655.nii.gz	V1	1	1.6799272	1
PT030_OpenNeuro_ds004711_sub-013.nii.gz	V1	1	1.6799296	1
sub-1175_ses-wave3.nii.gz	V1	1	1.6799539	1
PT030_OpenNeuro_ds000222_sub-46.nii.gz	V1	1	1.6799685	1
PT030_OpenNeuro_ds004173_sub-106.nii.gz	V1	1	1.6799897	1
CP0173.nii.gz	V1	1	1.6800144	1
sub-521130407753.nii.gz	V1	1	1.6800159	1
sub-841_ses-wave2.nii.gz	V1	1	1.68002	1
PT030_OpenNeuro_ds002843_sub-129.nii.gz	V1	1	1.680048	1
PT030_OpenNeuro_ds004795_sub-129.nii.gz	V1	1	1.6800984	1
PT030_OpenNeuro_ds005123_sub-105.nii.gz	V1	1	1.6801037	1
CP0094.nii.gz	V1	1	1.6801062	1
PT030_OpenNeuro_ds005123_sub-007.nii.gz	V1	1	1.6801132	1
PT030_OpenNeuro_ds004466_sub-092.nii.gz	V1	1	1.6801192	1
sub-2210_ses-wave1.nii.gz	V1	1	1.6801192	1
PT030_OpenNeuro_ds004173_sub-003.nii.gz	V1	1	1.6801485	1
PT030_OpenNeuro_ds002647_sub-67.nii.gz	V1	1	1.6801646	1
PT030_OpenNeuro_ds004327_sub-35.nii.gz	V1	1	1.6801714	1
PT030_OpenNeuro_ds001796_sub-23.nii.gz	V1	1	1.6801802	1
PT030_OpenNeuro_ds004795_sub-102.nii.gz	V1	1	1.6802012	1
sub-3592_ses-wave1.nii.gz	V1	1	1.6802447	1
PT030_OpenNeuro_ds001838_sub-19.nii.gz	V1	1	1.680253	1
sub-CC510256.nii.gz	V1	1	1.6802531	1
PT030_OpenNeuro_ds006395_sub-08.nii.gz	V1	1	1.680313	1
PT030_OpenNeuro_ds004604_sub-30.nii.gz	V1	1	1.6803156	1
AOMIC-PIOP2_sub-0072_T1w.nii.gz	V1	1	1.6803156	1
PT030_OpenNeuro_ds005498_sub-030.nii.gz	V1	1	1.6803263	1
sub-504662286528.nii.gz	V1	1	1.6803421	1
PT030_OpenNeuro_ds001338_sub-20.nii.gz	V1	1	1.6803458	1
sub-766685974606.nii.gz	V1	1	1.68036	1
PT030_OpenNeuro_ds005123_sub-054.nii.gz	V1	1	1.6803774	1
PT030_OpenNeuro_ds001894_sub-056.nii.gz	V1	1	1.6803951	1
sub-474_ses-wave1.nii.gz	V1	1	1.6804059	1
PT030_OpenNeuro_ds001486_sub-028.nii.gz	V1	1	1.6804519	1
PT030_OpenNeuro_ds003136_sub-14.nii.gz	V1	1	1.6804599	1
PT030_OpenNeuro_ds003798_sub-100.nii.gz	V1	1	1.6805134	1
PT030_OpenNeuro_ds002886_sub-41.nii.gz	V1	1	1.6805178	1
sub-260346128610.nii.gz	V1	1	1.680522	1
PT030_OpenNeuro_ds004711_sub-134.nii.gz	V1	1	1.6805253	1
PT030_OpenNeuro_ds000214_sub-31.nii.gz	V1	1	1.6805356	1
PT030_OpenNeuro_ds003416_sub-20.nii.gz	V1	1	1.6805439	1
sub-794804660894.nii.gz	V1	1	1.6805967	1
sub-794734640420.nii.gz	V1	1	1.6806195	1
sub-989610403127.nii.gz	V1	1	1.6806358	1
PT030_OpenNeuro_ds001928_sub-31.nii.gz	V1	1	1.6806391	1
sub-OAS31333_sess-d0023.nii.gz	V1	1	1.6807303	1
sub-197022623926.nii.gz	V1	1	1.6807442	1
PT030_OpenNeuro_ds001796_sub-18.nii.gz	V1	1	1.6807579	1
PT030_OpenNeuro_ds001894_sub-045.nii.gz	V1	1	1.680798	1
AOMIC-PIOP2_sub-0019_T1w.nii.gz	V1	1	1.680802	1
CP0081.nii.gz	V1	1	1.6808141	1
sub-537896211156.nii.gz	V1	1	1.6808147	1
CP0086.nii.gz	V1	1	1.6808289	1
sub-789333583005.nii.gz	V1	1	1.680851	1
sub-368981431172.nii.gz	V1	1	1.6809086	1
sub-363363913061.nii.gz	V1	1	1.6809517	1
PT030_OpenNeuro_ds003465_sub-52.nii.gz	V1	1	1.6810031	1
PT030_OpenNeuro_ds005123_sub-097.nii.gz	V1	1	1.6810042	1
PT030_OpenNeuro_ds004285_sub-44.nii.gz	V1	1	1.6810161	1
PT030_OpenNeuro_ds003346_sub-096.nii.gz	V1	1	1.6810387	1
PT030_OpenNeuro_ds006472_sub-22.nii.gz	V1	1	1.6810472	1
PT030_OpenNeuro_ds002872_sub-35.nii.gz	V1	1	1.6810489	1
PT033_WAND_sub-077.nii.gz	V1	1	1.6811198	1
sub-827202849142.nii.gz	V1	1	1.6811203	1
PT030_OpenNeuro_ds002345_sub-266.nii.gz	V1	1	1.6811776	1
PT033_WAND_sub-048.nii.gz	V1	1	1.6812154	1
sub-4876_ses-wave1.nii.gz	V1	1	1.6812711	1
PT030_OpenNeuro_ds002647_sub-71.nii.gz	V1	1	1.6812732	1
sub-686436805646.nii.gz	V1	1	1.6813586	1
PT030_OpenNeuro_ds003499_sub-60.nii.gz	V1	1	1.6813759	1
sub-912008466536.nii.gz	V1	1	1.6814432	1
PT030_OpenNeuro_ds001386_sub-42.nii.gz	V1	1	1.6814497	1
PT030_OpenNeuro_ds001486_sub-031.nii.gz	V1	1	1.6814711	1
sub-CC321107.nii.gz	V1	1	1.6815082	1
sub-888082536248.nii.gz	V1	1	1.6815137	1
PT033_WAND_sub-050.nii.gz	V1	1	1.6815479	1
PT033_WAND_sub-115.nii.gz	V1	1	1.6815586	1
PT030_OpenNeuro_ds004711_sub-145.nii.gz	V1	1	1.6815755	1
PT030_OpenNeuro_ds005126_sub-22.nii.gz	V1	1	1.681578	1
PT030_OpenNeuro_ds001306_sub-06.nii.gz	V1	1	1.6815844	1
PT030_OpenNeuro_ds001486_sub-091.nii.gz	V1	1	1.6816001	1
PT030_OpenNeuro_ds001796_sub-44.nii.gz	V1	1	1.6816015	1
sub-815173026303.nii.gz	V1	1	1.6816201	1
PT030_OpenNeuro_ds004590_sub-04.nii.gz	V1	1	1.6816206	1
sub-307350205323.nii.gz	V1	1	1.681629	1
PT030_OpenNeuro_ds003424_sub-20.nii.gz	V1	1	1.6816473	1
sub-1272_ses-wave2.nii.gz	V1	1	1.6816505	1
PT030_OpenNeuro_ds006472_sub-21.nii.gz	V1	1	1.6816834	1
PT033_WAND_sub-003.nii.gz	V1	1	1.6816894	1
PT030_OpenNeuro_ds001226_sub-10.nii.gz	V1	1	1.6816906	1
sub-673092908902.nii.gz	V1	1	1.6817248	1
sub-881950556152.nii.gz	V1	1	1.6817348	1
sub-754_ses-wave2.nii.gz	V1	1	1.681763	1
PT030_OpenNeuro_ds001894_sub-163.nii.gz	V1	1	1.681782	1
sub-883_ses-wave1.nii.gz	V1	1	1.6818202	1
941_S_6058_I1476589.nii.gz	V1	1	1.6818256	1
PT030_OpenNeuro_ds004604_sub-13.nii.gz	V1	1	1.6818502	1
sub-3334_ses-wave2.nii.gz	V1	1	1.6818818	1
sub-563291815565.nii.gz	V1	1	1.6819034	1
PT030_OpenNeuro_ds002842_sub-22.nii.gz	V1	1	1.6819189	1
sub-973056160459.nii.gz	V1	1	1.6819891	1
PT030_OpenNeuro_ds005134_sub-01.nii.gz	V1	1	1.6820056	1
sub-513335424069.nii.gz	V1	1	1.6820798	1
305_S_6157_I958026.nii.gz	V1	1	1.682093	1
sub-238501970612.nii.gz	V1	1	1.6820991	1
PT030_OpenNeuro_ds002033_sub-22.nii.gz	V1	1	1.6821251	1
PT030_OpenNeuro_ds003507_sub-13.nii.gz	V1	1	1.6821315	1
sub-872499226250.nii.gz	V1	1	1.6821653	1
sub-1058_ses-wave1.nii.gz	V1	1	1.6821989	1
PT030_OpenNeuro_ds006395_sub-03.nii.gz	V1	1	1.6822193	1
sub-545465269376.nii.gz	V1	1	1.6822262	1
041_S_6801_I1373547.nii.gz	V1	1	1.6822741	1
PT030_OpenNeuro_ds000220_sub-10.nii.gz	V1	1	1.6822855	1
sub-158_ses-wave1.nii.gz	V1	1	1.6823304	1
sub-819728345558.nii.gz	V1	1	1.6823446	1
PT030_OpenNeuro_ds002236_sub-07.nii.gz	V1	1	1.6823597	1
PT030_OpenNeuro_ds003798_sub-085.nii.gz	V1	1	1.6823652	1
PT030_OpenNeuro_ds005123_sub-087.nii.gz	V1	1	1.6823968	1
sub-477777727414.nii.gz	V1	1	1.6824019	1
sub-2085_ses-wave2.nii.gz	V1	1	1.682412	1
sub-491975081522.nii.gz	V1	1	1.6824279	1
PT030_OpenNeuro_ds005464_sub-01.nii.gz	V1	1	1.6824403	1
sub-1251_ses-wave1.nii.gz	V1	1	1.6824597	1
941_S_6471_I1332450.nii.gz	V1	1	1.6825119	1
sub-695_ses-wave1.nii.gz	V1	1	1.6825609	1
PT030_OpenNeuro_ds004604_sub-41.nii.gz	V1	1	1.6825774	1
PT030_OpenNeuro_ds004697_sub-55.nii.gz	V1	1	1.6825778	1
sub-749312838847.nii.gz	V1	1	1.6826162	1
PT030_OpenNeuro_ds001894_sub-177.nii.gz	V1	1	1.6826293	1
sub-658776671303.nii.gz	V1	1	1.682631	1
PT030_OpenNeuro_ds001894_sub-148.nii.gz	V1	1	1.6826344	1
PT030_OpenNeuro_ds001734_sub-012.nii.gz	V1	1	1.6826408	1
CP0177.nii.gz	V1	1	1.6826503	1
sub-3025_ses-wave1.nii.gz	V1	1	1.6826541	1
sub-574160796443.nii.gz	V1	1	1.6826746	1
sub-183_ses-wave3.nii.gz	V1	1	1.6826799	1
sub-967803211352.nii.gz	V1	1	1.682703	1
sub-355310107861.nii.gz	V1	1	1.6827047	1
AOMIC-PIOP1_sub-0215_T1w.nii.gz	V1	1	1.6827557	1
PT030_OpenNeuro_ds005123_sub-110.nii.gz	V1	1	1.6827724	1
sub-4795_ses-wave1.nii.gz	V1	1	1.6827742	1
PT030_OpenNeuro_ds001894_sub-067.nii.gz	V1	1	1.6827784	1
sub-854410176841.nii.gz	V1	1	1.6828107	1
sub-983462516841.nii.gz	V1	1	1.682823	1
CP0096.nii.gz	V1	1	1.682834	1
sub-4788_ses-wave1.nii.gz	V1	1	1.6828383	1
PT030_OpenNeuro_ds003416_sub-49.nii.gz	V1	1	1.682858	1
PT030_OpenNeuro_ds005126_sub-09.nii.gz	V1	1	1.6828598	1
sub-604727014440.nii.gz	V1	1	1.6828665	1
PT030_OpenNeuro_ds004866_sub-05.nii.gz	V1	1	1.6828773	1
sub-702251564256.nii.gz	V1	1	1.6829245	1
sub-976127076696.nii.gz	V1	1	1.6829443	1
PT030_OpenNeuro_ds002422_sub-39.nii.gz	V1	1	1.6829444	1
PT030_OpenNeuro_ds001894_sub-004.nii.gz	V1	1	1.6829593	1
PT030_OpenNeuro_ds005884_sub-18.nii.gz	V1	1	1.682968	1
JUK_sub-121.nii.gz	V1	1	1.6829875	1
PT030_OpenNeuro_ds003877_sub-05.nii.gz	V1	1	1.6830282	1
PT030_OpenNeuro_ds000222_sub-51.nii.gz	V1	1	1.6830571	1
PT030_OpenNeuro_ds005684_sub-31.nii.gz	V1	1	1.6830759	1
PT030_OpenNeuro_ds003499_sub-77.nii.gz	V1	1	1.6830802	1
PT012_CHBMP_sub-009.nii.gz	V1	1	1.6831334	1
sub-CC610227.nii.gz	V1	1	1.6831509	1
sub-393287507182.nii.gz	V1	1	1.6831679	1
sub-CC320417.nii.gz	V1	1	1.6831813	1
PT030_OpenNeuro_ds005498_sub-025.nii.gz	V1	1	1.6832153	1
sub-CC510474.nii.gz	V1	1	1.6832193	1
sub-115014004233.nii.gz	V1	1	1.6832469	1
PT012_CHBMP_sub-027.nii.gz	V1	1	1.683263	1
PT030_OpenNeuro_ds004274_sub-09.nii.gz	V1	1	1.6833336	1
PT030_OpenNeuro_ds001486_sub-065.nii.gz	V1	1	1.6833575	1
sub-116096622843.nii.gz	V1	1	1.6833619	1
sub-564848221621.nii.gz	V1	1	1.683376	1
sub-981966417728.nii.gz	V1	1	1.6833807	1
PT030_OpenNeuro_ds002033_sub-41.nii.gz	V1	1	1.6833813	1
sub-2790_ses-wave2.nii.gz	V1	1	1.6833838	1
sub-352464986144.nii.gz	V1	1	1.6833894	1
PT030_OpenNeuro_ds003545_sub-04.nii.gz	V1	1	1.6834028	1
PT030_OpenNeuro_ds001838_sub-17.nii.gz	V1	1	1.6834095	1
PT030_OpenNeuro_ds004711_sub-107.nii.gz	V1	1	1.6834452	1
sub-934_ses-wave2.nii.gz	V1	1	1.6834753	1
PT030_OpenNeuro_ds000228_sub-122.nii.gz	V1	1	1.6834785	1
sub-465791099145.nii.gz	V1	1	1.6834934	1
sub-1123_ses-wave1.nii.gz	V1	1	1.6835026	1
sub-668415677449.nii.gz	V1	1	1.6835626	1
PT030_OpenNeuro_ds002338_sub-09.nii.gz	V1	1	1.683566	1
PT030_OpenNeuro_ds002886_sub-53.nii.gz	V1	1	1.6835938	1
AOMIC-PIOP2_sub-0094_T1w.nii.gz	V1	1	1.6835973	1
sub-334239670511.nii.gz	V1	1	1.6836284	1
PT030_OpenNeuro_ds001894_sub-156.nii.gz	V1	1	1.6836852	1
sub-869792866260.nii.gz	V1	1	1.6837112	1
sub-809063090399.nii.gz	V1	1	1.6837547	1
sub-1617_ses-wave1.nii.gz	V1	1	1.6837754	1
sub-761342473396.nii.gz	V1	1	1.6837959	1
sub-4727_ses-wave1.nii.gz	V1	1	1.6838042	1
AOMIC-PIOP2_sub-0149_T1w.nii.gz	V1	1	1.683816	1
sub-480049755463.nii.gz	V1	1	1.6838531	1
AOMIC-PIOP2_sub-0123_T1w.nii.gz	V1	1	1.6838609	1
AOMIC-PIOP2_sub-0106_T1w.nii.gz	V1	1	1.6838707	1
sub-863176311837.nii.gz	V1	1	1.6838742	1
PT030_OpenNeuro_ds000222_sub-69.nii.gz	V1	1	1.6838886	1
sub-628893530541.nii.gz	V1	1	1.6838893	1
sub-803554308913.nii.gz	V1	1	1.6838919	1
PT030_OpenNeuro_ds002382_sub-16.nii.gz	V1	1	1.6839043	1
sub-648249718476.nii.gz	V1	1	1.6839224	1
CP0072.nii.gz	V1	1	1.6839235	1
PT030_OpenNeuro_ds003745_sub-42.nii.gz	V1	1	1.6839536	1
sub-304598813829.nii.gz	V1	1	1.6839885	1
PT030_OpenNeuro_ds001894_sub-066.nii.gz	V1	1	1.6840303	1
PT033_WAND_sub-081.nii.gz	V1	1	1.6840446	1
PT030_OpenNeuro_ds002620_sub-34.nii.gz	V1	1	1.6840534	1
sub-OAS31241_sess-d0069.nii.gz	V1	1	1.6840837	1
sub-595_ses-wave3.nii.gz	V1	1	1.6840959	1
305_S_6188_I968581.nii.gz	V1	1	1.6841366	1
sub-317793059909.nii.gz	V1	1	1.6841369	1
PT030_OpenNeuro_ds002843_sub-095.nii.gz	V1	1	1.6841478	1
sub-142_ses-wave1.nii.gz	V1	1	1.6841673	1
sub-598163134103.nii.gz	V1	1	1.684168	1
sub-988922689261.nii.gz	V1	1	1.6842206	1
sub-ON98806.nii.gz	V1	1	1.6842326	1
sub-CC510354.nii.gz	V1	1	1.6842463	1
PT030_OpenNeuro_ds002886_sub-12.nii.gz	V1	1	1.6842695	1
sub-CC610671.nii.gz	V1	1	1.684309	1
AOMIC-PIOP2_sub-0156_T1w.nii.gz	V1	1	1.6843121	1
941_S_6422_I1010650.nii.gz	V1	1	1.6843162	1
sub-149907628658.nii.gz	V1	1	1.6843247	1
sub-818138400676.nii.gz	V1	1	1.6843282	1
PT030_OpenNeuro_ds003487_sub-02.nii.gz	V1	1	1.6843334	1
sub-690939385110.nii.gz	V1	1	1.6843629	1
AOMIC-PIOP2_sub-0110_T1w.nii.gz	V1	1	1.6843641	1
PT030_OpenNeuro_ds001894_sub-178.nii.gz	V1	1	1.6843647	1
PT030_OpenNeuro_ds000245_sub-12.nii.gz	V1	1	1.6843776	1
PT030_OpenNeuro_ds005123_sub-077.nii.gz	V1	1	1.6844091	1
sub-831631755294.nii.gz	V1	1	1.6844273	1
sub-788150792132.nii.gz	V1	1	1.6844283	1
sub-484948078712.nii.gz	V1	1	1.6844691	1
sub-228400394921.nii.gz	V1	1	1.6844931	1
PT030_OpenNeuro_ds003499_sub-89.nii.gz	V1	1	1.684494	1
PT030_OpenNeuro_ds002843_sub-091.nii.gz	V1	1	1.6844982	1
AOMIC-PIOP2_sub-0113_T1w.nii.gz	V1	1	1.6845078	1
PT030_OpenNeuro_ds000214_sub-25.nii.gz	V1	1	1.6845329	1
PT030_OpenNeuro_ds001894_sub-127.nii.gz	V1	1	1.6845349	1
PT030_OpenNeuro_ds004213_sub-05.nii.gz	V1	1	1.6845772	1
sub-726862226876.nii.gz	V1	1	1.6845835	1
sub-2012_ses-wave1.nii.gz	V1	1	1.6846002	1
PT030_OpenNeuro_ds005237_sub-228.nii.gz	V1	1	1.684636	1
PT030_OpenNeuro_ds002236_sub-05.nii.gz	V1	1	1.6846536	1
sub-839032642270.nii.gz	V1	1	1.6846768	1
sub-411157615297.nii.gz	V1	1	1.6846777	1
PT030_OpenNeuro_ds003346_sub-122.nii.gz	V1	1	1.6846876	1
PT030_OpenNeuro_ds004327_sub-08.nii.gz	V1	1	1.684691	1
sub-829_ses-wave1.nii.gz	V1	1	1.6846954	1
CP0029.nii.gz	V1	1	1.6846993	1
PT030_OpenNeuro_ds004697_sub-63.nii.gz	V1	1	1.6847426	1
sub-517485012755.nii.gz	V1	1	1.6847475	1
PT030_OpenNeuro_ds003469_sub-50.nii.gz	V1	1	1.6847664	1
PT030_OpenNeuro_ds002878_sub-11.nii.gz	V1	1	1.6848034	1
sub-955777977378.nii.gz	V1	1	1.6848502	1
sub-662096726150.nii.gz	V1	1	1.6848556	1
PT030_OpenNeuro_ds004711_sub-104.nii.gz	V1	1	1.6848781	1
sub-247787484871.nii.gz	V1	1	1.6849401	1
sub-334015511861.nii.gz	V1	1	1.6849824	1
AOMIC-PIOP2_sub-0161_T1w.nii.gz	V1	1	1.6849898	1
sub-953492322207.nii.gz	V1	1	1.6850028	1
PT030_OpenNeuro_ds004094_sub-28.nii.gz	V1	1	1.6850199	1
PT030_OpenNeuro_ds005237_sub-142.nii.gz	V1	1	1.6850216	1
006_S_6234_I965825.nii.gz	V1	1	1.6850713	1
sub-725931969400.nii.gz	V1	1	1.6850717	1
sub-480774190352.nii.gz	V1	1	1.6850954	1
PT030_OpenNeuro_ds002424_sub-49.nii.gz	V1	1	1.6851051	1
PT030_OpenNeuro_ds003499_sub-73.nii.gz	V1	1	1.6851203	1
PT030_OpenNeuro_ds001486_sub-030.nii.gz	V1	1	1.6851438	1
sub-945270951189.nii.gz	V1	1	1.685169	1
PT030_OpenNeuro_ds005126_sub-18.nii.gz	V1	1	1.6851759	1
PT030_OpenNeuro_ds003469_sub-27.nii.gz	V1	1	1.68519	1
PT030_OpenNeuro_ds001796_sub-17.nii.gz	V1	1	1.6851916	1
sub-610598919254.nii.gz	V1	1	1.6851923	1
PT030_OpenNeuro_ds004711_sub-095.nii.gz	V1	1	1.6852423	1
PT030_OpenNeuro_ds001894_sub-042.nii.gz	V1	1	1.6852602	1
sub-139426192767.nii.gz	V1	1	1.6852638	1
PT030_OpenNeuro_ds003872_sub-10.nii.gz	V1	1	1.685299	1
PT030_OpenNeuro_ds001894_sub-158.nii.gz	V1	1	1.6853058	1
PT030_OpenNeuro_ds002711_sub-04.nii.gz	V1	1	1.6853459	1
sub-775521066439.nii.gz	V1	1	1.6853595	1
PT030_OpenNeuro_ds003346_sub-061.nii.gz	V1	1	1.6853992	1
sub-739307848909.nii.gz	V1	1	1.6854016	1
PT030_OpenNeuro_ds002886_sub-35.nii.gz	V1	1	1.6854053	1
PT030_OpenNeuro_ds004173_sub-091.nii.gz	V1	1	1.6854155	1
AOMIC-PIOP2_sub-0068_T1w.nii.gz	V1	1	1.685442	1
sub-OAS31299_sess-d0061.nii.gz	V1	1	1.6854749	1
sub-812_ses-wave1.nii.gz	V1	1	1.6854985	1
PT033_WAND_sub-130.nii.gz	V1	1	1.6854988	1
PT030_OpenNeuro_ds003545_sub-11.nii.gz	V1	1	1.6854991	1
sub-932062304692.nii.gz	V1	1	1.6855016	1
PT030_OpenNeuro_ds003798_sub-095.nii.gz	V1	1	1.6855106	1
sub-506026946056.nii.gz	V1	1	1.685517	1
sub-CC320904.nii.gz	V1	1	1.6855638	1
PT030_OpenNeuro_ds000240_sub-60.nii.gz	V1	1	1.6855853	1
PT030_OpenNeuro_ds005123_sub-042.nii.gz	V1	1	1.6855932	1
PT030_OpenNeuro_ds001486_sub-050.nii.gz	V1	1	1.6855986	1
PT030_OpenNeuro_ds006472_sub-30.nii.gz	V1	1	1.6856035	1
sub-371655681187.nii.gz	V1	1	1.6856257	1
sub-883_ses-wave2.nii.gz	V1	1	1.6856748	1
PT030_OpenNeuro_ds001894_sub-050.nii.gz	V1	1	1.6856846	1
PT030_OpenNeuro_ds002843_sub-048.nii.gz	V1	1	1.6856867	1
PT030_OpenNeuro_ds005123_sub-040.nii.gz	V1	1	1.6857053	1
sub-697511740663.nii.gz	V1	1	1.685718	1
sub-553980195351.nii.gz	V1	1	1.6857195	1
PT030_OpenNeuro_ds004866_sub-01.nii.gz	V1	1	1.6857414	1
sub-21_ses-wave1.nii.gz	V1	1	1.6857628	1
PT030_OpenNeuro_ds006472_sub-19.nii.gz	V1	1	1.6858358	1
sub-801361893773.nii.gz	V1	1	1.6858383	1
sub-994644446441.nii.gz	V1	1	1.685845	1
sub-935317604703.nii.gz	V1	1	1.6858635	1
305_S_6313_I984775.nii.gz	V1	1	1.6858668	1
PT030_OpenNeuro_ds005498_sub-092.nii.gz	V1	1	1.6858753	1
AOMIC-PIOP2_sub-0087_T1w.nii.gz	V1	1	1.6858877	1
AOMIC-PIOP2_sub-0124_T1w.nii.gz	V1	1	1.6859256	1
sub-466_ses-wave1.nii.gz	V1	1	1.6859499	1
PT012_CHBMP_sub-170.nii.gz	V1	1	1.6859578	1
sub-810826854275.nii.gz	V1	1	1.6859624	1
sub-218946650908.nii.gz	V1	1	1.6859778	1
PT030_OpenNeuro_ds002424_sub-38.nii.gz	V1	1	1.6859925	1
PT030_OpenNeuro_ds001894_sub-020.nii.gz	V1	1	1.6860082	1
PT030_OpenNeuro_ds004466_sub-057.nii.gz	V1	1	1.6860484	1
PT030_OpenNeuro_ds001486_sub-123.nii.gz	V1	1	1.6860526	1
sub-133_ses-wave2.nii.gz	V1	1	1.6860694	1
sub-189_ses-wave3.nii.gz	V1	1	1.6860921	1
sub-705041557672.nii.gz	V1	1	1.6860956	1
PT030_OpenNeuro_ds001894_sub-043.nii.gz	V1	1	1.6861042	1
sub-456136710494.nii.gz	V1	1	1.6861073	1
sub-505298572621.nii.gz	V1	1	1.6861408	1
PT030_OpenNeuro_ds003877_sub-45.nii.gz	V1	1	1.686142	1
PT030_OpenNeuro_ds004868_sub-04.nii.gz	V1	1	1.6861436	1
PT030_OpenNeuro_ds003745_sub-36.nii.gz	V1	1	1.6861609	1
PT030_OpenNeuro_ds003499_sub-23.nii.gz	V1	1	1.6861771	1
PT030_OpenNeuro_ds004711_sub-187.nii.gz	V1	1	1.68618	1
sub-744141834517.nii.gz	V1	1	1.6861858	1
PT030_OpenNeuro_ds001894_sub-169.nii.gz	V1	1	1.6861862	1
PT030_OpenNeuro_ds004711_sub-033.nii.gz	V1	1	1.6862298	1
PT036_Yale_HighRes_sub-055.nii.gz	V1	1	1.6862618	1
PT030_OpenNeuro_ds005577_sub-57.nii.gz	V1	1	1.6862682	1
sub-890707760272.nii.gz	V1	1	1.6862756	1
PT030_OpenNeuro_ds005498_sub-090.nii.gz	V1	1	1.6863328	1
PT030_OpenNeuro_ds000222_sub-79.nii.gz	V1	1	1.6864182	1
PT030_OpenNeuro_ds003872_sub-40.nii.gz	V1	1	1.6864603	1
PT030_OpenNeuro_ds005123_sub-025.nii.gz	V1	1	1.6864877	1
941_S_6254_I1170562.nii.gz	V1	1	1.686556	1
PT030_OpenNeuro_ds003545_sub-07.nii.gz	V1	1	1.6865717	1
sub-CC510163.nii.gz	V1	1	1.6865797	1
sub-922751720998.nii.gz	V1	1	1.6866643	1
941_S_6058_I884964.nii.gz	V1	1	1.6866724	1
sub-515653574571.nii.gz	V1	1	1.6867039	1
PT030_OpenNeuro_ds006395_sub-31.nii.gz	V1	1	1.6867081	1
PT030_OpenNeuro_ds000232_sub-05.nii.gz	V1	1	1.6867498	1
AOMIC-PIOP2_sub-0084_T1w.nii.gz	V1	1	1.6867517	1
sub-2095_ses-wave3.nii.gz	V1	1	1.6867714	1
sub-170052380551.nii.gz	V1	1	1.6868012	1
PT030_OpenNeuro_ds004711_sub-054.nii.gz	V1	1	1.6868193	1
sub-CC621184.nii.gz	V1	1	1.6868342	1
sub-364544800017.nii.gz	V1	1	1.6868386	1
sub-1139_ses-wave3.nii.gz	V1	1	1.6868405	1
PT030_OpenNeuro_ds004285_sub-11.nii.gz	V1	1	1.6868875	1
sub-307641950927.nii.gz	V1	1	1.6868993	1
sub-686038561115.nii.gz	V1	1	1.6869072	1
sub-299128749353.nii.gz	V1	1	1.6869113	1
PT030_OpenNeuro_ds002872_sub-32.nii.gz	V1	1	1.6869146	1
sub-726436684201.nii.gz	V1	1	1.6869153	1
sub-680734042819.nii.gz	V1	1	1.6869222	1
sub-185688948166.nii.gz	V1	1	1.6869265	1
PT030_OpenNeuro_ds003877_sub-36.nii.gz	V1	1	1.6869544	1
PT030_OpenNeuro_ds003416_sub-28.nii.gz	V1	1	1.6869622	1
PT030_OpenNeuro_ds003416_sub-86.nii.gz	V1	1	1.6869756	1
PT030_OpenNeuro_ds000214_sub-13.nii.gz	V1	1	1.6869901	1
sub-951339198782.nii.gz	V1	1	1.6870112	1
sub-355715903249.nii.gz	V1	1	1.6870128	1
PT030_OpenNeuro_ds005418_sub-18.nii.gz	V1	1	1.6870137	1
sub-1054_ses-wave1.nii.gz	V1	1	1.6870177	1
sub-442246859578.nii.gz	V1	1	1.6870323	1
sub-133341745639.nii.gz	V1	1	1.687041	1
PT030_OpenNeuro_ds004711_sub-155.nii.gz	V1	1	1.687043	1
PT030_OpenNeuro_ds004169_sub-1193.nii.gz	V1	1	1.6870738	1
sub-3535_ses-wave1.nii.gz	V1	1	1.6870811	1
PT030_OpenNeuro_ds002886_sub-43.nii.gz	V1	1	1.6871408	1
PT030_OpenNeuro_ds001486_sub-089.nii.gz	V1	1	1.687149	1
sub-4461_ses-wave2.nii.gz	V1	1	1.6871684	1
sub-708080714867.nii.gz	V1	1	1.6871833	1
PT030_OpenNeuro_ds003653_sub-80.nii.gz	V1	1	1.6871912	1
sub-399789532034.nii.gz	V1	1	1.6871967	1
sub-933061724232.nii.gz	V1	1	1.6871978	1
PT008_AdolescentBrainDevelopment_sub-14.nii.gz	V1	1	1.687203	1
PT030_OpenNeuro_ds003877_sub-50.nii.gz	V1	1	1.6872075	1
PT036_Yale_HighRes_sub-028.nii.gz	V1	1	1.6872135	1
sub-4754_ses-wave1.nii.gz	V1	1	1.687236	1
PT030_OpenNeuro_ds001894_sub-105.nii.gz	V1	1	1.6872996	1
PT030_OpenNeuro_ds004697_sub-69.nii.gz	V1	1	1.687306	1
sub-250216400468.nii.gz	V1	1	1.687317	1
PT030_OpenNeuro_ds004597_sub-17.nii.gz	V1	1	1.6873684	1
PT030_OpenNeuro_ds004173_sub-094.nii.gz	V1	1	1.6873991	1
sub-324_ses-wave1.nii.gz	V1	1	1.6874167	1
PT030_OpenNeuro_ds003416_sub-04.nii.gz	V1	1	1.6874498	1
PT030_OpenNeuro_ds003545_sub-10.nii.gz	V1	1	1.6874561	1
PT030_OpenNeuro_ds001486_sub-047.nii.gz	V1	1	1.687461	1
PT030_OpenNeuro_ds005234_sub-05.nii.gz	V1	1	1.6874717	1
sub-978703528815.nii.gz	V1	1	1.6874967	1
PT012_CHBMP_sub-172.nii.gz	V1	1	1.6875067	1
sub-158783204186.nii.gz	V1	1	1.6875241	1
sub-1093_ses-wave1.nii.gz	V1	1	1.6875364	1
sub-703377902566.nii.gz	V1	1	1.687568	1
sub-169297286201.nii.gz	V1	1	1.6875823	1
PT030_OpenNeuro_ds002366_sub-23.nii.gz	V1	1	1.6876236	1
941_S_6254_I1333802.nii.gz	V1	1	1.6876279	1
sub-OAS31176_sess-d0097.nii.gz	V1	1	1.6876388	1
sub-492464773660.nii.gz	V1	1	1.687699	1
sub-537820593556.nii.gz	V1	1	1.6877236	1
PT030_OpenNeuro_ds002872_sub-07.nii.gz	V1	1	1.6877373	1
sub-554540369195.nii.gz	V1	1	1.6877384	1
sub-567_ses-wave1.nii.gz	V1	1	1.6877571	1
sub-3799_ses-wave1.nii.gz	V1	1	1.6877743	1
sub-680339578873.nii.gz	V1	1	1.6878209	1
sub-CC610178.nii.gz	V1	1	1.6878303	1
sub-2976_ses-wave3.nii.gz	V1	1	1.6879026	1
PT030_OpenNeuro_ds004795_sub-070.nii.gz	V1	1	1.6879432	1
PT030_OpenNeuro_ds001486_sub-118.nii.gz	V1	1	1.6879498	1
sub-866125125908.nii.gz	V1	1	1.6879511	1
sub-236_ses-wave1.nii.gz	V1	1	1.6879629	1
PT030_OpenNeuro_ds001486_sub-009.nii.gz	V1	1	1.6879967	1
PT033_WAND_sub-016.nii.gz	V1	1	1.6880089	1
PT030_OpenNeuro_ds004795_sub-025.nii.gz	V1	1	1.6880213	1
PT030_OpenNeuro_ds005123_sub-098.nii.gz	V1	1	1.6880242	1
PT030_OpenNeuro_ds003487_sub-04.nii.gz	V1	1	1.6880462	1
sub-OAS31237_sess-d0172_run-01.nii.gz	V1	1	1.6880671	1
CP0194.nii.gz	V1	1	1.6880883	1
PT030_OpenNeuro_ds002727_sub-09.nii.gz	V1	1	1.688145	1
PT002_Nigerian_Clinical_sub-20.nii.gz	V1	1	1.6881542	1
sub-2872_ses-wave3.nii.gz	V1	1	1.6881621	1
sub-150220157566.nii.gz	V1	1	1.6881725	1
PT030_OpenNeuro_ds000222_sub-44.nii.gz	V1	1	1.6881887	1
sub-OAS31326_sess-d0028.nii.gz	V1	1	1.6882005	1
PT030_OpenNeuro_ds001226_sub-07.nii.gz	V1	1	1.6882324	1
PT030_OpenNeuro_ds003346_sub-115.nii.gz	V1	1	1.6882478	1
PT030_OpenNeuro_ds001486_sub-013.nii.gz	V1	1	1.6882591	1
sub-833_ses-wave1.nii.gz	V1	1	1.6882685	1
sub-568161091231.nii.gz	V1	1	1.6882812	1
sub-933451667612.nii.gz	V1	1	1.6883044	1
CP0100.nii.gz	V1	1	1.6883093	1
sub-CC520013.nii.gz	V1	1	1.6883461	1
PT030_OpenNeuro_ds000228_sub-012.nii.gz	V1	1	1.6883665	1
sub-420880909961.nii.gz	V1	1	1.6883727	1
sub-190960900665.nii.gz	V1	1	1.6884285	1
sub-680_ses-wave1.nii.gz	V1	1	1.6884571	1
sub-980809821169.nii.gz	V1	1	1.6884673	1
sub-3131_ses-wave2.nii.gz	V1	1	1.6884704	1
PT030_OpenNeuro_ds001486_sub-008.nii.gz	V1	1	1.6884706	1
PT030_OpenNeuro_ds004837_sub-08.nii.gz	V1	1	1.6884724	1
sub-250739202322.nii.gz	V1	1	1.6885498	1
AOMIC-PIOP2_sub-0085_T1w.nii.gz	V1	1	1.6885566	1
PT030_OpenNeuro_ds001734_sub-010.nii.gz	V1	1	1.688563	1
PT030_OpenNeuro_ds004327_sub-16.nii.gz	V1	1	1.6885769	1
CP0111.nii.gz	V1	1	1.6885818	1
PT030_OpenNeuro_ds001486_sub-004.nii.gz	V1	1	1.6886207	1
sub-960606069063.nii.gz	V1	1	1.6886432	1
CP0138.nii.gz	V1	1	1.6886501	1
sub-398759391290.nii.gz	V1	1	1.6886696	1
PT030_OpenNeuro_ds001740_sub-12.nii.gz	V1	1	1.6886735	1
sub-784306896848.nii.gz	V1	1	1.6886743	1
sub-870400442875.nii.gz	V1	1	1.6886774	1
sub-272887401785.nii.gz	V1	1	1.6886929	1
sub-483733603999.nii.gz	V1	1	1.6887316	1
sub-831135278199.nii.gz	V1	1	1.6887419	1
sub-241089644624.nii.gz	V1	1	1.688817	1
PT034_Wayne_sub-082.nii.gz	V1	1	1.6888806	1
PT030_OpenNeuro_ds005256_sub-046.nii.gz	V1	1	1.6889011	1
sub-729143650901.nii.gz	V1	1	1.6889569	1
PT030_OpenNeuro_ds001486_sub-038.nii.gz	V1	1	1.6889704	1
PT030_OpenNeuro_ds001796_sub-03.nii.gz	V1	1	1.6890016	1
sub-639_ses-wave1.nii.gz	V1	1	1.689031	1
PT030_OpenNeuro_ds001894_sub-070.nii.gz	V1	1	1.6890502	1
PT030_OpenNeuro_ds005684_sub-12.nii.gz	V1	1	1.6890538	1
PT030_OpenNeuro_ds005123_sub-041.nii.gz	V1	1	1.6890644	1
sub-CC520197.nii.gz	V1	1	1.6890978	1
PT030_OpenNeuro_ds003545_sub-03.nii.gz	V1	1	1.6891057	1
sub-860968728819.nii.gz	V1	1	1.6891112	1
PT030_OpenNeuro_ds005237_sub-218.nii.gz	V1	1	1.6891218	1
sub-674509869536.nii.gz	V1	1	1.689189	1
sub-257008801803.nii.gz	V1	1	1.6892027	1
177_S_6335_I995457.nii.gz	V1	1	1.6892099	1
CP0233.nii.gz	V1	1	1.6892164	1
sub-987725617016.nii.gz	V1	1	1.6892744	1
sub-149_ses-wave3.nii.gz	V1	1	1.689291	1
PT030_OpenNeuro_ds002886_sub-42.nii.gz	V1	1	1.6892972	1
CP0090.nii.gz	V1	1	1.689307	1
sub-212082942916.nii.gz	V1	1	1.6894052	1
sub-309443085461.nii.gz	V1	1	1.6894077	1
PT030_OpenNeuro_ds005256_sub-025.nii.gz	V1	1	1.689408	1
PT030_OpenNeuro_ds001486_sub-124.nii.gz	V1	1	1.6894209	1
sub-476677130323.nii.gz	V1	1	1.6894803	1
sub-935090080624.nii.gz	V1	1	1.6895027	1
PT030_OpenNeuro_ds002814_sub-15.nii.gz	V1	1	1.689509	1
PT030_OpenNeuro_ds002422_sub-18.nii.gz	V1	1	1.689511	1
PT030_OpenNeuro_ds001796_sub-54.nii.gz	V1	1	1.6895158	1
sub-400076789412.nii.gz	V1	1	1.6895474	1
sub-848304365784.nii.gz	V1	1	1.689571	1
PT030_OpenNeuro_ds005123_sub-073.nii.gz	V1	1	1.689643	1
PT030_OpenNeuro_ds003877_sub-10.nii.gz	V1	1	1.6896473	1
PT030_OpenNeuro_ds000229_sub-13.nii.gz	V1	1	1.6896645	1
PT030_OpenNeuro_ds006395_sub-28.nii.gz	V1	1	1.6897047	1
sub-295055472914.nii.gz	V1	1	1.6897352	1
sub-61_ses-wave1.nii.gz	V1	1	1.6897508	1
sub-4841_ses-wave2.nii.gz	V1	1	1.6897757	1
sub-CC510237.nii.gz	V1	1	1.6898395	1
sub-CC510473.nii.gz	V1	1	1.6899152	1
PT030_OpenNeuro_ds002886_sub-40.nii.gz	V1	1	1.6899155	1
PT030_OpenNeuro_ds002382_sub-24.nii.gz	V1	1	1.6899492	1
PT030_OpenNeuro_ds000006_sub-07.nii.gz	V1	1	1.689969	1
sub-314809725029.nii.gz	V1	1	1.6899693	1
sub-190824700808.nii.gz	V1	1	1.6899855	1
PT034_Wayne_sub-103.nii.gz	V1	1	1.6901388	1
sub-761338201872.nii.gz	V1	1	1.6901785	1
AOMIC-PIOP2_sub-0107_T1w.nii.gz	V1	1	1.6901835	1
PT012_CHBMP_sub-065.nii.gz	V1	1	1.6902401	1
PT030_OpenNeuro_ds004597_sub-24.nii.gz	V1	1	1.6902714	1
sub-503460268168.nii.gz	V1	1	1.690313	1
PT030_OpenNeuro_ds002814_sub-20.nii.gz	V1	1	1.6903265	1
sub-143433115346.nii.gz	V1	1	1.6903423	1
sub-670965706532.nii.gz	V1	1	1.690377	1
sub-146157643378.nii.gz	V1	1	1.6903975	1
sub-435307295439.nii.gz	V1	1	1.6904038	1
sub-239458238636.nii.gz	V1	1	1.6904843	1
PT030_OpenNeuro_ds004285_sub-10.nii.gz	V1	1	1.6906179	1
PT030_OpenNeuro_ds002366_sub-04.nii.gz	V1	1	1.6906213	1
PT030_OpenNeuro_ds001486_sub-080.nii.gz	V1	1	1.690659	1
PT030_OpenNeuro_ds005123_sub-030.nii.gz	V1	1	1.6906619	1
sub-882532221616.nii.gz	V1	1	1.6906813	1
sub-602991760725.nii.gz	V1	1	1.6907234	1
CP0053.nii.gz	V1	1	1.6907729	1
PT030_OpenNeuro_ds001894_sub-086.nii.gz	V1	1	1.6907876	1
sub-310729634371.nii.gz	V1	1	1.690796	1
PT030_OpenNeuro_ds003416_sub-32.nii.gz	V1	1	1.6908195	1
PT030_OpenNeuro_ds001486_sub-099.nii.gz	V1	1	1.6908233	1
PT030_OpenNeuro_ds001894_sub-171.nii.gz	V1	1	1.6908457	1
PT030_OpenNeuro_ds005088_sub-21.nii.gz	V1	1	1.6908464	1
PT030_OpenNeuro_ds003416_sub-16.nii.gz	V1	1	1.6908755	1
sub-966603052384.nii.gz	V1	1	1.690925	1
006_S_6234_I1498987.nii.gz	V1	1	1.6909695	1
CP0112.nii.gz	V1	1	1.6910086	1
sub-1926_ses-wave1.nii.gz	V1	1	1.691029	1
AOMIC-PIOP2_sub-0163_T1w.nii.gz	V1	1	1.6910456	1
sub-CC520560.nii.gz	V1	1	1.6910576	1
PT030_OpenNeuro_ds004711_sub-092.nii.gz	V1	1	1.6910859	1
PT030_OpenNeuro_ds003416_sub-58.nii.gz	V1	1	1.6910926	1
sub-849_ses-wave3.nii.gz	V1	1	1.6911364	1
sub-964642400113.nii.gz	V1	1	1.6911768	1
sub-908407882813.nii.gz	V1	1	1.6911894	1
PT030_OpenNeuro_ds002886_sub-44.nii.gz	V1	1	1.6912367	1
PT030_OpenNeuro_ds001486_sub-002.nii.gz	V1	1	1.6912664	1
PT030_OpenNeuro_ds004604_sub-27.nii.gz	V1	1	1.6912771	1
sub-770298145539.nii.gz	V1	1	1.6912782	1
sub-405084174833.nii.gz	V1	1	1.6913161	1
PT030_OpenNeuro_ds001894_sub-024.nii.gz	V1	1	1.6913255	1
PT030_OpenNeuro_ds002382_sub-23.nii.gz	V1	1	1.6913275	1
sub-522529824503.nii.gz	V1	1	1.6913288	1
AOMIC-PIOP2_sub-0148_T1w.nii.gz	V1	1	1.6913469	1
PT030_OpenNeuro_ds001486_sub-085.nii.gz	V1	1	1.6913503	1
sub-201532394953.nii.gz	V1	1	1.6913941	1
sub-774740356265.nii.gz	V1	1	1.6914052	1
sub-4799_ses-wave1.nii.gz	V1	1	1.6914088	1
PT030_OpenNeuro_ds003416_sub-38.nii.gz	V1	1	1.6914794	1
PT030_OpenNeuro_ds003499_sub-82.nii.gz	V1	1	1.6914961	1
sub-110893004866.nii.gz	V1	1	1.6915119	1
sub-535399597427.nii.gz	V1	1	1.6915143	1
sub-187117610937.nii.gz	V1	1	1.6915462	1
sub-4769_ses-wave2.nii.gz	V1	1	1.6915792	1
PT030_OpenNeuro_ds002424_sub-60.nii.gz	V1	1	1.6916226	1
sub-1759_ses-wave2.nii.gz	V1	1	1.6916232	1
sub-408244293584.nii.gz	V1	1	1.6916293	1
sub-757266037663.nii.gz	V1	1	1.6916332	1
PT030_OpenNeuro_ds002236_sub-24.nii.gz	V1	1	1.6916497	1
PT032_Tao_Wu_sub-18.nii.gz	V1	1	1.6916752	1
PT030_OpenNeuro_ds001486_sub-054.nii.gz	V1	1	1.6916963	1
sub-3334_ses-wave1.nii.gz	V1	1	1.6917179	1
CP0226.nii.gz	V1	1	1.6917504	1
sub-949281546209.nii.gz	V1	1	1.6917744	1
sub-112173718208.nii.gz	V1	1	1.6917857	1
PT030_OpenNeuro_ds003346_sub-138.nii.gz	V1	1	1.6918116	1
PT030_OpenNeuro_ds003499_sub-21.nii.gz	V1	1	1.6918366	1
sub-CC510050.nii.gz	V1	1	1.6918597	1
sub-567138629151.nii.gz	V1	1	1.6918846	1
PT030_OpenNeuro_ds002382_sub-52.nii.gz	V1	1	1.6919171	1
sub-923022500628.nii.gz	V1	1	1.6919321	1
PT030_OpenNeuro_ds004285_sub-76.nii.gz	V1	1	1.6919355	1
sub-3660_ses-wave2.nii.gz	V1	1	1.6919562	1
PT030_OpenNeuro_ds004711_sub-077.nii.gz	V1	1	1.6919712	1
sub-967482205242.nii.gz	V1	1	1.6920235	1
PT030_OpenNeuro_ds001894_sub-026.nii.gz	V1	1	1.6920323	1
sub-461138178469.nii.gz	V1	1	1.6920415	1
PT030_OpenNeuro_ds001894_sub-084.nii.gz	V1	1	1.6920451	1
PT030_OpenNeuro_ds002936_sub-02.nii.gz	V1	1	1.6920732	1
PT033_WAND_sub-078.nii.gz	V1	1	1.6921501	1
PT030_OpenNeuro_ds004711_sub-154.nii.gz	V1	1	1.6921576	1
CP0153.nii.gz	V1	1	1.6922281	1
PT030_OpenNeuro_ds001229_sub-26.nii.gz	V1	1	1.6922629	1
sub-256357251266.nii.gz	V1	1	1.6922796	1
sub-324_ses-wave2.nii.gz	V1	1	1.692286	1
301_S_6224_I963153.nii.gz	V1	1	1.6922982	1
sub-ON98642.nii.gz	V1	1	1.6923392	1
sub-613342967102.nii.gz	V1	1	1.6923517	1
sub-1781_ses-wave1.nii.gz	V1	1	1.6923695	1
sub-327818254945.nii.gz	V1	1	1.6923745	1
sub-358153816547.nii.gz	V1	1	1.6923777	1
sub-322802501046.nii.gz	V1	1	1.6923816	1
PT030_OpenNeuro_ds004173_sub-016.nii.gz	V1	1	1.6924039	1
sub-1993_ses-wave2.nii.gz	V1	1	1.6924564	1
sub-422258226720.nii.gz	V1	1	1.692495	1
PT030_OpenNeuro_ds001928_sub-33.nii.gz	V1	1	1.6925098	1
PT030_OpenNeuro_ds005123_sub-076.nii.gz	V1	1	1.6927102	1
sub-831_ses-wave3.nii.gz	V1	1	1.6927139	1
PT030_OpenNeuro_ds004285_sub-02.nii.gz	V1	1	1.6927149	1
sub-766985344911.nii.gz	V1	1	1.6927179	1
sub-214324126120.nii.gz	V1	1	1.6927211	1
PT030_OpenNeuro_ds002647_sub-69.nii.gz	V1	1	1.6927236	1
sub-609282895955.nii.gz	V1	1	1.692758	1
sub-OAS31197_sess-d0179.nii.gz	V1	1	1.6927696	1
PT030_OpenNeuro_ds002886_sub-24.nii.gz	V1	1	1.6927797	1
PT030_OpenNeuro_ds002886_sub-29.nii.gz	V1	1	1.6928138	1
PT030_OpenNeuro_ds003798_sub-092.nii.gz	V1	1	1.6928748	1
sub-103326586557.nii.gz	V1	1	1.6928802	1
PT030_OpenNeuro_ds003469_sub-02.nii.gz	V1	1	1.6928802	1
PT030_OpenNeuro_ds003872_sub-34.nii.gz	V1	1	1.6929015	1
sub-CC110098.nii.gz	V1	1	1.6929036	1
PT030_OpenNeuro_ds003346_sub-043.nii.gz	V1	1	1.6929139	1
PT030_OpenNeuro_ds001517_sub-01.nii.gz	V1	1	1.6929253	1
sub-729337795478.nii.gz	V1	1	1.6930206	1
sub-612498412297.nii.gz	V1	1	1.6930273	1
sub-CC510043.nii.gz	V1	1	1.6930345	1
PT030_OpenNeuro_ds004795_sub-113.nii.gz	V1	1	1.6930598	1
sub-CC520122.nii.gz	V1	1	1.6930866	1
PT030_OpenNeuro_ds004711_sub-156.nii.gz	V1	1	1.6930968	1
PT030_OpenNeuro_ds001408_sub-29.nii.gz	V1	1	1.6931131	1
PT030_OpenNeuro_ds004725_sub-17.nii.gz	V1	1	1.6931182	1
PT030_OpenNeuro_ds000222_sub-36.nii.gz	V1	1	1.6931275	1
sub-497483458757.nii.gz	V1	1	1.6931338	1
sub-470658153923.nii.gz	V1	1	1.6931473	1
RRIB_sub-130.nii.gz	V1	1	1.6931578	1
sub-615195654528.nii.gz	V1	1	1.6931715	1
PT030_OpenNeuro_ds001486_sub-077.nii.gz	V1	1	1.6931853	1
PT030_OpenNeuro_ds001894_sub-150.nii.gz	V1	1	1.693192	1
sub-842437178908.nii.gz	V1	1	1.6932153	1
sub-4841_ses-wave1.nii.gz	V1	1	1.6932335	1
sub-893818760027.nii.gz	V1	1	1.6932429	1
PT030_OpenNeuro_ds001338_sub-12.nii.gz	V1	1	1.6932689	1
PT030_OpenNeuro_ds002886_sub-23.nii.gz	V1	1	1.6932853	1
sub-823117890275.nii.gz	V1	1	1.6932858	1
sub-326_ses-wave1.nii.gz	V1	1	1.6933111	1
PT030_OpenNeuro_ds004711_sub-148.nii.gz	V1	1	1.6933119	1
sub-837107069292.nii.gz	V1	1	1.6933281	1
PT030_OpenNeuro_ds005237_sub-092.nii.gz	V1	1	1.6933283	1
sub-270465992475.nii.gz	V1	1	1.6933326	1
sub-247633162971.nii.gz	V1	1	1.6933922	1
PT030_OpenNeuro_ds003877_sub-44.nii.gz	V1	1	1.6934153	1
sub-720537535235.nii.gz	V1	1	1.693425	1
PT030_OpenNeuro_ds003499_sub-55.nii.gz	V1	1	1.6934271	1
PT030_OpenNeuro_ds002424_sub-51.nii.gz	V1	1	1.693458	1
PT030_OpenNeuro_ds001486_sub-129.nii.gz	V1	1	1.6934669	1
PT030_OpenNeuro_ds004094_sub-26.nii.gz	V1	1	1.6934724	1
sub-629145693564.nii.gz	V1	1	1.6935908	1
PT033_WAND_sub-044.nii.gz	V1	1	1.693593	1
PT030_OpenNeuro_ds003404_sub-18.nii.gz	V1	1	1.6935966	1
PT030_OpenNeuro_ds003499_sub-46.nii.gz	V1	1	1.6936109	1
sub-3131_ses-wave1.nii.gz	V1	1	1.6936777	1
PT030_OpenNeuro_ds004327_sub-31.nii.gz	V1	1	1.6937397	1
sub-459709692111.nii.gz	V1	1	1.6938082	1
AOMIC-PIOP2_sub-0121_T1w.nii.gz	V1	1	1.6938133	1
PT030_OpenNeuro_ds001345_sub-03.nii.gz	V1	1	1.6938484	1
sub-918704529377.nii.gz	V1	1	1.6938635	1
sub-1476_ses-wave1.nii.gz	V1	1	1.693877	1
sub-CC520211.nii.gz	V1	1	1.693903	1
PT030_OpenNeuro_ds005577_sub-43.nii.gz	V1	1	1.6939306	1
sub-450811446575.nii.gz	V1	1	1.6939371	1
PT030_OpenNeuro_ds004711_sub-051.nii.gz	V1	1	1.6940081	1
PT030_OpenNeuro_ds000222_sub-67.nii.gz	V1	1	1.6940186	1
sub-3983_ses-wave1.nii.gz	V1	1	1.6940265	1
sub-4722_ses-wave1.nii.gz	V1	1	1.6940396	1
PT030_OpenNeuro_ds003499_sub-48.nii.gz	V1	1	1.694096	1
sub-865049849440.nii.gz	V1	1	1.6940966	1
PT030_OpenNeuro_ds003404_sub-06.nii.gz	V1	1	1.6940972	1
sub-830327544325.nii.gz	V1	1	1.6941671	1
sub-414543641992.nii.gz	V1	1	1.6941859	1
PT030_OpenNeuro_ds002424_sub-28.nii.gz	V1	1	1.6942593	1
PT030_OpenNeuro_ds005498_sub-007.nii.gz	V1	1	1.6942712	1
sub-2220_ses-wave1.nii.gz	V1	1	1.6942832	1
PT030_OpenNeuro_ds001486_sub-078.nii.gz	V1	1	1.6942965	1
PT030_OpenNeuro_ds000222_sub-76.nii.gz	V1	1	1.6943203	1
PT030_OpenNeuro_ds002843_sub-005.nii.gz	V1	1	1.6943218	1
sub-905468027051.nii.gz	V1	1	1.6943221	1
sub-803177652573.nii.gz	V1	1	1.694357	1
sub-163_ses-wave2.nii.gz	V1	1	1.6943697	1
sub-504073242885.nii.gz	V1	1	1.6943705	1
RRIB_sub-017.nii.gz	V1	1	1.6943717	1
sub-200_ses-wave3.nii.gz	V1	1	1.694388	1
PT030_OpenNeuro_ds001486_sub-084.nii.gz	V1	1	1.6944034	1
PT030_OpenNeuro_ds003346_sub-092.nii.gz	V1	1	1.6944082	1
sub-395797416625.nii.gz	V1	1	1.6944585	1
sub-737059425928.nii.gz	V1	1	1.6945523	1
sub-180525608294.nii.gz	V1	1	1.6945573	1
sub-846911830744.nii.gz	V1	1	1.694575	1
sub-818_ses-wave1.nii.gz	V1	1	1.6945771	1
PT033_WAND_sub-086.nii.gz	V1	1	1.6945918	1
sub-699308493154.nii.gz	V1	1	1.6945947	1
sub-145200850196.nii.gz	V1	1	1.6946532	1
PT030_OpenNeuro_ds003745_sub-35.nii.gz	V1	1	1.6946917	1
sub-1058_ses-wave3.nii.gz	V1	1	1.6947701	1
sub-611661070887.nii.gz	V1	1	1.6947844	1
PT034_Wayne_sub-088.nii.gz	V1	1	1.6948041	1
PT030_OpenNeuro_ds000220_sub-12.nii.gz	V1	1	1.694819	1
sub-4129_ses-wave2.nii.gz	V1	1	1.6948321	1
sub-1844_ses-wave2.nii.gz	V1	1	1.6948756	1
CP0165.nii.gz	V1	1	1.6948794	1
PT030_OpenNeuro_ds002422_sub-36.nii.gz	V1	1	1.6949122	1
sub-2893_ses-wave1.nii.gz	V1	1	1.694924	1
AOMIC-PIOP2_sub-0147_T1w.nii.gz	V1	1	1.69495	1
PT030_OpenNeuro_ds005498_sub-026.nii.gz	V1	1	1.6949717	1
PT032_Tao_Wu_sub-05.nii.gz	V1	1	1.6949899	1
sub-1267_ses-wave2.nii.gz	V1	1	1.6949916	1
PT030_OpenNeuro_ds000231_sub-07.nii.gz	V1	1	1.6950285	1
PT030_OpenNeuro_ds003505_sub-07.nii.gz	V1	1	1.6950423	1
sub-915025691063.nii.gz	V1	1	1.6950431	1
sub-CC520552.nii.gz	V1	1	1.6950463	1
sub-149787481275.nii.gz	V1	1	1.6950468	1
PT030_OpenNeuro_ds003346_sub-090.nii.gz	V1	1	1.6950792	1
PT030_OpenNeuro_ds004604_sub-44.nii.gz	V1	1	1.6950852	1
sub-709739847071.nii.gz	V1	1	1.6951033	1
sub-388025307838.nii.gz	V1	1	1.695138	1
sub-183_ses-wave1.nii.gz	V1	1	1.6951798	1
sub-CC620264.nii.gz	V1	1	1.6952063	1
PT030_OpenNeuro_ds001486_sub-064.nii.gz	V1	1	1.6952236	1
PT030_OpenNeuro_ds004711_sub-118.nii.gz	V1	1	1.6952289	1
PT030_OpenNeuro_ds003877_sub-14.nii.gz	V1	1	1.6952299	1
sub-CC520136.nii.gz	V1	1	1.6952455	1
sub-737846728914.nii.gz	V1	1	1.6953261	1
sub-395205550869.nii.gz	V1	1	1.6953671	1
PT030_OpenNeuro_ds001894_sub-085.nii.gz	V1	1	1.695392	1
sub-963133661163.nii.gz	V1	1	1.6954203	1
sub-568868269148.nii.gz	V1	1	1.6954271	1
RRIB_sub-065.nii.gz	V1	1	1.695444	1
sub-177266966580.nii.gz	V1	1	1.6954614	1
sub-803058753287.nii.gz	V1	1	1.6955426	1
sub-648515033769.nii.gz	V1	1	1.6955428	1
PT030_OpenNeuro_ds002886_sub-28.nii.gz	V1	1	1.6955528	1
sub-CC221954.nii.gz	V1	1	1.695581	1
sub-194_ses-wave1.nii.gz	V1	1	1.6955951	1
PT008_AdolescentBrainDevelopment_sub-01.nii.gz	V1	1	1.6956323	1
sub-4769_ses-wave1.nii.gz	V1	1	1.6956433	1
sub-CC520391.nii.gz	V1	1	1.695703	1
PT030_OpenNeuro_ds003499_sub-75.nii.gz	V1	1	1.6957427	1
sub-CC520390.nii.gz	V1	1	1.6957446	1
sub-380291732370.nii.gz	V1	1	1.6957536	1
sub-1615_ses-wave1.nii.gz	V1	1	1.6958117	1
sub-ON97427.nii.gz	V1	1	1.6958398	1
PT030_OpenNeuro_ds001486_sub-121.nii.gz	V1	1	1.6958455	1
PT030_OpenNeuro_ds001894_sub-081.nii.gz	V1	1	1.6958532	1
PT030_OpenNeuro_ds004711_sub-055.nii.gz	V1	1	1.6958729	1
sub-737776786402.nii.gz	V1	1	1.6958953	1
sub-4030_ses-wave1.nii.gz	V1	1	1.6959019	1
PT030_OpenNeuro_ds000222_sub-74.nii.gz	V1	1	1.6959162	1
sub-399293606571.nii.gz	V1	1	1.695918	1
sub-977535472924.nii.gz	V1	1	1.6959254	1
sub-567_ses-wave2.nii.gz	V1	1	1.6959604	1
sub-619633240608.nii.gz	V1	1	1.6960056	1
sub-531119398497.nii.gz	V1	1	1.6960281	1
sub-665_ses-wave1.nii.gz	V1	1	1.6960533	1
PT030_OpenNeuro_ds001486_sub-069.nii.gz	V1	1	1.6960764	1
sub-979395608934.nii.gz	V1	1	1.6961144	1
PT033_WAND_sub-108.nii.gz	V1	1	1.6961232	1
PT030_OpenNeuro_ds004285_sub-05.nii.gz	V1	1	1.6961459	1
PT030_OpenNeuro_ds000208_sub-01.nii.gz	V1	1	1.6961596	1
PT030_OpenNeuro_ds000236_sub-03.nii.gz	V1	1	1.6962	1
sub-929374751111.nii.gz	V1	1	1.6962221	1
sub-639397399359.nii.gz	V1	1	1.6962291	1
PT030_OpenNeuro_ds002620_sub-39.nii.gz	V1	1	1.6962433	1
sub-289461458220.nii.gz	V1	1	1.6962589	1
PT030_OpenNeuro_ds002886_sub-52.nii.gz	V1	1	1.6962752	1
PT030_OpenNeuro_ds003499_sub-79.nii.gz	V1	1	1.6962812	1
sub-208_ses-wave1.nii.gz	V1	1	1.6963276	1
PT030_OpenNeuro_ds001486_sub-104.nii.gz	V1	1	1.6963304	1
PT030_OpenNeuro_ds003872_sub-37.nii.gz	V1	1	1.6963328	1
sub-447728996369.nii.gz	V1	1	1.6963441	1
sub-133019963134.nii.gz	V1	1	1.6963776	1
PT030_OpenNeuro_ds005613_sub-004.nii.gz	V1	1	1.696422	1
PT033_WAND_sub-029.nii.gz	V1	1	1.6964629	1
PT030_OpenNeuro_ds003877_sub-57.nii.gz	V1	1	1.6965032	1
sub-796553608418.nii.gz	V1	1	1.696528	1
JUK_sub-108.nii.gz	V1	1	1.6965328	1
sub-983172589376.nii.gz	V1	1	1.6966039	1
sub-400356548320.nii.gz	V1	1	1.696622	1
PT033_WAND_sub-168.nii.gz	V1	1	1.696624	1
PT030_OpenNeuro_ds003877_sub-38.nii.gz	V1	1	1.6966474	1
sub-204882758146.nii.gz	V1	1	1.6966552	1
sub-2940_ses-wave2.nii.gz	V1	1	1.6967095	1
sub-902688287778.nii.gz	V1	1	1.696717	1
PT030_OpenNeuro_ds002424_sub-36.nii.gz	V1	1	1.6967242	1
sub-872361387502.nii.gz	V1	1	1.6967767	1
PT030_OpenNeuro_ds003499_sub-83.nii.gz	V1	1	1.6967919	1
PT030_OpenNeuro_ds004219_sub-05.nii.gz	V1	1	1.6967989	1
sub-857145788944.nii.gz	V1	1	1.69687	1
PT030_OpenNeuro_ds002647_sub-82.nii.gz	V1	1	1.6968716	1
sub-568774775013.nii.gz	V1	1	1.6968719	1
PT030_OpenNeuro_ds001894_sub-047.nii.gz	V1	1	1.6968808	1
RRIB_sub-076.nii.gz	V1	1	1.6968851	1
sub-931789686026.nii.gz	V1	1	1.6968867	1
PT030_OpenNeuro_ds004466_sub-014.nii.gz	V1	1	1.6969168	1
sub-3660_ses-wave1.nii.gz	V1	1	1.6970352	1
PT030_OpenNeuro_ds001486_sub-074.nii.gz	V1	1	1.6970427	1
PT030_OpenNeuro_ds001386_sub-37.nii.gz	V1	1	1.6970534	1
PT030_OpenNeuro_ds002424_sub-64.nii.gz	V1	1	1.697056	1
sub-CC610051.nii.gz	V1	1	1.6970617	1
PT030_OpenNeuro_ds001928_sub-30.nii.gz	V1	1	1.697062	1
sub-886345891738.nii.gz	V1	1	1.6970729	1
sub-502254701139.nii.gz	V1	1	1.6970735	1
PT030_OpenNeuro_ds000236_sub-17.nii.gz	V1	1	1.6970874	1
sub-849_ses-wave2.nii.gz	V1	1	1.6971215	1
PT030_OpenNeuro_ds003653_sub-51.nii.gz	V1	1	1.6971337	1
sub-504254596687.nii.gz	V1	1	1.6971505	1
sub-1172_ses-wave1.nii.gz	V1	1	1.6971618	1
sub-959696927213.nii.gz	V1	1	1.6971635	1
sub-327_ses-wave1.nii.gz	V1	1	1.697177	1
sub-273799460640.nii.gz	V1	1	1.6971774	1
sub-934_ses-wave3.nii.gz	V1	1	1.69718	1
sub-345321776588.nii.gz	V1	1	1.6971979	1
sub-CC420356.nii.gz	V1	1	1.6971993	1
sub-627612378300.nii.gz	V1	1	1.6972057	1
sub-805727987150.nii.gz	V1	1	1.6972309	1
PT030_OpenNeuro_ds001838_sub-42.nii.gz	V1	1	1.6972461	1
sub-CC620090.nii.gz	V1	1	1.6972557	1
sub-690309517436.nii.gz	V1	1	1.6972762	1
PT033_WAND_sub-026.nii.gz	V1	1	1.6972792	1
sub-355720694224.nii.gz	V1	1	1.697306	1
sub-1154_ses-wave1.nii.gz	V1	1	1.6973237	1
PT030_OpenNeuro_ds003499_sub-63.nii.gz	V1	1	1.6973311	1
CP0189.nii.gz	V1	1	1.6973323	1
sub-560170407866.nii.gz	V1	1	1.697342	1
PT030_OpenNeuro_ds004711_sub-090.nii.gz	V1	1	1.6973463	1
sub-998621091337.nii.gz	V1	1	1.697392	1
sub-266388330801.nii.gz	V1	1	1.6974055	1
PT030_OpenNeuro_ds001486_sub-068.nii.gz	V1	1	1.6974345	1
sub-789637210067.nii.gz	V1	1	1.6974524	1
PT030_OpenNeuro_ds004711_sub-027.nii.gz	V1	1	1.6974545	1
sub-199939483372.nii.gz	V1	1	1.6974761	1
sub-CC520480.nii.gz	V1	1	1.697485	1
sub-CC210617.nii.gz	V1	1	1.6975415	1
sub-ON99703.nii.gz	V1	1	1.6975429	1
PT030_OpenNeuro_ds001338_sub-17.nii.gz	V1	1	1.6976224	1
sub-2248_ses-wave1.nii.gz	V1	1	1.6976236	1
sub-387252211403.nii.gz	V1	1	1.6976467	1
PT030_OpenNeuro_ds003346_sub-032.nii.gz	V1	1	1.6976577	1
RRIB_sub-155.nii.gz	V1	1	1.6976975	1
sub-194_ses-wave2.nii.gz	V1	1	1.6977222	1
PT030_OpenNeuro_ds004711_sub-041.nii.gz	V1	1	1.6977241	1
sub-616981188326.nii.gz	V1	1	1.6977323	1
PT030_OpenNeuro_ds003798_sub-076.nii.gz	V1	1	1.697748	1
sub-783088729583.nii.gz	V1	1	1.6977518	1
sub-846161019971.nii.gz	V1	1	1.6977625	1
177_S_6409_I1327480.nii.gz	V1	1	1.6977745	1
PT030_OpenNeuro_ds004173_sub-049.nii.gz	V1	1	1.6978458	1
sub-4684_ses-wave1.nii.gz	V1	1	1.6978486	1
PT030_OpenNeuro_ds005256_sub-088.nii.gz	V1	1	1.6978667	1
sub-2940_ses-wave3.nii.gz	V1	1	1.6978726	1
PT030_OpenNeuro_ds000149_sub-03.nii.gz	V1	1	1.6978812	1
CP0134.nii.gz	V1	1	1.6979033	1
sub-182708506037.nii.gz	V1	1	1.6979254	1
PT030_OpenNeuro_ds002424_sub-56.nii.gz	V1	1	1.697929	1
sub-1928_ses-wave1.nii.gz	V1	1	1.6979339	1
sub-CC520585.nii.gz	V1	1	1.6979516	1
PT030_OpenNeuro_ds006395_sub-05.nii.gz	V1	1	1.697955	1
sub-CC620193.nii.gz	V1	1	1.6979996	1
PT030_OpenNeuro_ds003416_sub-61.nii.gz	V1	1	1.6980063	1
sub-OAS31250_sess-d0174_run-01.nii.gz	V1	1	1.6980412	1
sub-493471626213.nii.gz	V1	1	1.6980989	1
sub-CC510258.nii.gz	V1	1	1.6981357	1
PT030_OpenNeuro_ds005123_sub-051.nii.gz	V1	1	1.698178	1
168_S_6065_I1284408.nii.gz	V1	1	1.6982394	1
PT033_WAND_sub-099.nii.gz	V1	1	1.6982396	1
sub-CC620129.nii.gz	V1	1	1.6982619	1
sub-1031_ses-wave2.nii.gz	V1	1	1.6983212	1
PT030_OpenNeuro_ds001894_sub-023.nii.gz	V1	1	1.6983215	1
sub-183_ses-wave2.nii.gz	V1	1	1.698333	1
PT030_OpenNeuro_ds001894_sub-053.nii.gz	V1	1	1.6983622	1
sub-192_ses-wave2.nii.gz	V1	1	1.6984465	1
sub-1003_ses-wave3.nii.gz	V1	1	1.6984539	1
sub-894462285269.nii.gz	V1	1	1.6985152	1
PT030_OpenNeuro_ds004499_sub-46.nii.gz	V1	1	1.6985872	1
PT030_OpenNeuro_ds000214_sub-23.nii.gz	V1	1	1.6985984	1
sub-CC610469.nii.gz	V1	1	1.698646	1
sub-142798556047.nii.gz	V1	1	1.6986527	1
PT030_OpenNeuro_ds003499_sub-54.nii.gz	V1	1	1.6986904	1
sub-OAS31271_sess-d0119_run-01.nii.gz	V1	1	1.6986909	1
sub-450325596992.nii.gz	V1	1	1.6986967	1
177_S_6420_I1014139.nii.gz	V1	1	1.6987163	1
PT030_OpenNeuro_ds002872_sub-37.nii.gz	V1	1	1.698741	1
PT030_OpenNeuro_ds004711_sub-169.nii.gz	V1	1	1.6987909	1
sub-821952995534.nii.gz	V1	1	1.6987997	1
sub-639456355917.nii.gz	V1	1	1.6988037	1
PT030_OpenNeuro_ds002236_sub-18.nii.gz	V1	1	1.6988078	1
sub-937872457728.nii.gz	V1	1	1.6988314	1
PT030_OpenNeuro_ds003499_sub-34.nii.gz	V1	1	1.6988431	1
sub-476860143951.nii.gz	V1	1	1.6988477	1
sub-755625059611.nii.gz	V1	1	1.6988494	1
sub-325116559617.nii.gz	V1	1	1.6988711	1
sub-172456558358.nii.gz	V1	1	1.6988925	1
sub-929879633250.nii.gz	V1	1	1.6989281	1
sub-157152153605.nii.gz	V1	1	1.6989746	1
sub-4129_ses-wave1.nii.gz	V1	1	1.6989765	1
sub-117400786897.nii.gz	V1	1	1.6989846	1
sub-341274549863.nii.gz	V1	1	1.6990016	1
sub-4800_ses-wave2.nii.gz	V1	1	1.6990278	1
PT030_OpenNeuro_ds004711_sub-020.nii.gz	V1	1	1.6990409	1
PT030_OpenNeuro_ds001486_sub-043.nii.gz	V1	1	1.6990688	1
PT030_OpenNeuro_ds002366_sub-03.nii.gz	V1	1	1.6991073	1
sub-1844_ses-wave3.nii.gz	V1	1	1.6991262	1
PT030_OpenNeuro_ds003745_sub-39.nii.gz	V1	1	1.6991298	1
sub-410588753136.nii.gz	V1	1	1.6991518	1
PT030_OpenNeuro_ds000240_sub-32.nii.gz	V1	1	1.699152	1
PT030_OpenNeuro_ds002424_sub-35.nii.gz	V1	1	1.6991525	1
sub-949327608209.nii.gz	V1	1	1.6991625	1
sub-647453393032.nii.gz	V1	1	1.6991776	1
sub-CC620118.nii.gz	V1	1	1.6991918	1
sub-137086028346.nii.gz	V1	1	1.6992555	1
PT030_OpenNeuro_ds000240_sub-43.nii.gz	V1	1	1.6992747	1
PT030_OpenNeuro_ds005498_sub-031.nii.gz	V1	1	1.6993124	1
PT030_OpenNeuro_ds001796_sub-21.nii.gz	V1	1	1.6993641	1
PT030_OpenNeuro_ds004556_sub-24.nii.gz	V1	1	1.6993743	1
sub-497215688436.nii.gz	V1	1	1.6993849	1
sub-1003_ses-wave2.nii.gz	V1	1	1.6993976	1
sub-149_ses-wave2.nii.gz	V1	1	1.699404	1
PT030_OpenNeuro_ds002872_sub-21.nii.gz	V1	1	1.6994275	1
sub-886474070517.nii.gz	V1	1	1.699454	1
PT030_OpenNeuro_ds001894_sub-062.nii.gz	V1	1	1.6994859	1
sub-81_ses-wave1.nii.gz	V1	1	1.6995207	1
sub-790159298920.nii.gz	V1	1	1.6995238	1
CP0065.nii.gz	V1	1	1.6995779	1
sub-349234485107.nii.gz	V1	1	1.6996309	1
sub-299_ses-wave1.nii.gz	V1	1	1.6996828	1
PT030_OpenNeuro_ds003424_sub-22.nii.gz	V1	1	1.6996832	1
PT012_CHBMP_sub-169.nii.gz	V1	1	1.6996969	1
sub-162_ses-wave3.nii.gz	V1	1	1.6997066	1
sub-326017893990.nii.gz	V1	1	1.6997137	1
PT030_OpenNeuro_ds003416_sub-42.nii.gz	V1	1	1.6997195	1
PT030_OpenNeuro_ds003017_sub-07.nii.gz	V1	1	1.699737	1
PT030_OpenNeuro_ds004711_sub-130.nii.gz	V1	1	1.6997685	1
sub-434727906853.nii.gz	V1	1	1.6998109	1
PT030_OpenNeuro_ds002424_sub-41.nii.gz	V1	1	1.6998438	1
sub-937301500163.nii.gz	V1	1	1.6998637	1
PT030_OpenNeuro_ds000228_sub-131.nii.gz	V1	1	1.6998832	1
PT008_AdolescentBrainDevelopment_sub-36.nii.gz	V1	1	1.6998911	1
PT030_OpenNeuro_ds005498_sub-006.nii.gz	V1	1	1.6999382	1
sub-CC320088.nii.gz	V1	1	1.6999732	1
sub-CC110411.nii.gz	V1	1	1.699995	1
PT030_OpenNeuro_ds004711_sub-081.nii.gz	V1	1	1.7000136	1
sub-CC610061.nii.gz	V1	1	1.7000136	1
sub-822117937078.nii.gz	V1	1	1.7000155	1
sub-215_ses-wave1.nii.gz	V1	1	1.7000245	1
sub-80_ses-wave2.nii.gz	V1	1	1.7000713	1
sub-466_ses-wave3.nii.gz	V1	1	1.7000936	1
sub-640225753017.nii.gz	V1	1	1.7000985	1
sub-CC620044.nii.gz	V1	1	1.7000995	1
PT030_OpenNeuro_ds003416_sub-37.nii.gz	V1	1	1.7001045	1
PT030_OpenNeuro_ds003499_sub-90.nii.gz	V1	1	1.7001429	1
RRIB_sub-145.nii.gz	V1	1	1.7001495	1
sub-616_ses-wave1.nii.gz	V1	1	1.7001581	1
PT030_OpenNeuro_ds001345_sub-05.nii.gz	V1	1	1.7001628	1
sub-452815626419.nii.gz	V1	1	1.7001675	1
sub-679731921792.nii.gz	V1	1	1.700171	1
sub-849_ses-wave1.nii.gz	V1	1	1.7001994	1
sub-774728588318.nii.gz	V1	1	1.7002037	1
AOMIC-PIOP2_sub-0150_T1w.nii.gz	V1	1	1.7002357	1
sub-651379322987.nii.gz	V1	1	1.700237	1
sub-140_ses-wave1.nii.gz	V1	1	1.7003143	1
PT030_OpenNeuro_ds004711_sub-115.nii.gz	V1	1	1.7003441	1
sub-905521354661.nii.gz	V1	1	1.7003741	1
PT030_OpenNeuro_ds004604_sub-16.nii.gz	V1	1	1.7003762	1
sub-4795_ses-wave3.nii.gz	V1	1	1.7003795	1
sub-300602618737.nii.gz	V1	1	1.7003831	1
sub-1850_ses-wave1.nii.gz	V1	1	1.700392	1
PT030_OpenNeuro_ds002419_sub-07.nii.gz	V1	1	1.7004296	1
PT030_OpenNeuro_ds004795_sub-047.nii.gz	V1	1	1.7004352	1
sub-196183703425.nii.gz	V1	1	1.7004426	1
PT030_OpenNeuro_ds001894_sub-126.nii.gz	V1	1	1.700443	1
PT030_OpenNeuro_ds002168_sub-36.nii.gz	V1	1	1.7004567	1
sub-162962669437.nii.gz	V1	1	1.7004871	1
sub-657980622716.nii.gz	V1	1	1.7004873	1
PT030_OpenNeuro_ds004556_sub-43.nii.gz	V1	1	1.7005088	1
PT012_CHBMP_sub-159.nii.gz	V1	1	1.700615	1
PT030_OpenNeuro_ds002366_sub-26.nii.gz	V1	1	1.7006241	1
sub-929_ses-wave1.nii.gz	V1	1	1.7006245	1
sub-702445157950.nii.gz	V1	1	1.7006974	1
sub-421100177732.nii.gz	V1	1	1.7007115	1
PT030_OpenNeuro_ds003416_sub-77.nii.gz	V1	1	1.7007397	1
sub-172045848348.nii.gz	V1	1	1.700786	1
PT030_OpenNeuro_ds002424_sub-42.nii.gz	V1	1	1.7007929	1
sub-3911_ses-wave3.nii.gz	V1	1	1.700802	1
sub-408349314195.nii.gz	V1	1	1.7008103	1
PT030_OpenNeuro_ds000208_sub-02.nii.gz	V1	1	1.7008284	1
sub-135_ses-wave2.nii.gz	V1	1	1.700842	1
sub-865879829269.nii.gz	V1	1	1.7008594	1
PT030_OpenNeuro_ds001486_sub-126.nii.gz	V1	1	1.70086	1
sub-527212529902.nii.gz	V1	1	1.7008814	1
PT030_OpenNeuro_ds004711_sub-124.nii.gz	V1	1	1.7009366	1
PT030_OpenNeuro_ds003416_sub-26.nii.gz	V1	1	1.7009772	1
PT030_OpenNeuro_ds000214_sub-20.nii.gz	V1	1	1.7009913	1
PT030_OpenNeuro_ds003487_sub-05.nii.gz	V1	1	1.7009974	1
sub-809420277378.nii.gz	V1	1	1.7010205	1
PT030_OpenNeuro_ds003416_sub-34.nii.gz	V1	1	1.7010233	1
sub-2790_ses-wave1.nii.gz	V1	1	1.7010272	1
PT030_OpenNeuro_ds003499_sub-49.nii.gz	V1	1	1.7010454	1
PT030_OpenNeuro_ds001838_sub-51.nii.gz	V1	1	1.7010672	1
PT030_OpenNeuro_ds001796_sub-32.nii.gz	V1	1	1.7010885	1
sub-178_ses-wave3.nii.gz	V1	1	1.701117	1
sub-CC520200.nii.gz	V1	1	1.7011261	1
sub-2819_ses-wave1.nii.gz	V1	1	1.7011299	1
sub-130281900088.nii.gz	V1	1	1.7011367	1
PT030_OpenNeuro_ds003877_sub-55.nii.gz	V1	1	1.7011489	1
PT030_OpenNeuro_ds004711_sub-047.nii.gz	V1	1	1.7012038	1
sub-658403838316.nii.gz	V1	1	1.7012165	1
sub-666278270179.nii.gz	V1	1	1.7012755	1
sub-310907729263.nii.gz	V1	1	1.7013018	1
PT030_OpenNeuro_ds001486_sub-041.nii.gz	V1	1	1.7013185	1
PT030_OpenNeuro_ds004466_sub-067.nii.gz	V1	1	1.7013222	1
sub-378603840552.nii.gz	V1	1	1.701323	1
sub-741_ses-wave2.nii.gz	V1	1	1.7013302	1
PT030_OpenNeuro_ds003499_sub-22.nii.gz	V1	1	1.7013317	1
sub-706793014851.nii.gz	V1	1	1.7013681	1
PT030_OpenNeuro_ds004711_sub-161.nii.gz	V1	1	1.7013799	1
PT030_OpenNeuro_ds001371_sub-19.nii.gz	V1	1	1.7014056	1
sub-495672208329.nii.gz	V1	1	1.7014081	1
PT030_OpenNeuro_ds005123_sub-016.nii.gz	V1	1	1.7014146	1
sub-323188212103.nii.gz	V1	1	1.701426	1
sub-2067_ses-wave1.nii.gz	V1	1	1.7014393	1
PT030_OpenNeuro_ds004094_sub-14.nii.gz	V1	1	1.7014554	1
PT030_OpenNeuro_ds001525_sub-01.nii.gz	V1	1	1.7014562	1
sub-426162600454.nii.gz	V1	1	1.7014723	1
PT030_OpenNeuro_ds001486_sub-035.nii.gz	V1	1	1.701474	1
PT030_OpenNeuro_ds001894_sub-073.nii.gz	V1	1	1.701535	1
PT030_OpenNeuro_ds004285_sub-30.nii.gz	V1	1	1.7015353	1
sub-1356_ses-wave3.nii.gz	V1	1	1.7015529	1
sub-CC620262.nii.gz	V1	1	1.7015786	1
sub-768580810599.nii.gz	V1	1	1.7015791	1
CP0170.nii.gz	V1	1	1.701585	1
sub-998_ses-wave1.nii.gz	V1	1	1.7016014	1
PT030_OpenNeuro_ds004589_sub-53.nii.gz	V1	1	1.7016286	1
PT030_OpenNeuro_ds002842_sub-20.nii.gz	V1	1	1.7016997	1
sub-163329912000.nii.gz	V1	1	1.7017049	1
sub-753786847117.nii.gz	V1	1	1.7017176	1
sub-596066839689.nii.gz	V1	1	1.7017215	1
PT030_OpenNeuro_ds004327_sub-21.nii.gz	V1	1	1.7017323	1
PT030_OpenNeuro_ds004274_sub-25.nii.gz	V1	1	1.7017614	1
PT008_AdolescentBrainDevelopment_sub-37.nii.gz	V1	1	1.7018042	1
PT030_OpenNeuro_ds001894_sub-129.nii.gz	V1	1	1.7018075	1
PT030_OpenNeuro_ds003499_sub-52.nii.gz	V1	1	1.7018274	1
sub-872529642832.nii.gz	V1	1	1.7018343	1
sub-462412462307.nii.gz	V1	1	1.7018423	1
PT030_OpenNeuro_ds003974_sub-25.nii.gz	V1	1	1.7018447	1
PT030_OpenNeuro_ds001894_sub-102.nii.gz	V1	1	1.7018975	1
sub-761787072334.nii.gz	V1	1	1.7019442	1
PT030_OpenNeuro_ds004285_sub-73.nii.gz	V1	1	1.7019578	1
sub-565703410370.nii.gz	V1	1	1.701965	1
PT034_Wayne_sub-068.nii.gz	V1	1	1.7019681	1
PT030_OpenNeuro_ds001486_sub-097.nii.gz	V1	1	1.7019724	1
PT030_OpenNeuro_ds003499_sub-41.nii.gz	V1	1	1.7019776	1
sub-CC420060.nii.gz	V1	1	1.7020003	1
PT030_OpenNeuro_ds000222_sub-27.nii.gz	V1	1	1.7020552	1
sub-377767908219.nii.gz	V1	1	1.7020558	1
sub-386499017794.nii.gz	V1	1	1.7020867	1
PT030_OpenNeuro_ds004327_sub-36.nii.gz	V1	1	1.7021008	1
sub-754134466256.nii.gz	V1	1	1.7021146	1
sub-438120135608.nii.gz	V1	1	1.7021238	1
sub-499339327714.nii.gz	V1	1	1.7021301	1
PT030_OpenNeuro_ds000236_sub-15.nii.gz	V1	1	1.7021928	1
PT030_OpenNeuro_ds002886_sub-50.nii.gz	V1	1	1.7022028	1
PT030_OpenNeuro_ds004341_sub-03.nii.gz	V1	1	1.702228	1
sub-784_ses-wave3.nii.gz	V1	1	1.7022531	1
sub-784293954257.nii.gz	V1	1	1.702319	1
sub-222857937247.nii.gz	V1	1	1.7023458	1
sub-192529878872.nii.gz	V1	1	1.7023978	1
sub-695085570524.nii.gz	V1	1	1.7024105	1
sub-868182247503.nii.gz	V1	1	1.7024226	1
sub-955192386785.nii.gz	V1	1	1.7024232	1
sub-3653_ses-wave3.nii.gz	V1	1	1.7024726	1
sub-878124223907.nii.gz	V1	1	1.702563	1
PT030_OpenNeuro_ds002424_sub-68.nii.gz	V1	1	1.7025652	1
sub-103_ses-wave2.nii.gz	V1	1	1.7025902	1
PT030_OpenNeuro_ds004711_sub-164.nii.gz	V1	1	1.7026067	1
PT030_OpenNeuro_ds005123_sub-026.nii.gz	V1	1	1.7026106	1
sub-253019663551.nii.gz	V1	1	1.7026159	1
sub-701764432954.nii.gz	V1	1	1.7026377	1
sub-594220337689.nii.gz	V1	1	1.7026482	1
sub-846237231836.nii.gz	V1	1	1.702653	1
PT030_OpenNeuro_ds004711_sub-087.nii.gz	V1	1	1.7026951	1
sub-978150901694.nii.gz	V1	1	1.7027011	1
PT012_CHBMP_sub-147.nii.gz	V1	1	1.7027014	1
PT030_OpenNeuro_ds003499_sub-50.nii.gz	V1	1	1.7027473	1
sub-249490422156.nii.gz	V1	1	1.7027489	1
PT030_OpenNeuro_ds001386_sub-39.nii.gz	V1	1	1.7027757	1
sub-CC520053.nii.gz	V1	1	1.7027768	1
PT030_OpenNeuro_ds004327_sub-40.nii.gz	V1	1	1.7027941	1
sub-636301489955.nii.gz	V1	1	1.7028329	1
PT030_OpenNeuro_ds004219_sub-04.nii.gz	V1	1	1.7028383	1
sub-389147373873.nii.gz	V1	1	1.7028437	1
PT030_OpenNeuro_ds002842_sub-16.nii.gz	V1	1	1.7028809	1
sub-192_ses-wave3.nii.gz	V1	1	1.702905	1
sub-1874_ses-wave1.nii.gz	V1	1	1.7029244	1
PT030_OpenNeuro_ds004604_sub-33.nii.gz	V1	1	1.7029425	1
sub-242738003665.nii.gz	V1	1	1.7029493	1
sub-273878067755.nii.gz	V1	1	1.7029757	1
sub-761743611697.nii.gz	V1	1	1.7029961	1
sub-842438804330.nii.gz	V1	1	1.7029982	1
PT030_OpenNeuro_ds002647_sub-73.nii.gz	V1	1	1.7029989	1
PT012_CHBMP_sub-199.nii.gz	V1	1	1.703017	1
PT030_OpenNeuro_ds002878_sub-06.nii.gz	V1	1	1.7030208	1
PT030_OpenNeuro_ds004078_sub-02.nii.gz	V1	1	1.7030483	1
sub-107912335979.nii.gz	V1	1	1.7030488	1
PT012_CHBMP_sub-150.nii.gz	V1	1	1.7031124	1
sub-116651167956.nii.gz	V1	1	1.7031355	1
sub-CC520055.nii.gz	V1	1	1.7031435	1
sub-309902545467.nii.gz	V1	1	1.7031759	1
sub-398850980214.nii.gz	V1	1	1.7031862	1
sub-CC520980.nii.gz	V1	1	1.7032186	1
sub-167664498183.nii.gz	V1	1	1.7032244	1
sub-432899379505.nii.gz	V1	1	1.7032282	1
sub-655029033900.nii.gz	V1	1	1.7032422	1
PT030_OpenNeuro_ds004556_sub-23.nii.gz	V1	1	1.703293	1
sub-398724148083.nii.gz	V1	1	1.7033243	1
sub-CC520134.nii.gz	V1	1	1.7033246	1
PT030_OpenNeuro_ds004196_sub-01.nii.gz	V1	1	1.7034266	1
PT030_OpenNeuro_ds001486_sub-103.nii.gz	V1	1	1.7034649	1
sub-388026797832.nii.gz	V1	1	1.7034676	1
PT030_OpenNeuro_ds004173_sub-092.nii.gz	V1	1	1.7034881	1
PT030_OpenNeuro_ds002843_sub-145.nii.gz	V1	1	1.7034944	1
PT030_OpenNeuro_ds004169_sub-1069.nii.gz	V1	1	1.7034961	1
sub-445528481752.nii.gz	V1	1	1.7035327	1
PT030_OpenNeuro_ds001928_sub-23.nii.gz	V1	1	1.7035797	1
PT030_OpenNeuro_ds001486_sub-055.nii.gz	V1	1	1.7036077	1
sub-512070260876.nii.gz	V1	1	1.7036215	1
PT030_OpenNeuro_ds004230_sub-05.nii.gz	V1	1	1.7036285	1
sub-823113717402.nii.gz	V1	1	1.7036889	1
sub-192_ses-wave1.nii.gz	V1	1	1.7037163	1
sub-976182490642.nii.gz	V1	1	1.7037268	1
PT033_WAND_sub-075.nii.gz	V1	1	1.7037284	1
sub-354347287146.nii.gz	V1	1	1.7037412	1
sub-992370699646.nii.gz	V1	1	1.703769	1
PT032_Tao_Wu_sub-17.nii.gz	V1	1	1.7037706	1
sub-835462983698.nii.gz	V1	1	1.7037871	1
PT030_OpenNeuro_ds002878_sub-02.nii.gz	V1	1	1.7038355	1
sub-ON99731.nii.gz	V1	1	1.7038461	1
PT030_OpenNeuro_ds002366_sub-13.nii.gz	V1	1	1.7038715	1
sub-575003135462.nii.gz	V1	1	1.7038884	1
sub-710478531957.nii.gz	V1	1	1.7039404	1
PT030_OpenNeuro_ds002886_sub-15.nii.gz	V1	1	1.7039417	1
sub-CC520597.nii.gz	V1	1	1.7039548	1
sub-CC510434.nii.gz	V1	1	1.7039589	1
sub-CC221040.nii.gz	V1	1	1.7039825	1
PT030_OpenNeuro_ds003499_sub-58.nii.gz	V1	1	1.7040014	1
PT030_OpenNeuro_ds001226_sub-05.nii.gz	V1	1	1.7040089	1
sub-CC610653.nii.gz	V1	1	1.7040197	1
sub-249453595661.nii.gz	V1	1	1.70404	1
PT030_OpenNeuro_ds002424_sub-69.nii.gz	V1	1	1.7040735	1
sub-700193003380.nii.gz	V1	1	1.704083	1
sub-283866019979.nii.gz	V1	1	1.7041568	1
sub-CC221033.nii.gz	V1	1	1.7042248	1
PT030_OpenNeuro_ds001486_sub-105.nii.gz	V1	1	1.7042398	1
sub-285839371492.nii.gz	V1	1	1.7042449	1
PT030_OpenNeuro_ds001771_sub-32.nii.gz	V1	1	1.7042503	1
PT030_OpenNeuro_ds001486_sub-073.nii.gz	V1	1	1.7042558	1
PT030_OpenNeuro_ds005237_sub-239.nii.gz	V1	1	1.7042568	1
PT030_OpenNeuro_ds002886_sub-32.nii.gz	V1	1	1.7042682	1
PT030_OpenNeuro_ds003416_sub-45.nii.gz	V1	1	1.7042824	1
sub-637766944050.nii.gz	V1	1	1.704292	1
PT030_OpenNeuro_ds002620_sub-12.nii.gz	V1	1	1.704304	1
PT030_OpenNeuro_ds003872_sub-17.nii.gz	V1	1	1.7043258	1
PT030_OpenNeuro_ds001796_sub-27.nii.gz	V1	1	1.7043303	1
sub-1919_ses-wave1.nii.gz	V1	1	1.7043537	1
sub-333583533583.nii.gz	V1	1	1.7043567	1
sub-462070903926.nii.gz	V1	1	1.7043811	1
sub-CC610631.nii.gz	V1	1	1.7043816	1
PT030_OpenNeuro_ds002647_sub-87.nii.gz	V1	1	1.7044069	1
sub-525763369127.nii.gz	V1	1	1.7044119	1
sub-81_ses-wave2.nii.gz	V1	1	1.7044348	1
sub-817_ses-wave1.nii.gz	V1	1	1.7044439	1
sub-305566005237.nii.gz	V1	1	1.704452	1
PT030_OpenNeuro_ds003416_sub-73.nii.gz	V1	1	1.7044842	1
sub-CC420260.nii.gz	V1	1	1.704506	1
PT030_OpenNeuro_ds001894_sub-166.nii.gz	V1	1	1.7045407	1
sub-638986001058.nii.gz	V1	1	1.7045714	1
sub-905979157646.nii.gz	V1	1	1.7045829	1
PT030_OpenNeuro_ds001894_sub-097.nii.gz	V1	1	1.7045947	1
PT030_OpenNeuro_ds000214_sub-33.nii.gz	V1	1	1.7046187	1
sub-255360929670.nii.gz	V1	1	1.704654	1
sub-698139937383.nii.gz	V1	1	1.7046871	1
PT030_OpenNeuro_ds000228_sub-117.nii.gz	V1	1	1.7047362	1
sub-480547839037.nii.gz	V1	1	1.7048076	1
PT032_Tao_Wu_sub-06.nii.gz	V1	1	1.704813	1
sub-CC220526.nii.gz	V1	1	1.704818	1
PT033_WAND_sub-177.nii.gz	V1	1	1.7048999	1
sub-104625609853.nii.gz	V1	1	1.7049133	1
sub-445165036651.nii.gz	V1	1	1.704932	1
sub-938430166141.nii.gz	V1	1	1.7049412	1
sub-187682689614.nii.gz	V1	1	1.7049568	1
sub-894511350563.nii.gz	V1	1	1.7049708	1
sub-256341839765.nii.gz	V1	1	1.704995	1
PT030_OpenNeuro_ds001894_sub-131.nii.gz	V1	1	1.7049959	1
sub-825367697670.nii.gz	V1	1	1.7050012	1
sub-2976_ses-wave2.nii.gz	V1	1	1.7050439	1
sub-344931898645.nii.gz	V1	1	1.7050824	1
PT030_OpenNeuro_ds003974_sub-40.nii.gz	V1	1	1.7050844	1
PT030_OpenNeuro_ds000214_sub-28.nii.gz	V1	1	1.7051129	1
sub-ON98602.nii.gz	V1	1	1.7051264	1
PT030_OpenNeuro_ds002424_sub-48.nii.gz	V1	1	1.7051486	1
PT030_OpenNeuro_ds004557_sub-01.nii.gz	V1	1	1.705155	1
PT012_CHBMP_sub-057.nii.gz	V1	1	1.7051554	1
sub-CC610568.nii.gz	V1	1	1.7052101	1
sub-CC610576.nii.gz	V1	1	1.7052356	1
PT030_OpenNeuro_ds005256_sub-012.nii.gz	V1	1	1.7052376	1
PT030_OpenNeuro_ds005498_sub-107.nii.gz	V1	1	1.7052395	1
PT012_CHBMP_sub-193.nii.gz	V1	1	1.7052553	1
PT030_OpenNeuro_ds004169_sub-0067.nii.gz	V1	1	1.7052801	1
PT030_OpenNeuro_ds006395_sub-29.nii.gz	V1	1	1.7053179	1
sub-176968886812.nii.gz	V1	1	1.7053244	1
sub-994089426413.nii.gz	V1	1	1.7053256	1
sub-1775_ses-wave3.nii.gz	V1	1	1.7053338	1
sub-1157_ses-wave3.nii.gz	V1	1	1.7053818	1
PT030_OpenNeuro_ds002422_sub-44.nii.gz	V1	1	1.7053837	1
sub-871409555490.nii.gz	V1	1	1.7053928	1
PT030_OpenNeuro_ds001771_sub-20.nii.gz	V1	1	1.7054032	1
PT030_OpenNeuro_ds002419_sub-06.nii.gz	V1	1	1.705424	1
PT030_OpenNeuro_ds002236_sub-35.nii.gz	V1	1	1.7054402	1
sub-196146731599.nii.gz	V1	1	1.7054895	1
sub-787578957117.nii.gz	V1	1	1.7054945	1
sub-CC520775.nii.gz	V1	1	1.7055103	1
sub-12_ses-wave1.nii.gz	V1	1	1.7055417	1
PT030_OpenNeuro_ds001486_sub-017.nii.gz	V1	1	1.7055576	1
sub-713238312807.nii.gz	V1	1	1.7056028	1
sub-381842982631.nii.gz	V1	1	1.7056136	1
sub-909262863251.nii.gz	V1	1	1.7056159	1
sub-200_ses-wave1.nii.gz	V1	1	1.705642	1
sub-466_ses-wave2.nii.gz	V1	1	1.7056981	1
sub-452602070698.nii.gz	V1	1	1.7057343	1
sub-725821040249.nii.gz	V1	1	1.7057432	1
sub-307051290022.nii.gz	V1	1	1.7057484	1
sub-700112268139.nii.gz	V1	1	1.7057595	1
PT030_OpenNeuro_ds004196_sub-04.nii.gz	V1	1	1.7057648	1
PT030_OpenNeuro_ds002620_sub-42.nii.gz	V1	1	1.7057974	1
PT030_OpenNeuro_ds000108_sub-31.nii.gz	V1	1	1.7058125	1
PT030_OpenNeuro_ds002424_sub-63.nii.gz	V1	1	1.7058144	1
PT030_OpenNeuro_ds002419_sub-43.nii.gz	V1	1	1.7058194	1
PT030_OpenNeuro_ds001894_sub-108.nii.gz	V1	1	1.7058299	1
sub-960700816342.nii.gz	V1	1	1.70583	1
PT030_OpenNeuro_ds004795_sub-061.nii.gz	V1	1	1.7058388	1
sub-CC520215.nii.gz	V1	1	1.7058704	1
sub-CC610405.nii.gz	V1	1	1.7060012	1
PT030_OpenNeuro_ds004718_sub-04.nii.gz	V1	1	1.7060908	1
PT030_OpenNeuro_ds001486_sub-119.nii.gz	V1	1	1.7060932	1
sub-384430999120.nii.gz	V1	1	1.7060951	1
PT030_OpenNeuro_ds002424_sub-47.nii.gz	V1	1	1.7061145	1
sub-1862_ses-wave1.nii.gz	V1	1	1.7061778	1
PT030_OpenNeuro_ds002338_sub-02.nii.gz	V1	1	1.706185	1
sub-1800_ses-wave2.nii.gz	V1	1	1.706188	1
sub-784_ses-wave1.nii.gz	V1	1	1.7062247	1
RRIB_sub-113.nii.gz	V1	1	1.7062299	1
sub-969765470206.nii.gz	V1	1	1.7062368	1
sub-224330508707.nii.gz	V1	1	1.7062467	1
sub-772014211701.nii.gz	V1	1	1.706274	1
sub-CC210526.nii.gz	V1	1	1.7062832	1
PT030_OpenNeuro_ds004173_sub-024.nii.gz	V1	1	1.706304	1
sub-218043359082.nii.gz	V1	1	1.7063148	1
sub-871227205934.nii.gz	V1	1	1.7063818	1
sub-913628264858.nii.gz	V1	1	1.7063855	1
sub-105626036276.nii.gz	V1	1	1.7064049	1
sub-940873808553.nii.gz	V1	1	1.7064414	1
sub-CC520477.nii.gz	V1	1	1.7065246	1
sub-CC620114.nii.gz	V1	1	1.7066054	1
sub-402254453547.nii.gz	V1	1	1.7066072	1
PT030_OpenNeuro_ds000008_sub-01.nii.gz	V1	1	1.7066646	1
sub-223064692200.nii.gz	V1	1	1.7066815	1
sub-697660439389.nii.gz	V1	1	1.7066926	1
sub-CC420004.nii.gz	V1	1	1.7067152	1
PT030_OpenNeuro_ds001894_sub-146.nii.gz	V1	1	1.7067297	1
sub-456858591441.nii.gz	V1	1	1.7067482	1
sub-758007443326.nii.gz	V1	1	1.706754	1
PT030_OpenNeuro_ds005123_sub-082.nii.gz	V1	1	1.7067698	1
sub-136663999930.nii.gz	V1	1	1.7067709	1
sub-1844_ses-wave1.nii.gz	V1	1	1.7067735	1
PT012_CHBMP_sub-184.nii.gz	V1	1	1.7068306	1
sub-394058698992.nii.gz	V1	1	1.7068461	1
sub-852627676676.nii.gz	V1	1	1.706876	1
sub-698835635925.nii.gz	V1	1	1.7068793	1
sub-221796548788.nii.gz	V1	1	1.706898	1
sub-1875_ses-wave1.nii.gz	V1	1	1.7069055	1
PT030_OpenNeuro_ds002424_sub-40.nii.gz	V1	1	1.7069081	1
sub-940_ses-wave1.nii.gz	V1	1	1.7069471	1
sub-CC520065.nii.gz	V1	1	1.7069542	1
sub-159_ses-wave2.nii.gz	V1	1	1.7069556	1
sub-812837651289.nii.gz	V1	1	1.706988	1
RRIB_sub-004.nii.gz	V1	1	1.7069938	1
sub-CC520745.nii.gz	V1	1	1.7070227	1
PT030_OpenNeuro_ds001796_sub-55.nii.gz	V1	1	1.7070277	1
sub-940_ses-wave3.nii.gz	V1	1	1.7070296	1
PT030_OpenNeuro_ds003798_sub-106.nii.gz	V1	1	1.7070318	1
sub-199670362268.nii.gz	V1	1	1.7070618	1
sub-186965891843.nii.gz	V1	1	1.7070801	1
sub-275595916891.nii.gz	V1	1	1.7070898	1
sub-277976850330.nii.gz	V1	1	1.7070956	1
PT030_OpenNeuro_ds003404_sub-09.nii.gz	V1	1	1.7071091	1
sub-315326586497.nii.gz	V1	1	1.7071149	1
PT012_CHBMP_sub-189.nii.gz	V1	1	1.7071328	1
sub-538778430581.nii.gz	V1	1	1.7071418	1
sub-146014608627.nii.gz	V1	1	1.7071507	1
PT030_OpenNeuro_ds001796_sub-02.nii.gz	V1	1	1.7071563	1
sub-992659217265.nii.gz	V1	1	1.7071832	1
sub-312401593415.nii.gz	V1	1	1.7072086	1
sub-178_ses-wave1.nii.gz	V1	1	1.7072631	1
sub-365948065175.nii.gz	V1	1	1.7072921	1
PT030_OpenNeuro_ds004466_sub-112.nii.gz	V1	1	1.7073555	1
PT030_OpenNeuro_ds001486_sub-114.nii.gz	V1	1	1.7073984	1
sub-784_ses-wave2.nii.gz	V1	1	1.7074015	1
sub-890363771287.nii.gz	V1	1	1.7074075	1
PT032_Tao_Wu_sub-14.nii.gz	V1	1	1.7074121	1
sub-169447897045.nii.gz	V1	1	1.7074447	1
sub-CC210124.nii.gz	V1	1	1.7074559	1
sub-615_ses-wave1.nii.gz	V1	1	1.7074641	1
sub-761008927690.nii.gz	V1	1	1.707496	1
PT012_CHBMP_sub-196.nii.gz	V1	1	1.7075121	1
sub-541464924960.nii.gz	V1	1	1.7075231	1
PT030_OpenNeuro_ds001486_sub-093.nii.gz	V1	1	1.707572	1
PT030_OpenNeuro_ds004327_sub-27.nii.gz	V1	1	1.7075917	1
sub-855019997184.nii.gz	V1	1	1.7076317	1
sub-542120424077.nii.gz	V1	1	1.7076342	1
sub-959732203519.nii.gz	V1	1	1.7076397	1
sub-140606705309.nii.gz	V1	1	1.7076468	1
PT030_OpenNeuro_ds002886_sub-31.nii.gz	V1	1	1.7076489	1
sub-374236744941.nii.gz	V1	1	1.7076501	1
sub-959189618055.nii.gz	V1	1	1.7076758	1
PT030_OpenNeuro_ds001796_sub-51.nii.gz	V1	1	1.7077068	1
PT030_OpenNeuro_ds003499_sub-87.nii.gz	V1	1	1.7077405	1
sub-843302791192.nii.gz	V1	1	1.7077422	1
sub-CC520624.nii.gz	V1	1	1.7077541	1
PT030_OpenNeuro_ds001486_sub-075.nii.gz	V1	1	1.7077742	1
sub-746_ses-wave3.nii.gz	V1	1	1.7077749	1
sub-654087624056.nii.gz	V1	1	1.7077996	1
sub-CC410287.nii.gz	V1	1	1.7078164	1
PT030_OpenNeuro_ds002793_sub-22.nii.gz	V1	1	1.7078714	1
PT030_OpenNeuro_ds000222_sub-66.nii.gz	V1	1	1.7079024	1
PT030_OpenNeuro_ds002647_sub-80.nii.gz	V1	1	1.7079211	1
PT030_OpenNeuro_ds004173_sub-025.nii.gz	V1	1	1.7079449	1
sub-906270949692.nii.gz	V1	1	1.7079468	1
sub-490669614623.nii.gz	V1	1	1.7079554	1
sub-CC120182.nii.gz	V1	1	1.707971	1
sub-CC520168.nii.gz	V1	1	1.7079747	1
PT030_OpenNeuro_ds004182_sub-11.nii.gz	V1	1	1.7079937	1
sub-442462161667.nii.gz	V1	1	1.7080337	1
sub-514546668706.nii.gz	V1	1	1.7080431	1
PT030_OpenNeuro_ds001894_sub-116.nii.gz	V1	1	1.7080457	1
sub-474246759950.nii.gz	V1	1	1.708051	1
PT030_OpenNeuro_ds003834_sub-06.nii.gz	V1	1	1.7080784	1
PT008_AdolescentBrainDevelopment_sub-44.nii.gz	V1	1	1.7080958	1
sub-CC320870.nii.gz	V1	1	1.7081119	1
sub-713144805000.nii.gz	V1	1	1.7081311	1
sub-761933695478.nii.gz	V1	1	1.7081378	1
sub-1124_ses-wave2.nii.gz	V1	1	1.7081418	1
sub-524602504081.nii.gz	V1	1	1.7081544	1
PT030_OpenNeuro_ds001486_sub-109.nii.gz	V1	1	1.7081574	1
sub-853317809055.nii.gz	V1	1	1.7081763	1
PT030_OpenNeuro_ds001486_sub-107.nii.gz	V1	1	1.708198	1
sub-709379526999.nii.gz	V1	1	1.7082039	1
sub-578912543438.nii.gz	V1	1	1.7082051	1
sub-OAS31267_sess-d0090.nii.gz	V1	1	1.7083298	1
PT030_OpenNeuro_ds003416_sub-62.nii.gz	V1	1	1.7083673	1
PT030_OpenNeuro_ds002727_sub-16.nii.gz	V1	1	1.7083763	1
sub-672688926592.nii.gz	V1	1	1.7083871	1
sub-816300012569.nii.gz	V1	1	1.708395	1
PT030_OpenNeuro_ds003469_sub-10.nii.gz	V1	1	1.7084199	1
sub-CC420229.nii.gz	V1	1	1.708443	1
sub-701904337000.nii.gz	V1	1	1.7084513	1
sub-953824010639.nii.gz	V1	1	1.7084917	1
PT030_OpenNeuro_ds003974_sub-39.nii.gz	V1	1	1.7085938	1
PT030_OpenNeuro_ds001894_sub-128.nii.gz	V1	1	1.7086018	1
sub-358180723346.nii.gz	V1	1	1.7086096	1
sub-846761410374.nii.gz	V1	1	1.7086632	1
PT030_OpenNeuro_ds000256_sub-08.nii.gz	V1	1	1.7087146	1
sub-613224225766.nii.gz	V1	1	1.708715	1
PT030_OpenNeuro_ds004219_sub-02.nii.gz	V1	1	1.7087498	1
sub-181062043787.nii.gz	V1	1	1.708754	1
sub-486143240913.nii.gz	V1	1	1.7087717	1
sub-2940_ses-wave1.nii.gz	V1	1	1.7087727	1
PT012_CHBMP_sub-077.nii.gz	V1	1	1.7087971	1
PT030_OpenNeuro_ds001894_sub-095.nii.gz	V1	1	1.7088027	1
sub-507884784363.nii.gz	V1	1	1.708817	1
sub-235693893326.nii.gz	V1	1	1.7088282	1
AOMIC-PIOP2_sub-0064_T1w.nii.gz	V1	1	1.7088501	1
PT030_OpenNeuro_ds001771_sub-26.nii.gz	V1	1	1.7088517	1
sub-CC520175.nii.gz	V1	1	1.7089192	1
PT030_OpenNeuro_ds004795_sub-075.nii.gz	V1	1	1.7089449	1
sub-387928413810.nii.gz	V1	1	1.7089527	1
PT030_OpenNeuro_ds004697_sub-66.nii.gz	V1	1	1.7089859	1
sub-880908935164.nii.gz	V1	1	1.7089885	1
AOMIC-PIOP2_sub-0111_T1w.nii.gz	V1	1	1.7089965	1
sub-213706959470.nii.gz	V1	1	1.709004	1
sub-958464456805.nii.gz	V1	1	1.7090203	1
sub-882373169034.nii.gz	V1	1	1.7090878	1
sub-790004250935.nii.gz	V1	1	1.7091084	1
PT030_OpenNeuro_ds003416_sub-93.nii.gz	V1	1	1.7091174	1
PT033_WAND_sub-131.nii.gz	V1	1	1.7091244	1
PT030_OpenNeuro_ds001894_sub-022.nii.gz	V1	1	1.7091624	1
sub-165604485425.nii.gz	V1	1	1.7091694	1
sub-CC110182.nii.gz	V1	1	1.7091745	1
sub-OAS31271_sess-d0119_run-02.nii.gz	V1	1	1.7091906	1
sub-819058231563.nii.gz	V1	1	1.7091916	1
sub-1860_ses-wave1.nii.gz	V1	1	1.709228	1
sub-206815249910.nii.gz	V1	1	1.7092438	1
PT030_OpenNeuro_ds001486_sub-108.nii.gz	V1	1	1.7093318	1
PT030_OpenNeuro_ds003346_sub-028.nii.gz	V1	1	1.7093381	1
sub-986553319740.nii.gz	V1	1	1.7093637	1
sub-174763886500.nii.gz	V1	1	1.7093726	1
PT030_OpenNeuro_ds004868_sub-10.nii.gz	V1	1	1.7093815	1
PT030_OpenNeuro_ds004327_sub-39.nii.gz	V1	1	1.709382	1
PT030_OpenNeuro_ds006472_sub-17.nii.gz	V1	1	1.7094179	1
PT030_OpenNeuro_ds000203_sub-19.nii.gz	V1	1	1.70943	1
PT030_OpenNeuro_ds003499_sub-29.nii.gz	V1	1	1.7094305	1
PT030_OpenNeuro_ds001894_sub-117.nii.gz	V1	1	1.7094421	1
RRIB_sub-140.nii.gz	V1	1	1.7094444	1
sub-118645634219.nii.gz	V1	1	1.7094694	1
sub-CC510208.nii.gz	V1	1	1.7095048	1
PT030_OpenNeuro_ds005256_sub-083.nii.gz	V1	1	1.7095363	1
sub-CC510243.nii.gz	V1	1	1.7095394	1
PT012_CHBMP_sub-078.nii.gz	V1	1	1.7095602	1
sub-247463425270.nii.gz	V1	1	1.7095941	1
PT030_OpenNeuro_ds004697_sub-72.nii.gz	V1	1	1.7096364	1
sub-3911_ses-wave2.nii.gz	V1	1	1.7096847	1
PT012_CHBMP_sub-121.nii.gz	V1	1	1.7096884	1
sub-1864_ses-wave1.nii.gz	V1	1	1.7097399	1
sub-164_ses-wave1.nii.gz	V1	1	1.7097411	1
PT030_OpenNeuro_ds002033_sub-29.nii.gz	V1	1	1.7097431	1
PT033_WAND_sub-013.nii.gz	V1	1	1.7097882	1
sub-928501174329.nii.gz	V1	1	1.709803	1
sub-394549991052.nii.gz	V1	1	1.7098072	1
PT030_OpenNeuro_ds002620_sub-26.nii.gz	V1	1	1.7098122	1
PT012_CHBMP_sub-167.nii.gz	V1	1	1.7098131	1
PT030_OpenNeuro_ds004711_sub-157.nii.gz	V1	1	1.7098215	1
sub-815_ses-wave2.nii.gz	V1	1	1.7098583	1
sub-552444560261.nii.gz	V1	1	1.709865	1
PT030_OpenNeuro_ds004285_sub-29.nii.gz	V1	1	1.7099141	1
sub-141217766873.nii.gz	V1	1	1.7099261	1
sub-1220_ses-wave3.nii.gz	V1	1	1.7099274	1
sub-483923683945.nii.gz	V1	1	1.7099348	1
sub-733655780174.nii.gz	V1	1	1.7099583	1
PT030_OpenNeuro_ds004589_sub-52.nii.gz	V1	1	1.7099872	1
sub-491564232989.nii.gz	V1	1	1.7099903	1
sub-1875_ses-wave2.nii.gz	V1	1	1.7100227	1
RRIB_sub-041.nii.gz	V1	1	1.7100227	1
PT030_OpenNeuro_ds002382_sub-03.nii.gz	V1	1	1.710061	1
sub-3137_ses-wave1.nii.gz	V1	1	1.7100639	1
sub-707185386079.nii.gz	V1	1	1.7100748	1
PT030_OpenNeuro_ds004173_sub-066.nii.gz	V1	1	1.7100804	1
sub-250517852869.nii.gz	V1	1	1.7100819	1
sub-2885_ses-wave3.nii.gz	V1	1	1.7100947	1
PT030_OpenNeuro_ds003358_sub-07.nii.gz	V1	1	1.7100949	1
sub-887346186673.nii.gz	V1	1	1.7101029	1
sub-476332359213.nii.gz	V1	1	1.7101163	1
sub-888048634569.nii.gz	V1	1	1.7101568	1
sub-CC210304.nii.gz	V1	1	1.7101814	1
sub-174_ses-wave1.nii.gz	V1	1	1.7102063	1
PT030_OpenNeuro_ds003126_sub-59.nii.gz	V1	1	1.7102329	1
sub-120396235891.nii.gz	V1	1	1.7102723	1
PT030_OpenNeuro_ds003416_sub-88.nii.gz	V1	1	1.7102865	1
PT030_OpenNeuro_ds004556_sub-33.nii.gz	V1	1	1.7102894	1
sub-760845068933.nii.gz	V1	1	1.7103026	1
PT030_OpenNeuro_ds005123_sub-027.nii.gz	V1	1	1.7103105	1
sub-198845476976.nii.gz	V1	1	1.7103144	1
sub-1309_ses-wave1.nii.gz	V1	1	1.7103207	1
sub-CC321899.nii.gz	V1	1	1.7103336	1
PT030_OpenNeuro_ds002886_sub-26.nii.gz	V1	1	1.710343	1
PT030_OpenNeuro_ds003745_sub-31.nii.gz	V1	1	1.7103528	1
PT030_OpenNeuro_ds001894_sub-112.nii.gz	V1	1	1.7103562	1
PT030_OpenNeuro_ds000228_sub-142.nii.gz	V1	1	1.7103624	1
sub-711316088881.nii.gz	V1	1	1.710365	1
RRIB_sub-143.nii.gz	V1	1	1.7103696	1
PT030_OpenNeuro_ds000256_sub-19.nii.gz	V1	1	1.7104104	1
sub-171051366957.nii.gz	V1	1	1.7104151	1
PT030_OpenNeuro_ds004556_sub-39.nii.gz	V1	1	1.7104225	1
sub-754_ses-wave1.nii.gz	V1	1	1.7104262	1
PT030_OpenNeuro_ds002366_sub-10.nii.gz	V1	1	1.7104551	1
PT030_OpenNeuro_ds003465_sub-25.nii.gz	V1	1	1.7104617	1
sub-426132500518.nii.gz	V1	1	1.7104756	1
sub-489027396007.nii.gz	V1	1	1.710545	1
sub-503_ses-wave3.nii.gz	V1	1	1.7105676	1
PT030_OpenNeuro_ds001486_sub-130.nii.gz	V1	1	1.7105685	1
sub-173733544878.nii.gz	V1	1	1.7106009	1
CP0114.nii.gz	V1	1	1.710622	1
PT030_OpenNeuro_ds002366_sub-34.nii.gz	V1	1	1.7106462	1
sub-582018807754.nii.gz	V1	1	1.7106544	1
PT034_Wayne_sub-064.nii.gz	V1	1	1.7106662	1
sub-596536965055.nii.gz	V1	1	1.7106755	1
PT030_OpenNeuro_ds001894_sub-141.nii.gz	V1	1	1.7107283	1
PT030_OpenNeuro_ds001796_sub-14.nii.gz	V1	1	1.7107571	1
sub-848863381663.nii.gz	V1	1	1.7107949	1
sub-175461878916.nii.gz	V1	1	1.7108371	1
sub-CC420392.nii.gz	V1	1	1.7108685	1
sub-779760142266.nii.gz	V1	1	1.7108794	1
PT030_OpenNeuro_ds004173_sub-070.nii.gz	V1	1	1.7108811	1
sub-3531_ses-wave3.nii.gz	V1	1	1.7108917	1
sub-1316_ses-wave2.nii.gz	V1	1	1.7108991	1
PT008_AdolescentBrainDevelopment_sub-49.nii.gz	V1	1	1.7109077	1
sub-203715309746.nii.gz	V1	1	1.7109717	1
sub-659343191601.nii.gz	V1	1	1.7109805	1
sub-196554400534.nii.gz	V1	1	1.7110033	1
PT030_OpenNeuro_ds001740_sub-05.nii.gz	V1	1	1.7110322	1
PT030_OpenNeuro_ds004274_sub-16.nii.gz	V1	1	1.711054	1
PT033_WAND_sub-132.nii.gz	V1	1	1.7111063	1
sub-3531_ses-wave1.nii.gz	V1	1	1.7111102	1
PT030_OpenNeuro_ds004697_sub-51.nii.gz	V1	1	1.7111201	1
PT030_OpenNeuro_ds001894_sub-107.nii.gz	V1	1	1.7111396	1
sub-290730786497.nii.gz	V1	1	1.7112373	1
sub-499165373448.nii.gz	V1	1	1.7112567	1
PT030_OpenNeuro_ds004285_sub-78.nii.gz	V1	1	1.7112672	1
sub-941_ses-wave3.nii.gz	V1	1	1.7112675	1
sub-404426387175.nii.gz	V1	1	1.7112722	1
sub-407135588455.nii.gz	V1	1	1.7112789	1
sub-895397981435.nii.gz	V1	1	1.7112994	1
sub-141_ses-wave2.nii.gz	V1	1	1.7113216	1
PT030_OpenNeuro_ds001486_sub-115.nii.gz	V1	1	1.7113327	1
PT030_OpenNeuro_ds002843_sub-099.nii.gz	V1	1	1.7113662	1
sub-508767756378.nii.gz	V1	1	1.7113751	1
PT030_OpenNeuro_ds000117_sub-07.nii.gz	V1	1	1.7114825	1
PT030_OpenNeuro_ds001771_sub-06.nii.gz	V1	1	1.711519	1
sub-4737_ses-wave1.nii.gz	V1	1	1.7115453	1
sub-530551923943.nii.gz	V1	1	1.7115546	1
sub-931911905878.nii.gz	V1	1	1.7115598	1
sub-509_ses-wave3.nii.gz	V1	1	1.7115828	1
sub-896077443761.nii.gz	V1	1	1.71159	1
PT030_OpenNeuro_ds001928_sub-28.nii.gz	V1	1	1.7116209	1
sub-414574519306.nii.gz	V1	1	1.7116289	1
PT030_OpenNeuro_ds005684_sub-04.nii.gz	V1	1	1.7116308	1
sub-1196_ses-wave1.nii.gz	V1	1	1.7116417	1
sub-159_ses-wave1.nii.gz	V1	1	1.7116508	1
PT034_Wayne_sub-093.nii.gz	V1	1	1.7116604	1
sub-158_ses-wave2.nii.gz	V1	1	1.7116677	1
sub-804111669375.nii.gz	V1	1	1.7116879	1
sub-714328515596.nii.gz	V1	1	1.7116915	1
PT008_AdolescentBrainDevelopment_sub-11.nii.gz	V1	1	1.7117001	1
sub-388946336311.nii.gz	V1	1	1.711706	1
PT033_WAND_sub-152.nii.gz	V1	1	1.7117106	1
sub-855644705453.nii.gz	V1	1	1.7117352	1
PT030_OpenNeuro_ds003798_sub-037.nii.gz	V1	1	1.7117997	1
PT030_OpenNeuro_ds003499_sub-56.nii.gz	V1	1	1.7118267	1
sub-644560253408.nii.gz	V1	1	1.7118523	1
sub-745362270774.nii.gz	V1	1	1.7119129	1
sub-904230068278.nii.gz	V1	1	1.7119486	1
sub-539111877894.nii.gz	V1	1	1.7120141	1
PT030_OpenNeuro_ds002236_sub-11.nii.gz	V1	1	1.7120456	1
PT030_OpenNeuro_ds005498_sub-020.nii.gz	V1	1	1.7120836	1
PT030_OpenNeuro_ds003465_sub-20.nii.gz	V1	1	1.7121038	1
PT008_AdolescentBrainDevelopment_sub-50.nii.gz	V1	1	1.7121041	1
sub-804202082081.nii.gz	V1	1	1.7121377	1
PT030_OpenNeuro_ds003787_sub-42.nii.gz	V1	1	1.7121491	1
sub-942435218704.nii.gz	V1	1	1.712154	1
PT030_OpenNeuro_ds003416_sub-43.nii.gz	V1	1	1.7121593	1
sub-614655003675.nii.gz	V1	1	1.7121602	1
sub-193705299750.nii.gz	V1	1	1.7121844	1
sub-411511299951.nii.gz	V1	1	1.7121844	1
sub-2740_ses-wave1.nii.gz	V1	1	1.7122056	1
sub-986598837703.nii.gz	V1	1	1.7122061	1
sub-CC510483.nii.gz	V1	1	1.712207	1
sub-CC121111.nii.gz	V1	1	1.7122091	1
PT030_OpenNeuro_ds002338_sub-15.nii.gz	V1	1	1.7122372	1
sub-1797_ses-wave2.nii.gz	V1	1	1.7123014	1
PT033_WAND_sub-176.nii.gz	V1	1	1.7123035	1
sub-1139_ses-wave2.nii.gz	V1	1	1.7123085	1
PT030_OpenNeuro_ds001894_sub-099.nii.gz	V1	1	1.7123208	1
sub-475570025605.nii.gz	V1	1	1.7123264	1
sub-924907998371.nii.gz	V1	1	1.7123388	1
sub-231581179705.nii.gz	V1	1	1.7123398	1
sub-757835330544.nii.gz	V1	1	1.7123535	1
sub-980766581679.nii.gz	V1	1	1.7123632	1
sub-871744612983.nii.gz	V1	1	1.7123638	1
sub-466344740883.nii.gz	V1	1	1.7123922	1
PT030_OpenNeuro_ds003799_sub-43.nii.gz	V1	1	1.7123959	1
177_S_6409_I1029048.nii.gz	V1	1	1.7124298	1
sub-418353004170.nii.gz	V1	1	1.7124385	1
CP0059.nii.gz	V1	1	1.7124628	1
sub-140645991162.nii.gz	V1	1	1.7124639	1
sub-682553680890.nii.gz	V1	1	1.7125155	1
PT030_OpenNeuro_ds004556_sub-50.nii.gz	V1	1	1.7125412	1
sub-746_ses-wave1.nii.gz	V1	1	1.7125453	1
sub-163_ses-wave3.nii.gz	V1	1	1.7125854	1
sub-230547868840.nii.gz	V1	1	1.7125947	1
sub-834928817578.nii.gz	V1	1	1.7126372	1
sub-172409403491.nii.gz	V1	1	1.7126385	1
PT030_OpenNeuro_ds003424_sub-02.nii.gz	V1	1	1.7126544	1
sub-3571_ses-wave1.nii.gz	V1	1	1.7127	1
sub-626482891106.nii.gz	V1	1	1.7127035	1
sub-359897430748.nii.gz	V1	1	1.7127386	1
sub-216284306640.nii.gz	V1	1	1.7127638	1
sub-642295761548.nii.gz	V1	1	1.7127835	1
sub-136660172869.nii.gz	V1	1	1.7128048	1
PT030_OpenNeuro_ds000253_sub-03.nii.gz	V1	1	1.7128063	1
sub-625883065867.nii.gz	V1	1	1.7128136	1
PT030_OpenNeuro_ds004718_sub-11.nii.gz	V1	1	1.7128203	1
sub-741359564210.nii.gz	V1	1	1.7128329	1
PT030_OpenNeuro_ds003126_sub-55.nii.gz	V1	1	1.7128897	1
PT030_OpenNeuro_ds001894_sub-096.nii.gz	V1	1	1.7129039	1
sub-2085_ses-wave1.nii.gz	V1	1	1.7129084	1
PT030_OpenNeuro_ds001131_sub-27.nii.gz	V1	1	1.7129312	1
sub-3350_ses-wave1.nii.gz	V1	1	1.7129323	1
sub-442200955077.nii.gz	V1	1	1.7129421	1
PT012_CHBMP_sub-109.nii.gz	V1	1	1.7129654	1
PT030_OpenNeuro_ds005464_sub-08.nii.gz	V1	1	1.7129871	1
PT030_OpenNeuro_ds000222_sub-18.nii.gz	V1	1	1.7129879	1
PT030_OpenNeuro_ds001486_sub-042.nii.gz	V1	1	1.7130039	1
PT030_OpenNeuro_ds005123_sub-058.nii.gz	V1	1	1.7130187	1
PT030_OpenNeuro_ds003763_sub-41.nii.gz	V1	1	1.7130494	1
PT030_OpenNeuro_ds001486_sub-060.nii.gz	V1	1	1.7131157	1
sub-235528514013.nii.gz	V1	1	1.7131226	1
sub-958916458255.nii.gz	V1	1	1.7131457	1
sub-799436356040.nii.gz	V1	1	1.7131667	1
sub-625981000050.nii.gz	V1	1	1.7132142	1
sub-1875_ses-wave3.nii.gz	V1	1	1.7132274	1
PT030_OpenNeuro_ds003798_sub-031.nii.gz	V1	1	1.7132363	1
sub-292163783288.nii.gz	V1	1	1.7132375	1
sub-104333986026.nii.gz	V1	1	1.7132617	1
PT030_OpenNeuro_ds004795_sub-065.nii.gz	V1	1	1.7132804	1
PT030_OpenNeuro_ds004711_sub-066.nii.gz	V1	1	1.7133123	1
sub-963094872972.nii.gz	V1	1	1.7133143	1
sub-258404721857.nii.gz	V1	1	1.7133572	1
sub-CC520083.nii.gz	V1	1	1.7133868	1
sub-768287290520.nii.gz	V1	1	1.7134264	1
PT030_OpenNeuro_ds003416_sub-35.nii.gz	V1	1	1.7134347	1
sub-149_ses-wave1.nii.gz	V1	1	1.7134608	1
PT030_OpenNeuro_ds003877_sub-19.nii.gz	V1	1	1.7134954	1
sub-2248_ses-wave2.nii.gz	V1	1	1.7135434	1
PT030_OpenNeuro_ds004711_sub-048.nii.gz	V1	1	1.7135845	1
PT030_OpenNeuro_ds003416_sub-39.nii.gz	V1	1	1.713592	1
PT030_OpenNeuro_ds002620_sub-20.nii.gz	V1	1	1.7136	1
sub-211069759919.nii.gz	V1	1	1.7136136	1
PT030_OpenNeuro_ds003499_sub-32.nii.gz	V1	1	1.713635	1
sub-710980622258.nii.gz	V1	1	1.713765	1
sub-907173410181.nii.gz	V1	1	1.7137867	1
sub-495970401623.nii.gz	V1	1	1.7138225	1
sub-970724365551.nii.gz	V1	1	1.7138544	1
PT030_OpenNeuro_ds001486_sub-098.nii.gz	V1	1	1.7138798	1
PT030_OpenNeuro_ds001894_sub-076.nii.gz	V1	1	1.7139028	1
sub-842405684907.nii.gz	V1	1	1.7139068	1
sub-965_ses-wave1.nii.gz	V1	1	1.7139161	1
sub-416196732139.nii.gz	V1	1	1.7139413	1
sub-178_ses-wave2.nii.gz	V1	1	1.7139534	1
sub-1272_ses-wave1.nii.gz	V1	1	1.7139604	1
sub-451569316549.nii.gz	V1	1	1.713964	1
sub-594416430926.nii.gz	V1	1	1.714024	1
sub-2220_ses-wave2.nii.gz	V1	1	1.7140242	1
PT032_Tao_Wu_sub-15.nii.gz	V1	1	1.7140754	1
PT030_OpenNeuro_ds005237_sub-194.nii.gz	V1	1	1.7140775	1
PT030_OpenNeuro_ds003499_sub-61.nii.gz	V1	1	1.7140899	1
sub-835915863975.nii.gz	V1	1	1.7141198	1
PT030_OpenNeuro_ds003877_sub-74.nii.gz	V1	1	1.714124	1
sub-4104_ses-wave1.nii.gz	V1	1	1.7141386	1
sub-CC520287.nii.gz	V1	1	1.7141435	1
sub-433613356059.nii.gz	V1	1	1.7141454	1
sub-174_ses-wave3.nii.gz	V1	1	1.714147	1
PT030_OpenNeuro_ds003465_sub-32.nii.gz	V1	1	1.7141854	1
PT030_OpenNeuro_ds001486_sub-071.nii.gz	V1	1	1.7142265	1
PT030_OpenNeuro_ds001894_sub-064.nii.gz	V1	1	1.7142286	1
sub-CC420464.nii.gz	V1	1	1.7142287	1
sub-940_ses-wave2.nii.gz	V1	1	1.7142296	1
sub-752827719198.nii.gz	V1	1	1.7143064	1
CP0167.nii.gz	V1	1	1.7143106	1
sub-345708177080.nii.gz	V1	1	1.7143316	1
sub-523327138347.nii.gz	V1	1	1.7143422	1
PT030_OpenNeuro_ds003877_sub-46.nii.gz	V1	1	1.7143607	1
PT030_OpenNeuro_ds001486_sub-112.nii.gz	V1	1	1.71438	1
sub-562994380070.nii.gz	V1	1	1.7143848	1
sub-CC310256.nii.gz	V1	1	1.714389	1
PT030_OpenNeuro_ds001486_sub-096.nii.gz	V1	1	1.7143893	1
PT030_OpenNeuro_ds003358_sub-05.nii.gz	V1	1	1.7144054	1
PT030_OpenNeuro_ds003126_sub-45.nii.gz	V1	1	1.7144129	1
PT030_OpenNeuro_ds004327_sub-18.nii.gz	V1	1	1.714448	1
PT012_CHBMP_sub-182.nii.gz	V1	1	1.7144711	1
RRIB_sub-109.nii.gz	V1	1	1.7144866	1
sub-579120328387.nii.gz	V1	1	1.7144965	1
PT030_OpenNeuro_ds001486_sub-092.nii.gz	V1	1	1.7145021	1
sub-945354197992.nii.gz	V1	1	1.7145127	1
PT030_OpenNeuro_ds001226_sub-01.nii.gz	V1	1	1.7145256	1
sub-158561810586.nii.gz	V1	1	1.7145293	1
PT030_OpenNeuro_ds004173_sub-065.nii.gz	V1	1	1.7145847	1
sub-169_ses-wave1.nii.gz	V1	1	1.7145945	1
sub-1172_ses-wave3.nii.gz	V1	1	1.7146322	1
sub-615178435957.nii.gz	V1	1	1.7146518	1
sub-CC610462.nii.gz	V1	1	1.7147084	1
sub-721665266635.nii.gz	V1	1	1.7147107	1
PT030_OpenNeuro_ds004173_sub-113.nii.gz	V1	1	1.7147135	1
PT030_OpenNeuro_ds003416_sub-27.nii.gz	V1	1	1.7147394	1
PT030_OpenNeuro_ds005237_sub-190.nii.gz	V1	1	1.7147517	1
sub-768654883244.nii.gz	V1	1	1.7147597	1
sub-CC221031.nii.gz	V1	1	1.7147961	1
sub-524224102666.nii.gz	V1	1	1.7148168	1
PT030_OpenNeuro_ds002578_sub-01.nii.gz	V1	1	1.7148217	1
PT030_OpenNeuro_ds000222_sub-71.nii.gz	V1	1	1.7148739	1
sub-1665_ses-wave1.nii.gz	V1	1	1.71488	1
sub-928379379406.nii.gz	V1	1	1.714921	1
PT030_OpenNeuro_ds004230_sub-17.nii.gz	V1	1	1.7149615	1
sub-953700135343.nii.gz	V1	1	1.7149832	1
PT030_OpenNeuro_ds004795_sub-034.nii.gz	V1	1	1.714991	1
sub-677258876126.nii.gz	V1	1	1.7149915	1
PT030_OpenNeuro_ds001486_sub-056.nii.gz	V1	1	1.7150017	1
PT030_OpenNeuro_ds005237_sub-176.nii.gz	V1	1	1.7150222	1
sub-285828935361.nii.gz	V1	1	1.7150488	1
sub-CC310252.nii.gz	V1	1	1.715072	1
PT030_OpenNeuro_ds004285_sub-17.nii.gz	V1	1	1.7150722	1
PT030_OpenNeuro_ds001486_sub-113.nii.gz	V1	1	1.7150943	1
PT032_Tao_Wu_sub-11.nii.gz	V1	1	1.7151026	1
sub-663994701427.nii.gz	V1	1	1.7151368	1
sub-909015803207.nii.gz	V1	1	1.7152919	1
PT030_OpenNeuro_ds004711_sub-063.nii.gz	V1	1	1.715292	1
sub-4737_ses-wave2.nii.gz	V1	1	1.7153248	1
sub-830297451917.nii.gz	V1	1	1.7153563	1
sub-61_ses-wave2.nii.gz	V1	1	1.7153666	1
PT030_OpenNeuro_ds002338_sub-17.nii.gz	V1	1	1.7153668	1
sub-ON98362.nii.gz	V1	1	1.7153683	1
sub-CC320636.nii.gz	V1	1	1.7153951	1
PT030_OpenNeuro_ds004711_sub-050.nii.gz	V1	1	1.7153982	1
sub-627471727969.nii.gz	V1	1	1.7154522	1
sub-749068148420.nii.gz	V1	1	1.7154558	1
sub-503_ses-wave2.nii.gz	V1	1	1.7154657	1
sub-103_ses-wave1.nii.gz	V1	1	1.7155383	1
sub-880811779741.nii.gz	V1	1	1.7155893	1
PT030_OpenNeuro_ds004589_sub-79.nii.gz	V1	1	1.7156105	1
PT033_WAND_sub-043.nii.gz	V1	1	1.7156115	1
sub-661066566833.nii.gz	V1	1	1.7156346	1
sub-989_ses-wave3.nii.gz	V1	1	1.7156637	1
PT030_OpenNeuro_ds000224_sub-02.nii.gz	V1	1	1.7156878	1
sub-1124_ses-wave1.nii.gz	V1	1	1.7156945	1
sub-1767_ses-wave2.nii.gz	V1	1	1.715704	1
sub-197059739649.nii.gz	V1	1	1.7157753	1
sub-174_ses-wave2.nii.gz	V1	1	1.7157962	1
PT030_OpenNeuro_ds004196_sub-03.nii.gz	V1	1	1.7158086	1
PT030_OpenNeuro_ds002382_sub-15.nii.gz	V1	1	1.7158501	1
sub-CC610508.nii.gz	V1	1	1.7158629	1
sub-532271128785.nii.gz	V1	1	1.7158878	1
sub-420357341840.nii.gz	V1	1	1.7158986	1
sub-187923963114.nii.gz	V1	1	1.7158988	1
sub-399522447362.nii.gz	V1	1	1.7159197	1
sub-CC512003.nii.gz	V1	1	1.7159388	1
sub-1240_ses-wave1.nii.gz	V1	1	1.7159971	1
sub-730972405484.nii.gz	V1	1	1.7160375	1
PT030_OpenNeuro_ds003416_sub-96.nii.gz	V1	1	1.7160465	1
sub-440368279362.nii.gz	V1	1	1.7160572	1
sub-782327830408.nii.gz	V1	1	1.7160676	1
PT030_OpenNeuro_ds003083_sub-14.nii.gz	V1	1	1.7161614	1
PT030_OpenNeuro_ds003076_sub-08.nii.gz	V1	1	1.7161614	1
PT033_WAND_sub-080.nii.gz	V1	1	1.7161614	1
PT030_OpenNeuro_ds002727_sub-13.nii.gz	V1	1	1.7161708	1
PT012_CHBMP_sub-155.nii.gz	V1	1	1.7161858	1
sub-615353760008.nii.gz	V1	1	1.716194	1
PT030_OpenNeuro_ds002424_sub-72.nii.gz	V1	1	1.716207	1
PT030_OpenNeuro_ds003126_sub-43.nii.gz	V1	1	1.7162243	1
sub-1370_ses-wave2.nii.gz	V1	1	1.716298	1
sub-923955385323.nii.gz	V1	1	1.7163239	1
PT030_OpenNeuro_ds000119_sub-19.nii.gz	V1	1	1.7163519	1
sub-2152_ses-wave1.nii.gz	V1	1	1.7163566	1
sub-427255899112.nii.gz	V1	1	1.7163931	1
PT030_OpenNeuro_ds001796_sub-31.nii.gz	V1	1	1.7163966	1
sub-1183_ses-wave2.nii.gz	V1	1	1.7164148	1
PT032_Tao_Wu_sub-20.nii.gz	V1	1	1.7164181	1
PT030_OpenNeuro_ds004711_sub-005.nii.gz	V1	1	1.7164513	1
sub-908199111612.nii.gz	V1	1	1.7164805	1
sub-154200620450.nii.gz	V1	1	1.7164866	1
sub-799_ses-wave3.nii.gz	V1	1	1.7165034	1
sub-465136351800.nii.gz	V1	1	1.716506	1
sub-283856714931.nii.gz	V1	1	1.7165302	1
sub-327_ses-wave2.nii.gz	V1	1	1.7165445	1
sub-429746311818.nii.gz	V1	1	1.7165674	1
PT030_OpenNeuro_ds002620_sub-29.nii.gz	V1	1	1.7165711	1
PT030_OpenNeuro_ds003877_sub-66.nii.gz	V1	1	1.7165729	1
RRIB_sub-120.nii.gz	V1	1	1.7165879	1
PT030_OpenNeuro_ds004711_sub-009.nii.gz	V1	1	1.7166086	1
sub-CC610625.nii.gz	V1	1	1.7166119	1
PT030_OpenNeuro_ds004837_sub-10.nii.gz	V1	1	1.7166307	1
PT030_OpenNeuro_ds002727_sub-20.nii.gz	V1	1	1.7166358	1
sub-CC112141.nii.gz	V1	1	1.7167041	1
sub-122612583665.nii.gz	V1	1	1.7167072	1
PT030_OpenNeuro_ds003799_sub-36.nii.gz	V1	1	1.716711	1
sub-130699587566.nii.gz	V1	1	1.7167158	1
sub-1864_ses-wave2.nii.gz	V1	1	1.7167232	1
RRIB_sub-148.nii.gz	V1	1	1.7167523	1
sub-1615_ses-wave3.nii.gz	V1	1	1.7168078	1
sub-169_ses-wave2.nii.gz	V1	1	1.7168343	1
sub-558059595100.nii.gz	V1	1	1.7168784	1
sub-896035160007.nii.gz	V1	1	1.716879	1
sub-406583604959.nii.gz	V1	1	1.716913	1
PT030_OpenNeuro_ds000008_sub-03.nii.gz	V1	1	1.7169156	1
sub-701414475226.nii.gz	V1	1	1.7169214	1
PT030_OpenNeuro_ds006472_sub-18.nii.gz	V1	1	1.7169322	1
RRIB_sub-014.nii.gz	V1	1	1.7169793	1
sub-873911124621.nii.gz	V1	1	1.7170088	1
PT030_OpenNeuro_ds000236_sub-07.nii.gz	V1	1	1.7170132	1
PT030_OpenNeuro_ds002338_sub-12.nii.gz	V1	1	1.7170503	1
sub-858715801001.nii.gz	V1	1	1.7170583	1
sub-1577_ses-wave1.nii.gz	V1	1	1.7170635	1
PT030_OpenNeuro_ds002424_sub-27.nii.gz	V1	1	1.7170982	1
sub-CC510534.nii.gz	V1	1	1.7171198	1
PT030_OpenNeuro_ds002732_sub-30.nii.gz	V1	1	1.717122	1
PT030_OpenNeuro_ds001486_sub-131.nii.gz	V1	1	1.7171419	1
sub-936900293798.nii.gz	V1	1	1.7171764	1
sub-622552266432.nii.gz	V1	1	1.717178	1
PT030_OpenNeuro_ds005498_sub-113.nii.gz	V1	1	1.7172215	1
PT030_OpenNeuro_ds002843_sub-047.nii.gz	V1	1	1.7173172	1
sub-757369811232.nii.gz	V1	1	1.7173326	1
PT030_OpenNeuro_ds000235_sub-03.nii.gz	V1	1	1.7173328	1
PT030_OpenNeuro_ds004556_sub-12.nii.gz	V1	1	1.7173489	1
PT030_OpenNeuro_ds004718_sub-01.nii.gz	V1	1	1.7174003	1
sub-697141427612.nii.gz	V1	1	1.7174305	1
sub-OAS31250_sess-d0174_run-02.nii.gz	V1	1	1.7174356	1
sub-801_ses-wave1.nii.gz	V1	1	1.7174923	1
PT033_WAND_sub-141.nii.gz	V1	1	1.7174946	1
PT030_OpenNeuro_ds003487_sub-14.nii.gz	V1	1	1.7175272	1
sub-444080364099.nii.gz	V1	1	1.7175552	1
PT030_OpenNeuro_ds000222_sub-64.nii.gz	V1	1	1.7175825	1
sub-198802102032.nii.gz	V1	1	1.7176028	1
sub-340211623411.nii.gz	V1	1	1.7176039	1
PT030_OpenNeuro_ds001894_sub-119.nii.gz	V1	1	1.7176273	1
sub-CC410084.nii.gz	V1	1	1.7176481	1
PT030_OpenNeuro_ds004711_sub-070.nii.gz	V1	1	1.7176657	1
PT030_OpenNeuro_ds001486_sub-083.nii.gz	V1	1	1.7176666	1
177_S_6408_I1008024.nii.gz	V1	1	1.717674	1
PT030_OpenNeuro_ds002236_sub-01.nii.gz	V1	1	1.7176942	1
PT030_OpenNeuro_ds005126_sub-02.nii.gz	V1	1	1.7177036	1
sub-200_ses-wave2.nii.gz	V1	1	1.7177073	1
sub-CC610496.nii.gz	V1	1	1.7177176	1
sub-532024257558.nii.gz	V1	1	1.7177223	1
sub-924687982745.nii.gz	V1	1	1.7177265	1
sub-324113689628.nii.gz	V1	1	1.7177472	1
PT030_OpenNeuro_ds002647_sub-86.nii.gz	V1	1	1.7177628	1
sub-792504229121.nii.gz	V1	1	1.7177757	1
PT030_OpenNeuro_ds000140_sub-27.nii.gz	V1	1	1.7177987	1
PT030_OpenNeuro_ds001796_sub-49.nii.gz	V1	1	1.717847	1
sub-352503970856.nii.gz	V1	1	1.7178885	1
sub-167716104239.nii.gz	V1	1	1.7179011	1
sub-438838850004.nii.gz	V1	1	1.7179059	1
PT030_OpenNeuro_ds005256_sub-075.nii.gz	V1	1	1.7179115	1
PT036_Yale_HighRes_sub-059.nii.gz	V1	1	1.7179142	1
sub-509_ses-wave2.nii.gz	V1	1	1.717955	1
PT030_OpenNeuro_ds003017_sub-08.nii.gz	V1	1	1.7179718	1
PT034_Wayne_sub-106.nii.gz	V1	1	1.7179922	1
sub-520903005194.nii.gz	V1	1	1.7180591	1
PT030_OpenNeuro_ds003416_sub-65.nii.gz	V1	1	1.7181385	1
sub-199603028032.nii.gz	V1	1	1.7181581	1
sub-804610978249.nii.gz	V1	1	1.7181709	1
sub-912062086904.nii.gz	V1	1	1.7182044	1
sub-925037100804.nii.gz	V1	1	1.7182412	1
PT030_OpenNeuro_ds001486_sub-086.nii.gz	V1	1	1.7182695	1
PT030_OpenNeuro_ds000256_sub-13.nii.gz	V1	1	1.7183071	1
sub-324287385116.nii.gz	V1	1	1.7183121	1
sub-938583714160.nii.gz	V1	1	1.7183421	1
PT030_OpenNeuro_ds003499_sub-25.nii.gz	V1	1	1.7183659	1
sub-351385167537.nii.gz	V1	1	1.7183781	1
sub-207254625725.nii.gz	V1	1	1.7183968	1
sub-179146374153.nii.gz	V1	1	1.7183969	1
PT030_OpenNeuro_ds002422_sub-29.nii.gz	V1	1	1.7184016	1
sub-804584597484.nii.gz	V1	1	1.7184048	1
PT030_OpenNeuro_ds000240_sub-27.nii.gz	V1	1	1.7184061	1
PT030_OpenNeuro_ds003126_sub-44.nii.gz	V1	1	1.7184129	1
PT030_OpenNeuro_ds004556_sub-11.nii.gz	V1	1	1.7184348	1
sub-102730278561.nii.gz	V1	1	1.718462	1
sub-926443180069.nii.gz	V1	1	1.7184749	1
PT030_OpenNeuro_ds000228_sub-029.nii.gz	V1	1	1.7184983	1
sub-828084540257.nii.gz	V1	1	1.7185502	1
sub-948053748378.nii.gz	V1	1	1.7185506	1
sub-271649634632.nii.gz	V1	1	1.7186006	1
PT030_OpenNeuro_ds002382_sub-18.nii.gz	V1	1	1.718647	1
PT030_OpenNeuro_ds002793_sub-16.nii.gz	V1	1	1.7186618	1
PT034_Wayne_sub-018.nii.gz	V1	1	1.7187023	1
PT030_OpenNeuro_ds003465_sub-49.nii.gz	V1	1	1.7187122	1
sub-115044780386.nii.gz	V1	1	1.7187172	1
PT030_OpenNeuro_ds003416_sub-76.nii.gz	V1	1	1.7187227	1
sub-1775_ses-wave1.nii.gz	V1	1	1.7187473	1
sub-989364744933.nii.gz	V1	1	1.7187594	1
PT030_OpenNeuro_ds005413_sub-03.nii.gz	V1	1	1.718763	1
PT030_OpenNeuro_ds002382_sub-13.nii.gz	V1	1	1.7187794	1
sub-754201155706.nii.gz	V1	1	1.7187854	1
PT030_OpenNeuro_ds000009_sub-19.nii.gz	V1	1	1.718803	1
sub-CC510438.nii.gz	V1	1	1.718844	1
sub-370345433121.nii.gz	V1	1	1.7188716	1
sub-458299689603.nii.gz	V1	1	1.7189027	1
PT030_OpenNeuro_ds000256_sub-01.nii.gz	V1	1	1.7189119	1
sub-181778515289.nii.gz	V1	1	1.7189257	1
PT030_OpenNeuro_ds002382_sub-19.nii.gz	V1	1	1.7189326	1
sub-CC520127.nii.gz	V1	1	1.7189969	1
sub-214736954511.nii.gz	V1	1	1.7190332	1
PT030_OpenNeuro_ds004226_sub-03.nii.gz	V1	1	1.7190437	1
sub-829286451165.nii.gz	V1	1	1.7190552	1
sub-375721442544.nii.gz	V1	1	1.7191057	1
sub-1751_ses-wave3.nii.gz	V1	1	1.7191103	1
sub-431931021444.nii.gz	V1	1	1.7191168	1
sub-603274442678.nii.gz	V1	1	1.7191437	1
sub-CC510551.nii.gz	V1	1	1.7191582	1
sub-3653_ses-wave1.nii.gz	V1	1	1.7191583	1
sub-CC420286.nii.gz	V1	1	1.7192152	1
sub-299861718181.nii.gz	V1	1	1.7192178	1
PT030_OpenNeuro_ds000222_sub-49.nii.gz	V1	1	1.7192336	1
sub-316019186858.nii.gz	V1	1	1.7192377	1
PT030_OpenNeuro_ds002336_sub-05.nii.gz	V1	1	1.7192435	1
sub-898914496386.nii.gz	V1	1	1.7192615	1
sub-2819_ses-wave2.nii.gz	V1	1	1.7192742	1
PT030_OpenNeuro_ds004711_sub-125.nii.gz	V1	1	1.7192826	1
sub-347536493520.nii.gz	V1	1	1.7192882	1
PT030_OpenNeuro_ds001338_sub-05.nii.gz	V1	1	1.7192993	1
PT030_OpenNeuro_ds003745_sub-47.nii.gz	V1	1	1.7193081	1
sub-CC222304.nii.gz	V1	1	1.7193173	1
PT030_OpenNeuro_ds005588_sub-13.nii.gz	V1	1	1.7193629	1
sub-CC510629.nii.gz	V1	1	1.719381	1
sub-934_ses-wave1.nii.gz	V1	1	1.7193893	1
sub-12_ses-wave2.nii.gz	V1	1	1.7193956	1
PT030_OpenNeuro_ds003126_sub-41.nii.gz	V1	1	1.7194134	1
sub-931522580771.nii.gz	V1	1	1.7195063	1
sub-572513296369.nii.gz	V1	1	1.7195113	1
sub-3658_ses-wave1.nii.gz	V1	1	1.7195134	1
sub-815_ses-wave3.nii.gz	V1	1	1.719514	1
PT030_OpenNeuro_ds000236_sub-02.nii.gz	V1	1	1.7195457	1
sub-621908219750.nii.gz	V1	1	1.7195582	1
PT030_OpenNeuro_ds004556_sub-14.nii.gz	V1	1	1.7195593	1
PT030_OpenNeuro_ds003499_sub-24.nii.gz	V1	1	1.7195876	1
sub-2872_ses-wave1.nii.gz	V1	1	1.7196131	1
PT030_OpenNeuro_ds001894_sub-094.nii.gz	V1	1	1.7196183	1
sub-119139956064.nii.gz	V1	1	1.7196412	1
sub-736060141260.nii.gz	V1	1	1.7197036	1
sub-103_ses-wave3.nii.gz	V1	1	1.7197069	1
PT030_OpenNeuro_ds005123_sub-050.nii.gz	V1	1	1.7197646	1
PT030_OpenNeuro_ds003877_sub-67.nii.gz	V1	1	1.7198025	1
sub-CC520395.nii.gz	V1	1	1.7198206	1
PT030_OpenNeuro_ds000140_sub-21.nii.gz	V1	1	1.7198322	1
sub-892723361287.nii.gz	V1	1	1.7198975	1
PT030_OpenNeuro_ds003126_sub-50.nii.gz	V1	1	1.7199	1
sub-3693_ses-wave2.nii.gz	V1	1	1.7199013	1
sub-OAS31312_sess-d0088.nii.gz	V1	1	1.7199334	1
sub-806223413897.nii.gz	V1	1	1.7199346	1
sub-891_ses-wave2.nii.gz	V1	1	1.7200295	1
sub-141_ses-wave1.nii.gz	V1	1	1.7200351	1
sub-3737_ses-wave1.nii.gz	V1	1	1.7200366	1
sub-108597937741.nii.gz	V1	1	1.7200506	1
sub-391307558884.nii.gz	V1	1	1.7201003	1
sub-891_ses-wave1.nii.gz	V1	1	1.7201214	1
PT012_CHBMP_sub-166.nii.gz	V1	1	1.7201239	1
sub-614478580712.nii.gz	V1	1	1.7201527	1
PT012_CHBMP_sub-059.nii.gz	V1	1	1.7202171	1
PT030_OpenNeuro_ds000031_sub-01.nii.gz	V1	1	1.7202313	1
RRIB_sub-006.nii.gz	V1	1	1.7202358	1
PT030_OpenNeuro_ds004795_sub-073.nii.gz	V1	1	1.7202655	1
PT030_OpenNeuro_ds002382_sub-17.nii.gz	V1	1	1.7202842	1
sub-464682388944.nii.gz	V1	1	1.7203071	1
sub-655374246890.nii.gz	V1	1	1.7203196	1
PT030_OpenNeuro_ds005498_sub-105.nii.gz	V1	1	1.7203695	1
PT030_OpenNeuro_ds000232_sub-07.nii.gz	V1	1	1.7204058	1
sub-3653_ses-wave2.nii.gz	V1	1	1.7205473	1
PT030_OpenNeuro_ds003358_sub-13.nii.gz	V1	1	1.7205498	1
sub-924528886760.nii.gz	V1	1	1.7205632	1
PT030_OpenNeuro_ds003469_sub-13.nii.gz	V1	1	1.7205695	1
sub-955099440993.nii.gz	V1	1	1.720574	1
sub-221620880012.nii.gz	V1	1	1.7206031	1
PT030_OpenNeuro_ds002878_sub-18.nii.gz	V1	1	1.7206075	1
sub-733532206179.nii.gz	V1	1	1.7206138	1
sub-926186325110.nii.gz	V1	1	1.7206221	1
sub-340884207361.nii.gz	V1	1	1.7206225	1
sub-509933319281.nii.gz	V1	1	1.7206333	1
sub-287536234169.nii.gz	V1	1	1.7206384	1
sub-365088331254.nii.gz	V1	1	1.7206454	1
sub-961483413696.nii.gz	V1	1	1.7206511	1
sub-537034379289.nii.gz	V1	1	1.7206688	1
sub-361_ses-wave1.nii.gz	V1	1	1.7207057	1
PT030_OpenNeuro_ds001486_sub-058.nii.gz	V1	1	1.7207228	1
sub-190752474867.nii.gz	V1	1	1.7208477	1
sub-259351679051.nii.gz	V1	1	1.7208536	1
sub-689747547774.nii.gz	V1	1	1.7208688	1
sub-1444_ses-wave1.nii.gz	V1	1	1.7208922	1
sub-288275511552.nii.gz	V1	1	1.7209047	1
PT030_OpenNeuro_ds000236_sub-13.nii.gz	V1	1	1.7209278	1
PT030_OpenNeuro_ds005498_sub-003.nii.gz	V1	1	1.7209466	1
PT030_OpenNeuro_ds000232_sub-08.nii.gz	V1	1	1.7210029	1
PT030_OpenNeuro_ds000228_sub-124.nii.gz	V1	1	1.7210102	1
sub-778029593360.nii.gz	V1	1	1.7210268	1
PT030_OpenNeuro_ds001894_sub-140.nii.gz	V1	1	1.7210331	1
PT012_CHBMP_sub-162.nii.gz	V1	1	1.7210499	1
sub-603549633902.nii.gz	V1	1	1.7210621	1
sub-471337118066.nii.gz	V1	1	1.7211082	1
sub-CC620073.nii.gz	V1	1	1.7211246	1
PT030_OpenNeuro_ds002620_sub-21.nii.gz	V1	1	1.7211689	1
sub-761596253268.nii.gz	V1	1	1.7212044	1
PT030_OpenNeuro_ds004556_sub-44.nii.gz	V1	1	1.7212082	1
sub-922622292927.nii.gz	V1	1	1.7212454	1
PT030_OpenNeuro_ds003877_sub-75.nii.gz	V1	1	1.7212489	1
PT030_OpenNeuro_ds001894_sub-109.nii.gz	V1	1	1.721267	1
sub-822012913315.nii.gz	V1	1	1.7212689	1
sub-679762367696.nii.gz	V1	1	1.7212826	1
sub-248029131178.nii.gz	V1	1	1.7212873	1
PT034_Wayne_sub-015.nii.gz	V1	1	1.7213124	1
sub-CC420435.nii.gz	V1	1	1.7213166	1
PT030_OpenNeuro_ds002620_sub-30.nii.gz	V1	1	1.7213173	1
sub-CC420061.nii.gz	V1	1	1.721333	1
sub-889_ses-wave1.nii.gz	V1	1	1.7213482	1
PT030_OpenNeuro_ds000172_sub-01.nii.gz	V1	1	1.7213634	1
sub-CC610099.nii.gz	V1	1	1.7214135	1
RRIB_sub-138.nii.gz	V1	1	1.7214193	1
sub-575605093745.nii.gz	V1	1	1.7214239	1
sub-113812293828.nii.gz	V1	1	1.7214296	1
sub-380942221635.nii.gz	V1	1	1.7214351	1
PT030_OpenNeuro_ds006395_sub-18.nii.gz	V1	1	1.721459	1
sub-487672006646.nii.gz	V1	1	1.7214949	1
PT030_OpenNeuro_ds004169_sub-0062.nii.gz	V1	1	1.7215235	1
sub-447368311317.nii.gz	V1	1	1.7215613	1
sub-1146_ses-wave2.nii.gz	V1	1	1.7215807	1
sub-583648508635.nii.gz	V1	1	1.721612	1
PT008_AdolescentBrainDevelopment_sub-41.nii.gz	V1	1	1.7216609	1
sub-160079241762.nii.gz	V1	1	1.7216796	1
sub-763294825406.nii.gz	V1	1	1.7217032	1
PT030_OpenNeuro_ds002620_sub-47.nii.gz	V1	1	1.7217493	1
PT030_OpenNeuro_ds002620_sub-14.nii.gz	V1	1	1.7217656	1
PT030_OpenNeuro_ds002647_sub-62.nii.gz	V1	1	1.7217884	1
PT030_OpenNeuro_ds000256_sub-05.nii.gz	V1	1	1.7218121	1
sub-832900745555.nii.gz	V1	1	1.7218312	1
sub-394011650785.nii.gz	V1	1	1.7218558	1
sub-537131646189.nii.gz	V1	1	1.7218586	1
sub-958699668945.nii.gz	V1	1	1.721887	1
sub-CC520042.nii.gz	V1	1	1.721894	1
PT030_OpenNeuro_ds004711_sub-014.nii.gz	V1	1	1.7219418	1
PT030_OpenNeuro_ds002647_sub-70.nii.gz	V1	1	1.7219653	1
PT030_OpenNeuro_ds002872_sub-09.nii.gz	V1	1	1.7219663	1
sub-308416050275.nii.gz	V1	1	1.7219707	1
RRIB_sub-045.nii.gz	V1	1	1.7219874	1
sub-643156878338.nii.gz	V1	1	1.7219889	1
PT030_OpenNeuro_ds002647_sub-05.nii.gz	V1	1	1.7219949	1
sub-876168816548.nii.gz	V1	1	1.7220268	1
sub-528595326378.nii.gz	V1	1	1.7220427	1
sub-1751_ses-wave1.nii.gz	V1	1	1.7220811	1
sub-258738665060.nii.gz	V1	1	1.7220812	1
sub-314220673401.nii.gz	V1	1	1.722089	1
sub-CC221755.nii.gz	V1	1	1.72209	1
PT030_OpenNeuro_ds004795_sub-127.nii.gz	V1	1	1.7221016	1
sub-664586833412.nii.gz	V1	1	1.7221032	1
PT030_OpenNeuro_ds000224_sub-07.nii.gz	V1	1	1.7221448	1
sub-780065374239.nii.gz	V1	1	1.7221506	1
PT030_OpenNeuro_ds001894_sub-069.nii.gz	V1	1	1.7221575	1
sub-844622187035.nii.gz	V1	1	1.722177	1
sub-941_ses-wave1.nii.gz	V1	1	1.7221828	1
sub-368153573682.nii.gz	V1	1	1.7221891	1
sub-CC520517.nii.gz	V1	1	1.7222015	1
PT030_OpenNeuro_ds003877_sub-79.nii.gz	V1	1	1.7222184	1
sub-989_ses-wave1.nii.gz	V1	1	1.7222222	1
sub-886_ses-wave1.nii.gz	V1	1	1.7222269	1
PT030_OpenNeuro_ds006395_sub-27.nii.gz	V1	1	1.7222271	1
sub-675329660946.nii.gz	V1	1	1.7222286	1
PT030_OpenNeuro_ds003499_sub-36.nii.gz	V1	1	1.7222617	1
PT030_OpenNeuro_ds004718_sub-25.nii.gz	V1	1	1.7222779	1
PT012_CHBMP_sub-066.nii.gz	V1	1	1.7222794	1
sub-835335611764.nii.gz	V1	1	1.7223265	1
PT030_OpenNeuro_ds003404_sub-14.nii.gz	V1	1	1.7223712	1
sub-510703389436.nii.gz	V1	1	1.722392	1
PT030_OpenNeuro_ds000140_sub-31.nii.gz	V1	1	1.7223938	1
PT030_OpenNeuro_ds002236_sub-19.nii.gz	V1	1	1.7224299	1
sub-586769190632.nii.gz	V1	1	1.7224354	1
PT030_OpenNeuro_ds003416_sub-63.nii.gz	V1	1	1.7224405	1
PT030_OpenNeuro_ds003346_sub-093.nii.gz	V1	1	1.7224606	1
sub-805310521997.nii.gz	V1	1	1.7224631	1
sub-153810221421.nii.gz	V1	1	1.7224709	1
PT030_OpenNeuro_ds003499_sub-53.nii.gz	V1	1	1.7224776	1
CP0082.nii.gz	V1	1	1.7224821	1
PT030_OpenNeuro_ds002366_sub-29.nii.gz	V1	1	1.7225204	1
sub-281250458251.nii.gz	V1	1	1.7225283	1
sub-1370_ses-wave3.nii.gz	V1	1	1.7225415	1
sub-958208214082.nii.gz	V1	1	1.722553	1
sub-661825354690.nii.gz	V1	1	1.7225883	1
sub-CC510255.nii.gz	V1	1	1.7225885	1
PT030_OpenNeuro_ds004217_sub-04.nii.gz	V1	1	1.722601	1
sub-914694321639.nii.gz	V1	1	1.7226117	1
PT030_OpenNeuro_ds003499_sub-40.nii.gz	V1	1	1.7226154	1
sub-251224069006.nii.gz	V1	1	1.7226228	1
PT030_OpenNeuro_ds003545_sub-02.nii.gz	V1	1	1.7226313	1
sub-927_ses-wave1.nii.gz	V1	1	1.7226655	1
sub-486133856944.nii.gz	V1	1	1.7226745	1
sub-1220_ses-wave1.nii.gz	V1	1	1.7226815	1
PT030_OpenNeuro_ds003126_sub-51.nii.gz	V1	1	1.7226824	1
sub-819847023081.nii.gz	V1	1	1.7227001	1
sub-696219769402.nii.gz	V1	1	1.7227182	1
sub-765812746859.nii.gz	V1	1	1.7227448	1
PT008_AdolescentBrainDevelopment_sub-35.nii.gz	V1	1	1.7227514	1
sub-CC120049.nii.gz	V1	1	1.7227634	1
PT030_OpenNeuro_ds004169_sub-0063.nii.gz	V1	1	1.722766	1
PT030_OpenNeuro_ds001486_sub-087.nii.gz	V1	1	1.7228352	1
sub-661291685646.nii.gz	V1	1	1.7228502	1
PT030_OpenNeuro_ds004711_sub-149.nii.gz	V1	1	1.7228713	1
sub-CC520398.nii.gz	V1	1	1.7228973	1
sub-CC320022.nii.gz	V1	1	1.7229186	1
PT012_CHBMP_sub-029.nii.gz	V1	1	1.7229229	1
PT030_OpenNeuro_ds002647_sub-66.nii.gz	V1	1	1.7229793	1
PT030_OpenNeuro_ds001486_sub-059.nii.gz	V1	1	1.7229905	1
sub-189082897625.nii.gz	V1	1	1.7230272	1
sub-777197299524.nii.gz	V1	1	1.7230355	1
sub-580133204447.nii.gz	V1	1	1.7230963	1
PT030_OpenNeuro_ds002366_sub-31.nii.gz	V1	1	1.7231451	1
sub-301313422615.nii.gz	V1	1	1.7231457	1
PT030_OpenNeuro_ds001894_sub-121.nii.gz	V1	1	1.723146	1
PT030_OpenNeuro_ds003382_sub-05.nii.gz	V1	1	1.723146	1
PT030_OpenNeuro_ds003346_sub-089.nii.gz	V1	1	1.7231534	1
PT012_CHBMP_sub-127.nii.gz	V1	1	1.723194	1
sub-836224924436.nii.gz	V1	1	1.7232076	1
sub-953022551113.nii.gz	V1	1	1.7232318	1
sub-849160879602.nii.gz	V1	1	1.7232423	1
sub-CC320359.nii.gz	V1	1	1.7232604	1
sub-485776903651.nii.gz	V1	1	1.7232922	1
sub-4788_ses-wave2.nii.gz	V1	1	1.7232925	1
sub-600499378836.nii.gz	V1	1	1.7232945	1
sub-833251547581.nii.gz	V1	1	1.7233485	1
sub-520349870969.nii.gz	V1	1	1.7234222	1
sub-929_ses-wave2.nii.gz	V1	1	1.7234288	1
sub-977057964994.nii.gz	V1	1	1.7234466	1
sub-538946903744.nii.gz	V1	1	1.7234638	1
PT030_OpenNeuro_ds000011_sub-02.nii.gz	V1	1	1.7235149	1
sub-296943009638.nii.gz	V1	1	1.7235314	1
sub-711287293064.nii.gz	V1	1	1.7235507	1
PT030_OpenNeuro_ds004169_sub-0069.nii.gz	V1	1	1.7235613	1
PT030_OpenNeuro_ds003126_sub-40.nii.gz	V1	1	1.7235687	1
PT030_OpenNeuro_ds004711_sub-117.nii.gz	V1	1	1.7235708	1
PT030_OpenNeuro_ds002647_sub-88.nii.gz	V1	1	1.7235863	1
sub-482038057597.nii.gz	V1	1	1.7236407	1
sub-149767949727.nii.gz	V1	1	1.723664	1
sub-528349758820.nii.gz	V1	1	1.7236674	1
sub-719_ses-wave2.nii.gz	V1	1	1.7236689	1
PT030_OpenNeuro_ds003126_sub-49.nii.gz	V1	1	1.7237014	1
sub-436570577076.nii.gz	V1	1	1.7237247	1
sub-446227591010.nii.gz	V1	1	1.7237324	1
sub-CC610050.nii.gz	V1	1	1.7237643	1
PT030_OpenNeuro_ds001486_sub-101.nii.gz	V1	1	1.7238097	1
sub-CC110174.nii.gz	V1	1	1.7238134	1
sub-620984229042.nii.gz	V1	1	1.7238332	1
sub-213858236266.nii.gz	V1	1	1.7238486	1
PT030_OpenNeuro_ds001486_sub-079.nii.gz	V1	1	1.723908	1
sub-636077258971.nii.gz	V1	1	1.7239157	1
PT030_OpenNeuro_ds002886_sub-30.nii.gz	V1	1	1.7239176	1
sub-596439418214.nii.gz	V1	1	1.7239628	1
PT030_OpenNeuro_ds003382_sub-04.nii.gz	V1	1	1.7239733	1
sub-622953019079.nii.gz	V1	1	1.7239759	1
sub-934982332122.nii.gz	V1	1	1.7239926	1
sub-1220_ses-wave2.nii.gz	V1	1	1.7240096	1
sub-284188545251.nii.gz	V1	1	1.7240342	1
sub-460977191979.nii.gz	V1	1	1.7240494	1
PT008_AdolescentBrainDevelopment_sub-45.nii.gz	V1	1	1.7240615	1
sub-CC510342.nii.gz	V1	1	1.7240636	1
PT030_OpenNeuro_ds003346_sub-048.nii.gz	V1	1	1.7240641	1
sub-491370394347.nii.gz	V1	1	1.7241077	1
PT030_OpenNeuro_ds000253_sub-01.nii.gz	V1	1	1.7241136	1
sub-723440154504.nii.gz	V1	1	1.7241191	1
PT030_OpenNeuro_ds001894_sub-154.nii.gz	V1	1	1.7241385	1
PT030_OpenNeuro_ds003416_sub-74.nii.gz	V1	1	1.7241458	1
sub-CC610292.nii.gz	V1	1	1.7241857	1
PT030_OpenNeuro_ds002727_sub-14.nii.gz	V1	1	1.7241886	1
sub-117159756287.nii.gz	V1	1	1.7241926	1
sub-280520643926.nii.gz	V1	1	1.7242184	1
sub-CC510015.nii.gz	V1	1	1.7242206	1
PT008_AdolescentBrainDevelopment_sub-51.nii.gz	V1	1	1.7242396	1
sub-1356_ses-wave1.nii.gz	V1	1	1.7242558	1
PT030_OpenNeuro_ds002647_sub-64.nii.gz	V1	1	1.7242905	1
sub-CC410101.nii.gz	V1	1	1.7243176	1
PT030_OpenNeuro_ds003416_sub-36.nii.gz	V1	1	1.7243191	1
sub-623405236906.nii.gz	V1	1	1.7243459	1
sub-134392371851.nii.gz	V1	1	1.7243736	1
sub-418986926612.nii.gz	V1	1	1.7243832	1
sub-561933935805.nii.gz	V1	1	1.7244107	1
sub-387704816358.nii.gz	V1	1	1.7244517	1
PT030_OpenNeuro_ds000228_sub-120.nii.gz	V1	1	1.7244569	1
sub-948402139122.nii.gz	V1	1	1.7244627	1
sub-599596498950.nii.gz	V1	1	1.7244657	1
sub-698839379175.nii.gz	V1	1	1.7244706	1
sub-899095634562.nii.gz	V1	1	1.7244753	1
PT030_OpenNeuro_ds003877_sub-69.nii.gz	V1	1	1.7244972	1
PT030_OpenNeuro_ds002345_sub-039.nii.gz	V1	1	1.7244998	1
sub-580_ses-wave1.nii.gz	V1	1	1.7245059	1
PT030_OpenNeuro_ds001486_sub-128.nii.gz	V1	1	1.7245363	1
PT034_Wayne_sub-004.nii.gz	V1	1	1.7245488	1
sub-744423042424.nii.gz	V1	1	1.7245687	1
sub-801647502527.nii.gz	V1	1	1.7245752	1
sub-798064360045.nii.gz	V1	1	1.7245779	1
sub-139365339602.nii.gz	V1	1	1.7245879	1
PT030_OpenNeuro_ds001894_sub-060.nii.gz	V1	1	1.7245893	1
sub-1146_ses-wave1.nii.gz	V1	1	1.7245898	1
PT030_OpenNeuro_ds000240_sub-34.nii.gz	V1	1	1.72459	1
PT030_OpenNeuro_ds001894_sub-144.nii.gz	V1	1	1.7246194	1
sub-708488642563.nii.gz	V1	1	1.7246422	1
sub-CC222496.nii.gz	V1	1	1.7246721	1
PT030_OpenNeuro_ds006395_sub-26.nii.gz	V1	1	1.7246761	1
sub-921858841687.nii.gz	V1	1	1.7247525	1
sub-287694968928.nii.gz	V1	1	1.7247956	1
sub-CC520607.nii.gz	V1	1	1.7248037	1
sub-271317255923.nii.gz	V1	1	1.7248081	1
PT030_OpenNeuro_ds002366_sub-16.nii.gz	V1	1	1.7248147	1
sub-CC420180.nii.gz	V1	1	1.7248223	1
PT030_OpenNeuro_ds002647_sub-77.nii.gz	V1	1	1.724853	1
PT030_OpenNeuro_ds002878_sub-14.nii.gz	V1	1	1.7249267	1
RRIB_sub-125.nii.gz	V1	1	1.7249694	1
sub-234767549313.nii.gz	V1	1	1.7250992	1
sub-333365007279.nii.gz	V1	1	1.7251024	1
sub-CC420324.nii.gz	V1	1	1.7251036	1
sub-480262735985.nii.gz	V1	1	1.7251086	1
sub-585890839608.nii.gz	V1	1	1.7251208	1
sub-591_ses-wave1.nii.gz	V1	1	1.7251294	1
sub-998375364631.nii.gz	V1	1	1.7251308	1
PT030_OpenNeuro_ds003346_sub-058.nii.gz	V1	1	1.7251345	1
sub-273169726487.nii.gz	V1	1	1.7251467	1
sub-150819102994.nii.gz	V1	1	1.7251804	1
sub-255882149200.nii.gz	V1	1	1.7251904	1
sub-565025526070.nii.gz	V1	1	1.7251955	1
sub-775173632081.nii.gz	V1	1	1.7252007	1
sub-303198127376.nii.gz	V1	1	1.7252038	1
sub-772118614430.nii.gz	V1	1	1.7252191	1
PT030_OpenNeuro_ds004711_sub-085.nii.gz	V1	1	1.7252318	1
PT030_OpenNeuro_ds005498_sub-112.nii.gz	V1	1	1.7252578	1
PT030_OpenNeuro_ds004169_sub-1182.nii.gz	V1	1	1.7252692	1
PT012_CHBMP_sub-096.nii.gz	V1	1	1.7252761	1
PT030_OpenNeuro_ds004182_sub-24.nii.gz	V1	1	1.7252903	1
PT030_OpenNeuro_ds002620_sub-25.nii.gz	V1	1	1.7253325	1
sub-ON98502.nii.gz	V1	1	1.7253828	1
PT030_OpenNeuro_ds000119_sub-12.nii.gz	V1	1	1.7253877	1
PT030_OpenNeuro_ds000256_sub-02.nii.gz	V1	1	1.725477	1
sub-974_ses-wave3.nii.gz	V1	1	1.7254851	1
sub-CC221565.nii.gz	V1	1	1.7254947	1
sub-751707093596.nii.gz	V1	1	1.7255286	1
sub-939635291034.nii.gz	V1	1	1.7255317	1
sub-4749_ses-wave2.nii.gz	V1	1	1.7255466	1
PT030_OpenNeuro_ds002419_sub-41.nii.gz	V1	1	1.7255535	1
sub-1797_ses-wave1.nii.gz	V1	1	1.725555	1
sub-566155888990.nii.gz	V1	1	1.7255939	1
PT030_OpenNeuro_ds003877_sub-70.nii.gz	V1	1	1.7255964	1
PT030_OpenNeuro_ds004795_sub-124.nii.gz	V1	1	1.7256068	1
PT030_OpenNeuro_ds002345_sub-026.nii.gz	V1	1	1.7256175	1
PT030_OpenNeuro_ds006395_sub-10.nii.gz	V1	1	1.725645	1
PT030_OpenNeuro_ds003416_sub-52.nii.gz	V1	1	1.7256671	1
sub-1452_ses-wave3.nii.gz	V1	1	1.7256747	1
sub-632118830745.nii.gz	V1	1	1.7256889	1
PT030_OpenNeuro_ds003047_sub-11.nii.gz	V1	1	1.7257144	1
sub-ON98664.nii.gz	V1	1	1.7257175	1
sub-274305053661.nii.gz	V1	1	1.7257818	1
sub-1149_ses-wave1.nii.gz	V1	1	1.7258047	1
sub-673959421782.nii.gz	V1	1	1.7258238	1
sub-CC410129.nii.gz	V1	1	1.7258755	1
sub-503_ses-wave1.nii.gz	V1	1	1.7259071	1
sub-329633772956.nii.gz	V1	1	1.725925	1
sub-878981166880.nii.gz	V1	1	1.7259315	1
PT030_OpenNeuro_ds003416_sub-18.nii.gz	V1	1	1.7259426	1
PT030_OpenNeuro_ds001486_sub-095.nii.gz	V1	1	1.7259514	1
sub-770282132150.nii.gz	V1	1	1.7259679	1
sub-839452249071.nii.gz	V1	1	1.7259847	1
sub-1172_ses-wave2.nii.gz	V1	1	1.7260727	1
sub-780216230620.nii.gz	V1	1	1.726093	1
PT030_OpenNeuro_ds004795_sub-005.nii.gz	V1	1	1.7260984	1
sub-376916029284.nii.gz	V1	1	1.7261033	1
sub-797715138957.nii.gz	V1	1	1.7261343	1
PT012_CHBMP_sub-107.nii.gz	V1	1	1.7261572	1
sub-127105605033.nii.gz	V1	1	1.7261964	1
sub-605928553769.nii.gz	V1	1	1.7262014	1
sub-233320582225.nii.gz	V1	1	1.7262399	1
PT030_OpenNeuro_ds003017_sub-15.nii.gz	V1	1	1.7262446	1
sub-420700440504.nii.gz	V1	1	1.7262552	1
sub-378122195243.nii.gz	V1	1	1.7262601	1
RRIB_sub-108.nii.gz	V1	1	1.7262715	1
PT030_OpenNeuro_ds004795_sub-117.nii.gz	V1	1	1.7262722	1
sub-942826906064.nii.gz	V1	1	1.7262931	1
sub-CC420157.nii.gz	V1	1	1.7263721	1
PT034_Wayne_sub-108.nii.gz	V1	1	1.7263869	1
PT030_OpenNeuro_ds002620_sub-33.nii.gz	V1	1	1.726446	1
PT030_OpenNeuro_ds004173_sub-059.nii.gz	V1	1	1.7264462	1
PT030_OpenNeuro_ds002236_sub-04.nii.gz	V1	1	1.7264656	1
sub-1165_ses-wave1.nii.gz	V1	1	1.7264743	1
sub-867260065005.nii.gz	V1	1	1.726493	1
PT030_OpenNeuro_ds004783_sub-22.nii.gz	V1	1	1.726512	1
PT030_OpenNeuro_ds003346_sub-094.nii.gz	V1	1	1.7265416	1
PT030_OpenNeuro_ds004173_sub-079.nii.gz	V1	1	1.7265509	1
sub-829229264200.nii.gz	V1	1	1.7266544	1
sub-782213755099.nii.gz	V1	1	1.7266585	1
PT030_OpenNeuro_ds002236_sub-10.nii.gz	V1	1	1.7266777	1
sub-456043823379.nii.gz	V1	1	1.7267057	1
PT008_AdolescentBrainDevelopment_sub-48.nii.gz	V1	1	1.7267139	1
PT034_Wayne_sub-072.nii.gz	V1	1	1.7267286	1
sub-221201405517.nii.gz	V1	1	1.7267313	1
sub-CC420322.nii.gz	V1	1	1.7268026	1
sub-760998144862.nii.gz	V1	1	1.726816	1
PT030_OpenNeuro_ds003346_sub-111.nii.gz	V1	1	1.7268504	1
PT030_OpenNeuro_ds006395_sub-04.nii.gz	V1	1	1.7268549	1
RRIB_sub-132.nii.gz	V1	1	1.7268621	1
PT030_OpenNeuro_ds006395_sub-22.nii.gz	V1	1	1.7268634	1
PT030_OpenNeuro_ds001894_sub-113.nii.gz	V1	1	1.726868	1
PT030_OpenNeuro_ds003425_sub-09.nii.gz	V1	1	1.7268814	1
sub-451748173269.nii.gz	V1	1	1.7268889	1
sub-799_ses-wave1.nii.gz	V1	1	1.7269077	1
sub-574676182729.nii.gz	V1	1	1.7269198	1
sub-801_ses-wave3.nii.gz	V1	1	1.7269343	1
sub-554894252350.nii.gz	V1	1	1.726987	1
sub-1543_ses-wave2.nii.gz	V1	1	1.7269877	1
sub-313119652628.nii.gz	V1	1	1.7270206	1
sub-293445012236.nii.gz	V1	1	1.7270404	1
PT030_OpenNeuro_ds005413_sub-41.nii.gz	V1	1	1.7270601	1
sub-817_ses-wave3.nii.gz	V1	1	1.7270882	1
PT030_OpenNeuro_ds005256_sub-064.nii.gz	V1	1	1.7270932	1
sub-ON97504.nii.gz	V1	1	1.7271214	1
sub-CC420231.nii.gz	V1	1	1.7271386	1
sub-299189190633.nii.gz	V1	1	1.7271461	1
sub-975454592840.nii.gz	V1	1	1.7271795	1
PT030_OpenNeuro_ds005498_sub-040.nii.gz	V1	1	1.7272338	1
sub-328411797408.nii.gz	V1	1	1.7272797	1
sub-340425446065.nii.gz	V1	1	1.7272813	1
sub-971873286741.nii.gz	V1	1	1.7272911	1
sub-711460991328.nii.gz	V1	1	1.7273054	1
sub-378447768137.nii.gz	V1	1	1.7273066	1
sub-1356_ses-wave2.nii.gz	V1	1	1.727307	1
PT030_OpenNeuro_ds006395_sub-17.nii.gz	V1	1	1.7273344	1
PT030_OpenNeuro_ds002366_sub-19.nii.gz	V1	1	1.727348	1
sub-3571_ses-wave2.nii.gz	V1	1	1.7273623	1
sub-818668515854.nii.gz	V1	1	1.7273698	1
sub-719_ses-wave1.nii.gz	V1	1	1.7273728	1
sub-393795225621.nii.gz	V1	1	1.7273781	1
sub-886465425609.nii.gz	V1	1	1.7274458	1
sub-852866102113.nii.gz	V1	1	1.7274745	1
PT030_OpenNeuro_ds000240_sub-59.nii.gz	V1	1	1.7275132	1
sub-609656607957.nii.gz	V1	1	1.7275295	1
sub-368447789543.nii.gz	V1	1	1.7275459	1
PT030_OpenNeuro_ds002620_sub-32.nii.gz	V1	1	1.7275684	1
sub-653766720158.nii.gz	V1	1	1.7275728	1
sub-343769189656.nii.gz	V1	1	1.7275841	1
sub-CC510395.nii.gz	V1	1	1.7275958	1
sub-912242140520.nii.gz	V1	1	1.7276094	1
sub-669504280864.nii.gz	V1	1	1.7276181	1
PT030_OpenNeuro_ds003877_sub-77.nii.gz	V1	1	1.7276192	1
sub-CC420167.nii.gz	V1	1	1.7276284	1
PT030_OpenNeuro_ds003814_sub-08.nii.gz	V1	1	1.727651	1
sub-388018649913.nii.gz	V1	1	1.7276658	1
sub-326733202937.nii.gz	V1	1	1.7276994	1
PT030_OpenNeuro_ds001894_sub-114.nii.gz	V1	1	1.7277292	1
sub-940212166039.nii.gz	V1	1	1.7277304	1
sub-1775_ses-wave2.nii.gz	V1	1	1.7277447	1
PT012_CHBMP_sub-132.nii.gz	V1	1	1.7277652	1
sub-737025780967.nii.gz	V1	1	1.7277753	1
sub-930897613274.nii.gz	V1	1	1.7278137	1
PT030_OpenNeuro_ds002878_sub-22.nii.gz	V1	1	1.7278273	1
sub-311326071208.nii.gz	V1	1	1.7278537	1
PT030_OpenNeuro_ds003416_sub-81.nii.gz	V1	1	1.7278836	1
sub-254063930053.nii.gz	V1	1	1.7279252	1
PT030_OpenNeuro_ds000234_sub-05.nii.gz	V1	1	1.7279538	1
sub-135_ses-wave1.nii.gz	V1	1	1.727954	1
PT030_OpenNeuro_ds003126_sub-48.nii.gz	V1	1	1.7280824	1
PT030_OpenNeuro_ds003346_sub-082.nii.gz	V1	1	1.7280859	1
PT030_OpenNeuro_ds001486_sub-040.nii.gz	V1	1	1.7280979	1
sub-678520978380.nii.gz	V1	1	1.7281038	1
sub-954220905647.nii.gz	V1	1	1.7281289	1
sub-478046709665.nii.gz	V1	1	1.7281349	1
PT030_OpenNeuro_ds001306_sub-03.nii.gz	V1	1	1.7282015	1
PT030_OpenNeuro_ds002185_sub-09.nii.gz	V1	1	1.7282022	1
sub-357813435697.nii.gz	V1	1	1.7282357	1
PT030_OpenNeuro_ds002424_sub-52.nii.gz	V1	1	1.7282529	1
PT030_OpenNeuro_ds006395_sub-11.nii.gz	V1	1	1.7282547	1
sub-3911_ses-wave1.nii.gz	V1	1	1.7282971	1
sub-994785703004.nii.gz	V1	1	1.7282984	1
sub-1854_ses-wave1.nii.gz	V1	1	1.7283187	1
PT030_OpenNeuro_ds001894_sub-101.nii.gz	V1	1	1.7283336	1
sub-CC520209.nii.gz	V1	1	1.7283424	1
sub-810607919990.nii.gz	V1	1	1.7283608	1
sub-1452_ses-wave2.nii.gz	V1	1	1.7283843	1
PT030_OpenNeuro_ds001486_sub-053.nii.gz	V1	1	1.7283919	1
sub-1784_ses-wave1.nii.gz	V1	1	1.7284626	1
PT030_OpenNeuro_ds001486_sub-088.nii.gz	V1	1	1.7284715	1
sub-920482922866.nii.gz	V1	1	1.7284895	1
PT030_OpenNeuro_ds003499_sub-30.nii.gz	V1	1	1.7285008	1
sub-118666149179.nii.gz	V1	1	1.7285227	1
sub-CC420493.nii.gz	V1	1	1.7286053	1
PT030_OpenNeuro_ds001894_sub-138.nii.gz	V1	1	1.7286081	1
PT030_OpenNeuro_ds003416_sub-90.nii.gz	V1	1	1.7286097	1
sub-150529102662.nii.gz	V1	1	1.7286161	1
PT030_OpenNeuro_ds004718_sub-17.nii.gz	V1	1	1.7286234	1
PT030_OpenNeuro_ds001486_sub-057.nii.gz	V1	1	1.7286276	1
sub-591_ses-wave3.nii.gz	V1	1	1.7286592	1
PT030_OpenNeuro_ds003346_sub-112.nii.gz	V1	1	1.7286615	1
sub-633347832655.nii.gz	V1	1	1.7286904	1
sub-670440267086.nii.gz	V1	1	1.7287017	1
sub-877746416294.nii.gz	V1	1	1.7287192	1
sub-922055662461.nii.gz	V1	1	1.728722	1
sub-994398119481.nii.gz	V1	1	1.7287313	1
sub-207042049080.nii.gz	V1	1	1.7287617	1
sub-677684213717.nii.gz	V1	1	1.7287688	1
sub-964531986227.nii.gz	V1	1	1.7287767	1
PT030_OpenNeuro_ds002382_sub-45.nii.gz	V1	1	1.728777	1
sub-433878320958.nii.gz	V1	1	1.7287776	1
sub-465311144460.nii.gz	V1	1	1.728783	1
PT030_OpenNeuro_ds003416_sub-71.nii.gz	V1	1	1.7287835	1
sub-523056996207.nii.gz	V1	1	1.7288356	1
sub-555529320584.nii.gz	V1	1	1.7288641	1
sub-568610648241.nii.gz	V1	1	1.7288666	1
sub-672666802566.nii.gz	V1	1	1.728923	1
PT030_OpenNeuro_ds000236_sub-12.nii.gz	V1	1	1.7289296	1
sub-779514017707.nii.gz	V1	1	1.7289575	1
sub-822436188074.nii.gz	V1	1	1.7289807	1
sub-CC520424.nii.gz	V1	1	1.7290145	1
sub-881702885069.nii.gz	V1	1	1.7290293	1
PT030_OpenNeuro_ds001894_sub-135.nii.gz	V1	1	1.7290325	1
PT033_WAND_sub-158.nii.gz	V1	1	1.7290411	1
sub-CC610594.nii.gz	V1	1	1.7290446	1
sub-427038737479.nii.gz	V1	1	1.7290838	1
PT030_OpenNeuro_ds004557_sub-16.nii.gz	V1	1	1.7290949	1
sub-523098042038.nii.gz	V1	1	1.7292002	1
PT030_OpenNeuro_ds003763_sub-04.nii.gz	V1	1	1.7292445	1
sub-215309667822.nii.gz	V1	1	1.729245	1
sub-CC420137.nii.gz	V1	1	1.729368	1
sub-986226959447.nii.gz	V1	1	1.7293792	1
sub-233669172000.nii.gz	V1	1	1.7293828	1
PT030_OpenNeuro_ds005088_sub-26.nii.gz	V1	1	1.729391	1
sub-460516282099.nii.gz	V1	1	1.7293924	1
sub-198073709706.nii.gz	V1	1	1.7294487	1
sub-452912513368.nii.gz	V1	1	1.7294555	1
PT030_OpenNeuro_ds003424_sub-09.nii.gz	V1	1	1.729459	1
sub-268420839498.nii.gz	V1	1	1.7295065	1
sub-151427911619.nii.gz	V1	1	1.7295121	1
sub-513149413681.nii.gz	V1	1	1.7295496	1
PT030_OpenNeuro_ds000119_sub-03.nii.gz	V1	1	1.7295842	1
PT033_WAND_sub-142.nii.gz	V1	1	1.7295963	1
sub-378455376400.nii.gz	V1	1	1.7296516	1
sub-976263449865.nii.gz	V1	1	1.7296749	1
PT030_OpenNeuro_ds000240_sub-07.nii.gz	V1	1	1.7296872	1
PT034_Wayne_sub-071.nii.gz	V1	1	1.72978	1
sub-3163_ses-wave1.nii.gz	V1	1	1.7298125	1
sub-1199_ses-wave1.nii.gz	V1	1	1.7298291	1
sub-999027816075.nii.gz	V1	1	1.7298476	1
sub-CC322186.nii.gz	V1	1	1.7298553	1
sub-166264441743.nii.gz	V1	1	1.7298616	1
sub-683939707752.nii.gz	V1	1	1.7298679	1
sub-331339723620.nii.gz	V1	1	1.7298766	1
sub-546183263833.nii.gz	V1	1	1.729878	1
PT030_OpenNeuro_ds003877_sub-78.nii.gz	V1	1	1.7299023	1
PT030_OpenNeuro_ds006395_sub-34.nii.gz	V1	1	1.7299078	1
PT030_OpenNeuro_ds000240_sub-63.nii.gz	V1	1	1.7299343	1
PT012_CHBMP_sub-168.nii.gz	V1	1	1.7299416	1
PT030_OpenNeuro_ds001894_sub-088.nii.gz	V1	1	1.72995	1
sub-752296417260.nii.gz	V1	1	1.72995	1
sub-147_ses-wave3.nii.gz	V1	1	1.7299603	1
sub-240001605313.nii.gz	V1	1	1.7299653	1
sub-1139_ses-wave1.nii.gz	V1	1	1.7299762	1
PT030_OpenNeuro_ds005498_sub-019.nii.gz	V1	1	1.7300109	1
PT012_CHBMP_sub-095.nii.gz	V1	1	1.7300122	1
sub-665112865981.nii.gz	V1	1	1.7300209	1
sub-CC120319.nii.gz	V1	1	1.7301245	1
sub-974_ses-wave1.nii.gz	V1	1	1.7301377	1
sub-388132398369.nii.gz	V1	1	1.7301409	1
PT030_OpenNeuro_ds004718_sub-41.nii.gz	V1	1	1.7301757	1
PT030_OpenNeuro_ds001894_sub-089.nii.gz	V1	1	1.7301916	1
sub-719_ses-wave3.nii.gz	V1	1	1.7302014	1
PT012_CHBMP_sub-081.nii.gz	V1	1	1.7302169	1
sub-121738146757.nii.gz	V1	1	1.730242	1
PT030_OpenNeuro_ds002382_sub-49.nii.gz	V1	1	1.7302573	1
PT030_OpenNeuro_ds000228_sub-119.nii.gz	V1	1	1.730266	1
sub-202694887076.nii.gz	V1	1	1.7302741	1
sub-CC420226.nii.gz	V1	1	1.7302762	1
sub-169_ses-wave3.nii.gz	V1	1	1.730291	1
sub-1267_ses-wave1.nii.gz	V1	1	1.7302914	1
PT030_OpenNeuro_ds003126_sub-39.nii.gz	V1	1	1.7303102	1
PT030_OpenNeuro_ds002620_sub-11.nii.gz	V1	1	1.7303145	1
sub-371832295715.nii.gz	V1	1	1.7303357	1
sub-815_ses-wave1.nii.gz	V1	1	1.7303542	1
sub-988202444857.nii.gz	V1	1	1.7303598	1
sub-568873041221.nii.gz	V1	1	1.73039	1
PT030_OpenNeuro_ds001894_sub-078.nii.gz	V1	1	1.7304128	1
PT030_OpenNeuro_ds003126_sub-54.nii.gz	V1	1	1.7304131	1
sub-140_ses-wave2.nii.gz	V1	1	1.7304323	1
sub-470124848081.nii.gz	V1	1	1.7304403	1
PT030_OpenNeuro_ds003877_sub-59.nii.gz	V1	1	1.7304577	1
PT030_OpenNeuro_ds005088_sub-25.nii.gz	V1	1	1.7304888	1
PT033_WAND_sub-093.nii.gz	V1	1	1.7305146	1
PT030_OpenNeuro_ds004219_sub-08.nii.gz	V1	1	1.7305201	1
sub-153874780317.nii.gz	V1	1	1.7305245	1
PT030_OpenNeuro_ds004711_sub-141.nii.gz	V1	1	1.7305503	1
PT030_OpenNeuro_ds003416_sub-17.nii.gz	V1	1	1.7305624	1
PT030_OpenNeuro_ds001226_sub-03.nii.gz	V1	1	1.7305726	1
PT030_OpenNeuro_ds002424_sub-23.nii.gz	V1	1	1.7305748	1
sub-835_ses-wave1.nii.gz	V1	1	1.7306306	1
PT030_OpenNeuro_ds001131_sub-49.nii.gz	V1	1	1.7306651	1
PT030_OpenNeuro_ds000253_sub-04.nii.gz	V1	1	1.730688	1
PT030_OpenNeuro_ds000256_sub-15.nii.gz	V1	1	1.7307034	1
sub-1149_ses-wave2.nii.gz	V1	1	1.7307272	1
sub-CC420149.nii.gz	V1	1	1.730738	1
PT030_OpenNeuro_ds004182_sub-30.nii.gz	V1	1	1.7307775	1
PT030_OpenNeuro_ds003798_sub-090.nii.gz	V1	1	1.7307793	1
sub-648493962910.nii.gz	V1	1	1.730813	1
PT030_OpenNeuro_ds000236_sub-06.nii.gz	V1	1	1.7308233	1
sub-566211969588.nii.gz	V1	1	1.7308296	1
sub-500640260688.nii.gz	V1	1	1.7308586	1
sub-841_ses-wave1.nii.gz	V1	1	1.730912	1
sub-ON97526.nii.gz	V1	1	1.7309248	1
sub-221187714859.nii.gz	V1	1	1.7309321	1
sub-612_ses-wave2.nii.gz	V1	1	1.7309451	1
PT030_OpenNeuro_ds003346_sub-107.nii.gz	V1	1	1.7309532	1
sub-399660498118.nii.gz	V1	1	1.7309564	1
sub-558698688863.nii.gz	V1	1	1.7309854	1
PT030_OpenNeuro_ds004173_sub-075.nii.gz	V1	1	1.731019	1
sub-850844438672.nii.gz	V1	1	1.7310427	1
sub-343048366064.nii.gz	V1	1	1.7310498	1
sub-300059242922.nii.gz	V1	1	1.7310532	1
sub-203856470224.nii.gz	V1	1	1.7310556	1
sub-448606737356.nii.gz	V1	1	1.7310632	1
sub-1800_ses-wave1.nii.gz	V1	1	1.7311165	1
sub-542257236175.nii.gz	V1	1	1.731128	1
sub-456944734649.nii.gz	V1	1	1.7311306	1
sub-163172021516.nii.gz	V1	1	1.7311461	1
sub-318712015856.nii.gz	V1	1	1.7311469	1
PT030_OpenNeuro_ds004556_sub-04.nii.gz	V1	1	1.7311743	1
sub-930541103023.nii.gz	V1	1	1.7311774	1
PT030_OpenNeuro_ds004711_sub-102.nii.gz	V1	1	1.731179	1
sub-259770500414.nii.gz	V1	1	1.731191	1
PT030_OpenNeuro_ds003877_sub-25.nii.gz	V1	1	1.7312428	1
PT030_OpenNeuro_ds003745_sub-46.nii.gz	V1	1	1.7312473	1
PT032_Tao_Wu_sub-01.nii.gz	V1	1	1.7312526	1
sub-CC520002.nii.gz	V1	1	1.7312782	1
PT034_Wayne_sub-110.nii.gz	V1	1	1.7313125	1
sub-4795_ses-wave2.nii.gz	V1	1	1.7313126	1
sub-665535294978.nii.gz	V1	1	1.7313323	1
sub-1149_ses-wave3.nii.gz	V1	1	1.7313334	1
sub-675476004186.nii.gz	V1	1	1.7313406	1
sub-229531083910.nii.gz	V1	1	1.7313421	1
PT034_Wayne_sub-029.nii.gz	V1	1	1.7313687	1
sub-635317697735.nii.gz	V1	1	1.7313802	1
sub-662393665038.nii.gz	V1	1	1.7313862	1
sub-643420326642.nii.gz	V1	1	1.7313902	1
PT036_Yale_HighRes_sub-050.nii.gz	V1	1	1.7313908	1
PT030_OpenNeuro_ds003798_sub-111.nii.gz	V1	1	1.7313937	1
PT012_CHBMP_sub-157.nii.gz	V1	1	1.7313955	1
sub-1457_ses-wave1.nii.gz	V1	1	1.7314017	1
PT030_OpenNeuro_ds002419_sub-36.nii.gz	V1	1	1.7314186	1
PT030_OpenNeuro_ds003416_sub-84.nii.gz	V1	1	1.7314285	1
PT030_OpenNeuro_ds001894_sub-083.nii.gz	V1	1	1.7314997	1
PT034_Wayne_sub-019.nii.gz	V1	1	1.7315569	1
sub-118344884449.nii.gz	V1	1	1.7315862	1
sub-896798121363.nii.gz	V1	1	1.7315923	1
PT030_OpenNeuro_ds003126_sub-56.nii.gz	V1	1	1.7316095	1
sub-790515405307.nii.gz	V1	1	1.7316095	1
sub-339606210085.nii.gz	V1	1	1.7316158	1
sub-2976_ses-wave1.nii.gz	V1	1	1.7316405	1
PT030_OpenNeuro_ds002345_sub-201.nii.gz	V1	1	1.731654	1
PT036_Yale_HighRes_sub-083.nii.gz	V1	1	1.7316664	1
sub-578385109718.nii.gz	V1	1	1.7316685	1
sub-617747262877.nii.gz	V1	1	1.7316737	1
PT030_OpenNeuro_ds002366_sub-21.nii.gz	V1	1	1.7317059	1
sub-320423880026.nii.gz	V1	1	1.7317072	1
sub-618287927693.nii.gz	V1	1	1.7317663	1
sub-CC420236.nii.gz	V1	1	1.7317694	1
sub-CC420720.nii.gz	V1	1	1.7317877	1
PT030_OpenNeuro_ds002236_sub-16.nii.gz	V1	1	1.731789	1
sub-851410683894.nii.gz	V1	1	1.731797	1
PT030_OpenNeuro_ds003877_sub-18.nii.gz	V1	1	1.7318201	1
sub-933334631743.nii.gz	V1	1	1.7318298	1
sub-840506833125.nii.gz	V1	1	1.7318425	1
sub-CC610101.nii.gz	V1	1	1.7318614	1
sub-2172_ses-wave1.nii.gz	V1	1	1.7318969	1
sub-221347736884.nii.gz	V1	1	1.7319069	1
sub-4743_ses-wave1.nii.gz	V1	1	1.7319163	1
PT030_OpenNeuro_ds002382_sub-26.nii.gz	V1	1	1.731921	1
PT030_OpenNeuro_ds003499_sub-45.nii.gz	V1	1	1.7319351	1
sub-855788658491.nii.gz	V1	1	1.7319432	1
sub-635728046395.nii.gz	V1	1	1.7319735	1
PT030_OpenNeuro_ds001894_sub-122.nii.gz	V1	1	1.7320063	1
sub-458230027649.nii.gz	V1	1	1.7320141	1
sub-CC420143.nii.gz	V1	1	1.7320248	1
PT030_OpenNeuro_ds004718_sub-05.nii.gz	V1	1	1.7320261	1
sub-988_ses-wave1.nii.gz	V1	1	1.7320595	1
PT030_OpenNeuro_ds004718_sub-49.nii.gz	V1	1	1.732072	1
sub-114301578470.nii.gz	V1	1	1.7320982	1
sub-2248_ses-wave3.nii.gz	V1	1	1.732131	1
sub-913496053208.nii.gz	V1	1	1.7321335	1
sub-477302946114.nii.gz	V1	1	1.7321372	1
sub-276411312674.nii.gz	V1	1	1.732192	1
PT030_OpenNeuro_ds003416_sub-64.nii.gz	V1	1	1.7321951	1
PT030_OpenNeuro_ds003126_sub-57.nii.gz	V1	1	1.7322139	1
sub-1031_ses-wave1.nii.gz	V1	1	1.7322193	1
sub-965418350298.nii.gz	V1	1	1.7322334	1
PT012_CHBMP_sub-061.nii.gz	V1	1	1.7322371	1
sub-CC120208.nii.gz	V1	1	1.7322387	1
sub-586142755057.nii.gz	V1	1	1.732252	1
PT030_OpenNeuro_ds000228_sub-153.nii.gz	V1	1	1.7322752	1
sub-CC110606.nii.gz	V1	1	1.7322793	1
sub-1240_ses-wave2.nii.gz	V1	1	1.7322805	1
PT030_OpenNeuro_ds001486_sub-094.nii.gz	V1	1	1.7323023	1
sub-304646821863.nii.gz	V1	1	1.7323054	1
PT030_OpenNeuro_ds003877_sub-30.nii.gz	V1	1	1.7323104	1
sub-724721518392.nii.gz	V1	1	1.7323178	1
PT030_OpenNeuro_ds002168_sub-03.nii.gz	V1	1	1.7323234	1
sub-ON98098.nii.gz	V1	1	1.7323285	1
sub-CC120120.nii.gz	V1	1	1.7323581	1
PT030_OpenNeuro_ds002647_sub-63.nii.gz	V1	1	1.7323773	1
sub-411563715038.nii.gz	V1	1	1.7324067	1
PT030_OpenNeuro_ds002345_sub-040.nii.gz	V1	1	1.7324089	1
PT030_OpenNeuro_ds000240_sub-57.nii.gz	V1	1	1.7324141	1
sub-876267012411.nii.gz	V1	1	1.7324282	1
PT030_OpenNeuro_ds003346_sub-001.nii.gz	V1	1	1.7324475	1
PT030_OpenNeuro_ds003126_sub-47.nii.gz	V1	1	1.7324735	1
sub-861467477337.nii.gz	V1	1	1.7325029	1
sub-629694247066.nii.gz	V1	1	1.7325447	1
PT030_OpenNeuro_ds005498_sub-038.nii.gz	V1	1	1.7325752	1
PT030_OpenNeuro_ds001486_sub-067.nii.gz	V1	1	1.7325872	1
sub-ON98745.nii.gz	V1	1	1.7325984	1
sub-969623446939.nii.gz	V1	1	1.7326025	1
sub-CC220828.nii.gz	V1	1	1.7326537	1
PT030_OpenNeuro_ds001894_sub-082.nii.gz	V1	1	1.7326648	1
sub-CC420462.nii.gz	V1	1	1.732675	1
sub-361621631193.nii.gz	V1	1	1.7327211	1
sub-972134045663.nii.gz	V1	1	1.7327408	1
sub-CC320336.nii.gz	V1	1	1.7327634	1
sub-422564244037.nii.gz	V1	1	1.7327691	1
sub-372903120618.nii.gz	V1	1	1.7328058	1
sub-396412139966.nii.gz	V1	1	1.7328323	1
PT030_OpenNeuro_ds005256_sub-062.nii.gz	V1	1	1.7328383	1
sub-559597730211.nii.gz	V1	1	1.732839	1
PT030_OpenNeuro_ds000240_sub-42.nii.gz	V1	1	1.7328459	1
PT030_OpenNeuro_ds000253_sub-20.nii.gz	V1	1	1.732851	1
PT012_CHBMP_sub-119.nii.gz	V1	1	1.732868	1
sub-984535611500.nii.gz	V1	1	1.7328777	1
sub-823056441215.nii.gz	V1	1	1.7328832	1
sub-280353298061.nii.gz	V1	1	1.7328832	1
PT030_OpenNeuro_ds003798_sub-099.nii.gz	V1	1	1.7328867	1
sub-228707233803.nii.gz	V1	1	1.7329297	1
sub-231974987170.nii.gz	V1	1	1.7329297	1
PT030_OpenNeuro_ds002647_sub-78.nii.gz	V1	1	1.732955	1
PT030_OpenNeuro_ds004556_sub-01.nii.gz	V1	1	1.7329593	1
PT030_OpenNeuro_ds003787_sub-39.nii.gz	V1	1	1.7329597	1
sub-CC520377.nii.gz	V1	1	1.732963	1
PT030_OpenNeuro_ds002338_sub-13.nii.gz	V1	1	1.7329643	1
sub-3693_ses-wave1.nii.gz	V1	1	1.7329801	1
PT030_OpenNeuro_ds005588_sub-09.nii.gz	V1	1	1.7330048	1
sub-691691185914.nii.gz	V1	1	1.7330327	1
PT012_CHBMP_sub-144.nii.gz	V1	1	1.733038	1
PT030_OpenNeuro_ds003126_sub-42.nii.gz	V1	1	1.7330494	1
PT030_OpenNeuro_ds003416_sub-67.nii.gz	V1	1	1.7330542	1
sub-451533497093.nii.gz	V1	1	1.7330694	1
sub-126474072032.nii.gz	V1	1	1.7330711	1
sub-894680676162.nii.gz	V1	1	1.7331042	1
sub-197226188680.nii.gz	V1	1	1.7331364	1
sub-831_ses-wave2.nii.gz	V1	1	1.7331369	1
RRIB_sub-063.nii.gz	V1	1	1.7331513	1
sub-634_ses-wave3.nii.gz	V1	1	1.7331557	1
sub-ON99633.nii.gz	V1	1	1.7331574	1
sub-406595234535.nii.gz	V1	1	1.7331613	1
sub-547460968610.nii.gz	V1	1	1.7332053	1
sub-138580586238.nii.gz	V1	1	1.7332187	1
PT030_OpenNeuro_ds004746_sub-016.nii.gz	V1	1	1.7332606	1
sub-CC610212.nii.gz	V1	1	1.7332622	1
PT030_OpenNeuro_ds004711_sub-133.nii.gz	V1	1	1.7332776	1
sub-405742266217.nii.gz	V1	1	1.7333046	1
sub-649534292986.nii.gz	V1	1	1.7333292	1
PT030_OpenNeuro_ds000240_sub-45.nii.gz	V1	1	1.7333623	1
sub-146_ses-wave3.nii.gz	V1	1	1.7333643	1
sub-816794694787.nii.gz	V1	1	1.7334732	1
sub-428437044079.nii.gz	V1	1	1.7334766	1
sub-363459366347.nii.gz	V1	1	1.7335051	1
sub-339323585593.nii.gz	V1	1	1.7335315	1
PT030_OpenNeuro_ds001486_sub-082.nii.gz	V1	1	1.7335551	1
PT030_OpenNeuro_ds004173_sub-132.nii.gz	V1	1	1.7335769	1
sub-CC521040.nii.gz	V1	1	1.7335893	1
sub-631368301967.nii.gz	V1	1	1.7336187	1
sub-540478978405.nii.gz	V1	1	1.7336682	1
sub-703251898539.nii.gz	V1	1	1.7336876	1
sub-525182251128.nii.gz	V1	1	1.7336961	1
sub-657153755669.nii.gz	V1	1	1.733733	1
sub-353352825537.nii.gz	V1	1	1.7338104	1
sub-676763352592.nii.gz	V1	1	1.7338109	1
sub-137114651299.nii.gz	V1	1	1.7338316	1
sub-783542275031.nii.gz	V1	1	1.7338343	1
PT030_OpenNeuro_ds001486_sub-100.nii.gz	V1	1	1.7338395	1
PT034_Wayne_sub-113.nii.gz	V1	1	1.7338806	1
PT030_OpenNeuro_ds005498_sub-101.nii.gz	V1	1	1.7339346	1
sub-101942030871.nii.gz	V1	1	1.7339351	1
sub-936672607215.nii.gz	V1	1	1.7339768	1
PT030_OpenNeuro_ds002236_sub-15.nii.gz	V1	1	1.7339906	1
sub-546159793818.nii.gz	V1	1	1.7339916	1
PT030_OpenNeuro_ds003346_sub-137.nii.gz	V1	1	1.7340034	1
PT030_OpenNeuro_ds003416_sub-75.nii.gz	V1	1	1.7340844	1
sub-3621_ses-wave1.nii.gz	V1	1	1.7340952	1
PT030_OpenNeuro_ds004280_sub-02.nii.gz	V1	1	1.7341051	1
PT030_OpenNeuro_ds000256_sub-20.nii.gz	V1	1	1.73411	1
PT030_OpenNeuro_ds000236_sub-05.nii.gz	V1	1	1.7341288	1
PT030_OpenNeuro_ds003358_sub-16.nii.gz	V1	1	1.7341655	1
RRIB_sub-142.nii.gz	V1	1	1.7341824	1
sub-189392703437.nii.gz	V1	1	1.7342373	1
PT030_OpenNeuro_ds003416_sub-66.nii.gz	V1	1	1.7342404	1
PT030_OpenNeuro_ds004597_sub-20.nii.gz	V1	1	1.7342736	1
sub-348472885765.nii.gz	V1	1	1.7342865	1
sub-541401251321.nii.gz	V1	1	1.734289	1
sub-682540333780.nii.gz	V1	1	1.7342982	1
PT030_OpenNeuro_ds003382_sub-01.nii.gz	V1	1	1.7343265	1
PT033_WAND_sub-172.nii.gz	V1	1	1.7343417	1
PT030_OpenNeuro_ds005413_sub-21.nii.gz	V1	1	1.7343757	1
sub-1922_ses-wave3.nii.gz	V1	1	1.7343845	1
PT030_OpenNeuro_ds001229_sub-01.nii.gz	V1	1	1.7343849	1
sub-1439_ses-wave1.nii.gz	V1	1	1.7343858	1
PT030_OpenNeuro_ds003126_sub-53.nii.gz	V1	1	1.7343899	1
PT030_OpenNeuro_ds001796_sub-34.nii.gz	V1	1	1.7343935	1
sub-CC110033.nii.gz	V1	1	1.7344106	1
sub-468044019609.nii.gz	V1	1	1.7344644	1
sub-263819529475.nii.gz	V1	1	1.7345212	1
PT030_OpenNeuro_ds004173_sub-047.nii.gz	V1	1	1.7345281	1
sub-591_ses-wave2.nii.gz	V1	1	1.7345332	1
sub-490316768116.nii.gz	V1	1	1.7345364	1
sub-824231976656.nii.gz	V1	1	1.7345686	1
PT030_OpenNeuro_ds000256_sub-22.nii.gz	V1	1	1.734594	1
sub-907313001815.nii.gz	V1	1	1.7346035	1
sub-329524874913.nii.gz	V1	1	1.7346064	1
sub-740149375504.nii.gz	V1	1	1.7346065	1
PT030_OpenNeuro_ds002345_sub-038.nii.gz	V1	1	1.7346559	1
sub-876511669716.nii.gz	V1	1	1.7346966	1
sub-4749_ses-wave1.nii.gz	V1	1	1.7347523	1
sub-CC220419.nii.gz	V1	1	1.7347605	1
PT030_OpenNeuro_ds003416_sub-47.nii.gz	V1	1	1.7347711	1
PT030_OpenNeuro_ds001894_sub-139.nii.gz	V1	1	1.734787	1
sub-711382017388.nii.gz	V1	1	1.7348115	1
sub-641352058645.nii.gz	V1	1	1.7348195	1
sub-CC410113.nii.gz	V1	1	1.7348894	1
sub-126224773957.nii.gz	V1	1	1.7348927	1
sub-641785343493.nii.gz	V1	1	1.7349126	1
PT030_OpenNeuro_ds001486_sub-081.nii.gz	V1	1	1.7349274	1
sub-CC510115.nii.gz	V1	1	1.7349682	1
PT030_OpenNeuro_ds005498_sub-114.nii.gz	V1	1	1.7349691	1
sub-CC320267.nii.gz	V1	1	1.7349776	1
sub-912370247196.nii.gz	V1	1	1.7350111	1
sub-264104876540.nii.gz	V1	1	1.7350152	1
sub-268879454052.nii.gz	V1	1	1.7350407	1
sub-478734208494.nii.gz	V1	1	1.7350581	1
sub-322877038510.nii.gz	V1	1	1.7350672	1
sub-345577831841.nii.gz	V1	1	1.7350984	1
sub-859835440909.nii.gz	V1	1	1.735099	1
PT034_Wayne_sub-038.nii.gz	V1	1	1.7351441	1
sub-538224989757.nii.gz	V1	1	1.7351453	1
PT030_OpenNeuro_ds001796_sub-13.nii.gz	V1	1	1.7351507	1
sub-690746696766.nii.gz	V1	1	1.7352132	1
sub-CC610046.nii.gz	V1	1	1.7352233	1
PT030_OpenNeuro_ds004711_sub-061.nii.gz	V1	1	1.7352499	1
PT030_OpenNeuro_ds004557_sub-08.nii.gz	V1	1	1.7352595	1
sub-1168_ses-wave1.nii.gz	V1	1	1.7352806	1
sub-779_ses-wave1.nii.gz	V1	1	1.7353027	1
PT030_OpenNeuro_ds005588_sub-17.nii.gz	V1	1	1.7353054	1
PT030_OpenNeuro_ds006395_sub-20.nii.gz	V1	1	1.7353095	1
sub-158479488645.nii.gz	V1	1	1.7353338	1
sub-862348505049.nii.gz	V1	1	1.7354001	1
PT034_Wayne_sub-096.nii.gz	V1	1	1.7354199	1
sub-302717422870.nii.gz	V1	1	1.735432	1
PT030_OpenNeuro_ds002422_sub-11.nii.gz	V1	1	1.7354535	1
sub-831_ses-wave1.nii.gz	V1	1	1.7354852	1
sub-509_ses-wave1.nii.gz	V1	1	1.7355403	1
sub-112868884331.nii.gz	V1	1	1.7355638	1
PT030_OpenNeuro_ds000240_sub-61.nii.gz	V1	1	1.7355883	1
sub-842111262914.nii.gz	V1	1	1.7356204	1
sub-3571_ses-wave3.nii.gz	V1	1	1.7356498	1
sub-102706842377.nii.gz	V1	1	1.7356567	1
sub-889_ses-wave2.nii.gz	V1	1	1.7356582	1
sub-400726249514.nii.gz	V1	1	1.7356656	1
CP0206.nii.gz	V1	1	1.7356902	1
PT030_OpenNeuro_ds003416_sub-80.nii.gz	V1	1	1.7358587	1
sub-CC122172.nii.gz	V1	1	1.7358652	1
PT012_CHBMP_sub-001.nii.gz	V1	1	1.7358767	1
PT030_OpenNeuro_ds002236_sub-21.nii.gz	V1	1	1.7358805	1
sub-1922_ses-wave1.nii.gz	V1	1	1.7358857	1
sub-206044002155.nii.gz	V1	1	1.7359847	1
sub-619550922545.nii.gz	V1	1	1.7360296	1
PT030_OpenNeuro_ds004169_sub-0060.nii.gz	V1	1	1.7360638	1
PT033_WAND_sub-123.nii.gz	V1	1	1.736094	1
PT033_WAND_sub-156.nii.gz	V1	1	1.7361068	1
sub-669350390621.nii.gz	V1	1	1.7361114	1
sub-823338568536.nii.gz	V1	1	1.736154	1
PT036_Yale_HighRes_sub-035.nii.gz	V1	1	1.7361542	1
PT030_OpenNeuro_ds004697_sub-42.nii.gz	V1	1	1.736155	1
sub-661697346338.nii.gz	V1	1	1.7361878	1
sub-4800_ses-wave1.nii.gz	V1	1	1.736204	1
sub-CC610039.nii.gz	V1	1	1.7362756	1
PT030_OpenNeuro_ds004173_sub-088.nii.gz	V1	1	1.7362764	1
sub-867557253312.nii.gz	V1	1	1.7362881	1
sub-801779602005.nii.gz	V1	1	1.7362959	1
sub-612846439329.nii.gz	V1	1	1.7363095	1
PT030_OpenNeuro_ds004776_sub-01.nii.gz	V1	1	1.7363132	1
sub-443563336342.nii.gz	V1	1	1.7364004	1
sub-891643843487.nii.gz	V1	1	1.7364264	1
PT030_OpenNeuro_ds005588_sub-16.nii.gz	V1	1	1.736442	1
PT030_OpenNeuro_ds004711_sub-012.nii.gz	V1	1	1.7364714	1
sub-344368753435.nii.gz	V1	1	1.7365035	1
sub-139_ses-wave3.nii.gz	V1	1	1.736517	1
sub-327048904304.nii.gz	V1	1	1.7365175	1
sub-401570348713.nii.gz	V1	1	1.7365495	1
PT030_OpenNeuro_ds001894_sub-115.nii.gz	V1	1	1.736564	1
RRIB_sub-073.nii.gz	V1	1	1.7365693	1
sub-126388114927.nii.gz	V1	1	1.7365719	1
sub-561051984322.nii.gz	V1	1	1.7365913	1
sub-139265000445.nii.gz	V1	1	1.7365996	1
sub-634789713837.nii.gz	V1	1	1.73661	1
sub-280387137804.nii.gz	V1	1	1.7366289	1
sub-975_ses-wave1.nii.gz	V1	1	1.7366396	1
PT030_OpenNeuro_ds005588_sub-28.nii.gz	V1	1	1.7366471	1
PT030_OpenNeuro_ds002878_sub-04.nii.gz	V1	1	1.7366608	1
sub-CC510486.nii.gz	V1	1	1.7366896	1
sub-337161398064.nii.gz	V1	1	1.7366949	1
sub-847649503818.nii.gz	V1	1	1.736739	1
sub-339410322806.nii.gz	V1	1	1.7367595	1
PT030_OpenNeuro_ds003877_sub-34.nii.gz	V1	1	1.7368028	1
sub-1169_ses-wave2.nii.gz	V1	1	1.7368121	1
sub-491354632411.nii.gz	V1	1	1.7368363	1
PT030_OpenNeuro_ds003877_sub-31.nii.gz	V1	1	1.736881	1
sub-435541553101.nii.gz	V1	1	1.73689	1
sub-162530081874.nii.gz	V1	1	1.7369006	1
PT030_OpenNeuro_ds002793_sub-04.nii.gz	V1	1	1.7369211	1
sub-133104642441.nii.gz	V1	1	1.7370598	1
PT030_OpenNeuro_ds004285_sub-13.nii.gz	V1	1	1.7370728	1
PT030_OpenNeuro_ds000243_sub-010.nii.gz	V1	1	1.7371063	1
sub-998_ses-wave2.nii.gz	V1	1	1.7371178	1
sub-716555194023.nii.gz	V1	1	1.7371438	1
sub-354196077108.nii.gz	V1	1	1.7371768	1
sub-304120926484.nii.gz	V1	1	1.7371963	1
sub-201022501036.nii.gz	V1	1	1.7371986	1
sub-930818807780.nii.gz	V1	1	1.737252	1
sub-1157_ses-wave1.nii.gz	V1	1	1.737253	1
sub-284462322919.nii.gz	V1	1	1.7372606	1
sub-352892368365.nii.gz	V1	1	1.7372932	1
sub-400025330237.nii.gz	V1	1	1.7373079	1
sub-709336090516.nii.gz	V1	1	1.7373235	1
PT030_OpenNeuro_ds001894_sub-151.nii.gz	V1	1	1.7373315	1
PT030_OpenNeuro_ds003416_sub-22.nii.gz	V1	1	1.7373552	1
sub-459781782269.nii.gz	V1	1	1.7373608	1
PT030_OpenNeuro_ds004718_sub-28.nii.gz	V1	1	1.7373626	1
PT030_OpenNeuro_ds003798_sub-096.nii.gz	V1	1	1.737385	1
PT030_OpenNeuro_ds001894_sub-072.nii.gz	V1	1	1.7374203	1
sub-CC420222.nii.gz	V1	1	1.737493	1
PT030_OpenNeuro_ds001894_sub-091.nii.gz	V1	1	1.7375199	1
sub-592933699184.nii.gz	V1	1	1.7375594	1
sub-578915055891.nii.gz	V1	1	1.7375823	1
sub-739765334757.nii.gz	V1	1	1.7375871	1
sub-1013_ses-wave2.nii.gz	V1	1	1.7376232	1
PT030_OpenNeuro_ds003416_sub-83.nii.gz	V1	1	1.737639	1
sub-858944435768.nii.gz	V1	1	1.7376467	1
PT030_OpenNeuro_ds000053_sub-47.nii.gz	V1	1	1.7376758	1
PT030_OpenNeuro_ds004285_sub-03.nii.gz	V1	1	1.7376876	1
sub-915468023299.nii.gz	V1	1	1.7376989	1
sub-807440222278.nii.gz	V1	1	1.7377058	1
sub-949804034624.nii.gz	V1	1	1.7377074	1
sub-CC520078.nii.gz	V1	1	1.737717	1
sub-196364717054.nii.gz	V1	1	1.7377471	1
sub-CC510548.nii.gz	V1	1	1.7377558	1
sub-101_ses-wave1.nii.gz	V1	1	1.7377831	1
sub-693382231073.nii.gz	V1	1	1.7378113	1
PT030_OpenNeuro_ds004173_sub-073.nii.gz	V1	1	1.7378167	1
PT008_AdolescentBrainDevelopment_sub-34.nii.gz	V1	1	1.7378323	1
PT030_OpenNeuro_ds003499_sub-31.nii.gz	V1	1	1.7378635	1
PT030_OpenNeuro_ds002647_sub-90.nii.gz	V1	1	1.7378844	1
sub-438755596662.nii.gz	V1	1	1.7378967	1
PT030_OpenNeuro_ds001338_sub-08.nii.gz	V1	1	1.7379408	1
sub-1468_ses-wave1.nii.gz	V1	1	1.7379538	1
sub-803660783259.nii.gz	V1	1	1.7379775	1
PT030_OpenNeuro_ds001894_sub-137.nii.gz	V1	1	1.7379946	1
PT030_OpenNeuro_ds005256_sub-057.nii.gz	V1	1	1.7380114	1
sub-582324789442.nii.gz	V1	1	1.7380233	1
sub-224367464213.nii.gz	V1	1	1.7380286	1
PT030_OpenNeuro_ds003404_sub-04.nii.gz	V1	1	1.7380482	1
sub-521410433804.nii.gz	V1	1	1.7381072	1
PT030_OpenNeuro_ds005498_sub-045.nii.gz	V1	1	1.7382046	1
sub-510063670073.nii.gz	V1	1	1.7382085	1
sub-489209952717.nii.gz	V1	1	1.7382222	1
PT030_OpenNeuro_ds000256_sub-21.nii.gz	V1	1	1.7382411	1
sub-425107191963.nii.gz	V1	1	1.7382464	1
sub-508155480644.nii.gz	V1	1	1.7382808	1
PT030_OpenNeuro_ds001894_sub-058.nii.gz	V1	1	1.7383016	1
sub-373762941487.nii.gz	V1	1	1.73832	1
PT030_OpenNeuro_ds002382_sub-07.nii.gz	V1	1	1.7383292	1
PT030_OpenNeuro_ds000228_sub-118.nii.gz	V1	1	1.7383655	1
PT030_OpenNeuro_ds002345_sub-109.nii.gz	V1	1	1.7383858	1
sub-886413354960.nii.gz	V1	1	1.7384126	1
sub-831488633530.nii.gz	V1	1	1.7384659	1
sub-213536717598.nii.gz	V1	1	1.7384686	1
PT030_OpenNeuro_ds004795_sub-136.nii.gz	V1	1	1.7384913	1
PT030_OpenNeuro_ds002422_sub-12.nii.gz	V1	1	1.7385103	1
sub-831420461855.nii.gz	V1	1	1.7385192	1
sub-572750930282.nii.gz	V1	1	1.7385443	1
PT030_OpenNeuro_ds004094_sub-06.nii.gz	V1	1	1.7386094	1
PT030_OpenNeuro_ds004697_sub-47.nii.gz	V1	1	1.7386202	1
sub-CC110087.nii.gz	V1	1	1.7386243	1
PT030_OpenNeuro_ds005413_sub-11.nii.gz	V1	1	1.7386467	1
PT030_OpenNeuro_ds000149_sub-06.nii.gz	V1	1	1.7386537	1
sub-425788429649.nii.gz	V1	1	1.7386833	1
PT030_OpenNeuro_ds001894_sub-120.nii.gz	V1	1	1.7387164	1
sub-779_ses-wave2.nii.gz	V1	1	1.7387894	1
sub-125593252892.nii.gz	V1	1	1.7388073	1
PT030_OpenNeuro_ds004746_sub-002.nii.gz	V1	1	1.7388415	1
sub-1452_ses-wave1.nii.gz	V1	1	1.7388484	1
sub-275716693847.nii.gz	V1	1	1.7388526	1
PT030_OpenNeuro_ds003416_sub-85.nii.gz	V1	1	1.738919	1
sub-896224545797.nii.gz	V1	1	1.7389202	1
sub-1013_ses-wave1.nii.gz	V1	1	1.7389268	1
sub-989_ses-wave2.nii.gz	V1	1	1.7389284	1
sub-276343183713.nii.gz	V1	1	1.738936	1
PT030_OpenNeuro_ds002236_sub-12.nii.gz	V1	1	1.7389377	1
sub-657490657270.nii.gz	V1	1	1.7389773	1
PT030_OpenNeuro_ds000240_sub-44.nii.gz	V1	1	1.7389842	1
sub-686082388541.nii.gz	V1	1	1.7389864	1
PT030_OpenNeuro_ds000228_sub-137.nii.gz	V1	1	1.7389952	1
sub-822496166954.nii.gz	V1	1	1.7390673	1
sub-245306557719.nii.gz	V1	1	1.7390709	1
sub-CC510304.nii.gz	V1	1	1.7390717	1
sub-399695603994.nii.gz	V1	1	1.73909	1
sub-CC510392.nii.gz	V1	1	1.7390977	1
PT030_OpenNeuro_ds000256_sub-07.nii.gz	V1	1	1.7391022	1
sub-755838130322.nii.gz	V1	1	1.7391232	1
sub-705038613284.nii.gz	V1	1	1.7391257	1
PT030_OpenNeuro_ds003877_sub-20.nii.gz	V1	1	1.739204	1
PT030_OpenNeuro_ds004274_sub-21.nii.gz	V1	1	1.7392895	1
sub-448110191847.nii.gz	V1	1	1.7392972	1
PT034_Wayne_sub-109.nii.gz	V1	1	1.7393103	1
PT030_OpenNeuro_ds003877_sub-68.nii.gz	V1	1	1.7393456	1
PT030_OpenNeuro_ds003877_sub-32.nii.gz	V1	1	1.7393594	1
PT030_OpenNeuro_ds001771_sub-33.nii.gz	V1	1	1.7393667	1
sub-CC221935.nii.gz	V1	1	1.7393737	1
sub-915876060239.nii.gz	V1	1	1.7393953	1
sub-429708332868.nii.gz	V1	1	1.739405	1
sub-351546374188.nii.gz	V1	1	1.7394147	1
sub-227648923790.nii.gz	V1	1	1.7394605	1
PT030_OpenNeuro_ds002727_sub-11.nii.gz	V1	1	1.7394748	1
PT030_OpenNeuro_ds002382_sub-47.nii.gz	V1	1	1.7394867	1
sub-799_ses-wave2.nii.gz	V1	1	1.7394915	1
sub-303698168005.nii.gz	V1	1	1.739512	1
PT030_OpenNeuro_ds005256_sub-074.nii.gz	V1	1	1.7395242	1
sub-784744094165.nii.gz	V1	1	1.7395247	1
sub-2885_ses-wave2.nii.gz	V1	1	1.7395288	1
sub-837013566460.nii.gz	V1	1	1.7395328	1
sub-CC520011.nii.gz	V1	1	1.7395768	1
sub-975770121455.nii.gz	V1	1	1.7395947	1
PT030_OpenNeuro_ds003877_sub-58.nii.gz	V1	1	1.7396463	1
PT030_OpenNeuro_ds003798_sub-094.nii.gz	V1	1	1.7396526	1
PT030_OpenNeuro_ds003877_sub-72.nii.gz	V1	1	1.7396582	1
sub-109861838866.nii.gz	V1	1	1.7396728	1
sub-690700446552.nii.gz	V1	1	1.7396877	1
sub-665518598470.nii.gz	V1	1	1.73971	1
PT033_WAND_sub-162.nii.gz	V1	1	1.7397262	1
PT030_OpenNeuro_ds004182_sub-34.nii.gz	V1	1	1.739763	1
PT030_OpenNeuro_ds002727_sub-15.nii.gz	V1	1	1.7397907	1
sub-938749379533.nii.gz	V1	1	1.7398031	1
sub-687207140451.nii.gz	V1	1	1.7398125	1
PT030_OpenNeuro_ds003798_sub-086.nii.gz	V1	1	1.739819	1
sub-CC420091.nii.gz	V1	1	1.7398266	1
PT012_CHBMP_sub-083.nii.gz	V1	1	1.7398691	1
sub-CC410179.nii.gz	V1	1	1.7398745	1
PT030_OpenNeuro_ds002363_sub-06.nii.gz	V1	1	1.7399057	1
sub-596630833773.nii.gz	V1	1	1.7399138	1
sub-CC110101.nii.gz	V1	1	1.7399186	1
PT033_WAND_sub-127.nii.gz	V1	1	1.7399676	1
PT030_OpenNeuro_ds003416_sub-72.nii.gz	V1	1	1.7400297	1
PT030_OpenNeuro_ds001894_sub-136.nii.gz	V1	1	1.7400323	1
sub-CC310410.nii.gz	V1	1	1.7400397	1
sub-CC510086.nii.gz	V1	1	1.7400662	1
PT030_OpenNeuro_ds001740_sub-07.nii.gz	V1	1	1.7400682	1
sub-271658975814.nii.gz	V1	1	1.7400712	1
PT030_OpenNeuro_ds000228_sub-024.nii.gz	V1	1	1.7400869	1
PT030_OpenNeuro_ds001796_sub-15.nii.gz	V1	1	1.7400998	1
sub-942408567728.nii.gz	V1	1	1.740104	1
sub-928156652019.nii.gz	V1	1	1.7401077	1
sub-257828464685.nii.gz	V1	1	1.7401148	1
sub-312461126831.nii.gz	V1	1	1.7401686	1
sub-155_ses-wave1.nii.gz	V1	1	1.7402161	1
sub-545343612156.nii.gz	V1	1	1.7402273	1
PT030_OpenNeuro_ds003877_sub-76.nii.gz	V1	1	1.7402328	1
sub-357434584441.nii.gz	V1	1	1.740274	1
PT030_OpenNeuro_ds003877_sub-17.nii.gz	V1	1	1.7402886	1
sub-244954065411.nii.gz	V1	1	1.74029	1
sub-504993676373.nii.gz	V1	1	1.7402927	1
sub-626261127584.nii.gz	V1	1	1.7403587	1
sub-452339919944.nii.gz	V1	1	1.7403698	1
sub-933669624404.nii.gz	V1	1	1.7404052	1
sub-163903932976.nii.gz	V1	1	1.7404196	1
sub-442131715190.nii.gz	V1	1	1.7404312	1
sub-458506665556.nii.gz	V1	1	1.740452	1
sub-341598013517.nii.gz	V1	1	1.7404585	1
PT034_Wayne_sub-001.nii.gz	V1	1	1.7404653	1
sub-1031_ses-wave3.nii.gz	V1	1	1.740479	1
sub-619489060193.nii.gz	V1	1	1.740537	1
PT030_OpenNeuro_ds005588_sub-34.nii.gz	V1	1	1.7405975	1
sub-945685896914.nii.gz	V1	1	1.7406179	1
PT030_OpenNeuro_ds004173_sub-102.nii.gz	V1	1	1.740631	1
sub-CC321291.nii.gz	V1	1	1.7406621	1
sub-CC520503.nii.gz	V1	1	1.7406675	1
sub-594656396715.nii.gz	V1	1	1.74068	1
sub-409603744945.nii.gz	V1	1	1.7406859	1
PT012_CHBMP_sub-062.nii.gz	V1	1	1.7407005	1
sub-636129540020.nii.gz	V1	1	1.7407156	1
PT030_OpenNeuro_ds004173_sub-055.nii.gz	V1	1	1.7407616	1
sub-855821008773.nii.gz	V1	1	1.7407668	1
PT030_OpenNeuro_ds002236_sub-02.nii.gz	V1	1	1.740767	1
sub-961_ses-wave1.nii.gz	V1	1	1.740806	1
sub-205057332807.nii.gz	V1	1	1.7408088	1
sub-194435801089.nii.gz	V1	1	1.74086	1
sub-710310558743.nii.gz	V1	1	1.7408669	1
sub-714778655869.nii.gz	V1	1	1.7408965	1
sub-739807799326.nii.gz	V1	1	1.7409316	1
sub-CC221336.nii.gz	V1	1	1.7409403	1
sub-947714204613.nii.gz	V1	1	1.740963	1
sub-434364030663.nii.gz	V1	1	1.7409674	1
sub-906798941537.nii.gz	V1	1	1.7410104	1
sub-493826676373.nii.gz	V1	1	1.7410535	1
sub-776559088401.nii.gz	V1	1	1.7410631	1
sub-CC420094.nii.gz	V1	1	1.7410799	1
PT030_OpenNeuro_ds001306_sub-01.nii.gz	V1	1	1.7410842	1
sub-222639169462.nii.gz	V1	1	1.7411022	1
sub-993601032415.nii.gz	V1	1	1.7411047	1
PT030_OpenNeuro_ds001894_sub-077.nii.gz	V1	1	1.7411132	1
sub-251152153076.nii.gz	V1	1	1.7411469	1
sub-641082032277.nii.gz	V1	1	1.7411561	1
sub-331566282606.nii.gz	V1	1	1.7411873	1
PT030_OpenNeuro_ds002793_sub-03.nii.gz	V1	1	1.741231	1
PT030_OpenNeuro_ds004697_sub-40.nii.gz	V1	1	1.7412974	1
RRIB_sub-018.nii.gz	V1	1	1.7413082	1
PT030_OpenNeuro_ds003416_sub-24.nii.gz	V1	1	1.7413541	1
sub-199914722921.nii.gz	V1	1	1.7414052	1
sub-898_ses-wave2.nii.gz	V1	1	1.7415333	1
PT030_OpenNeuro_ds002419_sub-39.nii.gz	V1	1	1.7415463	1
sub-486615289589.nii.gz	V1	1	1.7415904	1
sub-CC110062.nii.gz	V1	1	1.7416422	1
PT030_OpenNeuro_ds002647_sub-85.nii.gz	V1	1	1.7416515	1
PT030_OpenNeuro_ds005256_sub-065.nii.gz	V1	1	1.7416682	1
sub-997706219656.nii.gz	V1	1	1.7416725	1
sub-CC420582.nii.gz	V1	1	1.7416869	1
sub-1439_ses-wave3.nii.gz	V1	1	1.7417331	1
PT030_OpenNeuro_ds000256_sub-10.nii.gz	V1	1	1.7417498	1
sub-463896670279.nii.gz	V1	1	1.7417617	1
sub-297755735080.nii.gz	V1	1	1.7417777	1
sub-162264500672.nii.gz	V1	1	1.7417893	1
sub-207858828670.nii.gz	V1	1	1.7418194	1
sub-163558591208.nii.gz	V1	1	1.7418932	1
PT030_OpenNeuro_ds003346_sub-053.nii.gz	V1	1	1.7419153	1
sub-496669625447.nii.gz	V1	1	1.7419549	1
PT030_OpenNeuro_ds003798_sub-113.nii.gz	V1	1	1.7419592	1
PT030_OpenNeuro_ds002419_sub-02.nii.gz	V1	1	1.741999	1
PT030_OpenNeuro_ds002338_sub-10.nii.gz	V1	1	1.7420253	1
sub-928893044378.nii.gz	V1	1	1.7420286	1
sub-225495052599.nii.gz	V1	1	1.7420654	1
sub-CC420071.nii.gz	V1	1	1.7420722	1
sub-348558792949.nii.gz	V1	1	1.742103	1
sub-203218358650.nii.gz	V1	1	1.7421275	1
sub-672403936752.nii.gz	V1	1	1.7421575	1
sub-674149431427.nii.gz	V1	1	1.7421622	1
sub-249376845371.nii.gz	V1	1	1.7422118	1
PT012_CHBMP_sub-110.nii.gz	V1	1	1.742227	1
sub-430212986919.nii.gz	V1	1	1.7422968	1
PT030_OpenNeuro_ds001486_sub-102.nii.gz	V1	1	1.7423264	1
sub-649973856258.nii.gz	V1	1	1.742362	1
sub-887796798530.nii.gz	V1	1	1.7423711	1
sub-100479214233.nii.gz	V1	1	1.7423801	1
sub-512752293894.nii.gz	V1	1	1.7423929	1
PT030_OpenNeuro_ds003416_sub-92.nii.gz	V1	1	1.7424555	1
sub-288219585847.nii.gz	V1	1	1.7424757	1
sub-157424007228.nii.gz	V1	1	1.7425864	1
PT034_Wayne_sub-024.nii.gz	V1	1	1.7425964	1
sub-CC420204.nii.gz	V1	1	1.7426105	1
sub-989703928298.nii.gz	V1	1	1.7426277	1
sub-817752088722.nii.gz	V1	1	1.74264	1
sub-CC620259.nii.gz	V1	1	1.7426509	1
sub-1850_ses-wave2.nii.gz	V1	1	1.7427242	1
sub-CC420261.nii.gz	V1	1	1.7427247	1
PT030_OpenNeuro_ds002382_sub-09.nii.gz	V1	1	1.7427258	1
sub-100544064116.nii.gz	V1	1	1.7427325	1
PT030_OpenNeuro_ds004711_sub-071.nii.gz	V1	1	1.7427435	1
PT030_OpenNeuro_ds004285_sub-01.nii.gz	V1	1	1.7427622	1
sub-769197912961.nii.gz	V1	1	1.7427856	1
PT030_OpenNeuro_ds005980_sub-17.nii.gz	V1	1	1.742788	1
sub-611520063730.nii.gz	V1	1	1.7427983	1
sub-138_ses-wave1.nii.gz	V1	1	1.7428004	1
sub-191130301619.nii.gz	V1	1	1.7428272	1
sub-2885_ses-wave1.nii.gz	V1	1	1.7428373	1
sub-831498430235.nii.gz	V1	1	1.7428432	1
sub-468308314568.nii.gz	V1	1	1.7428662	1
PT030_OpenNeuro_ds003416_sub-69.nii.gz	V1	1	1.7428999	1
sub-602900008789.nii.gz	V1	1	1.742915	1
sub-688375758179.nii.gz	V1	1	1.7429372	1
sub-485953220500.nii.gz	V1	1	1.7429571	1
PT030_OpenNeuro_ds005588_sub-24.nii.gz	V1	1	1.7429588	1
sub-795301649531.nii.gz	V1	1	1.7429664	1
sub-329453058291.nii.gz	V1	1	1.7429783	1
sub-841_ses-wave3.nii.gz	V1	1	1.7429842	1
PT030_OpenNeuro_ds004718_sub-38.nii.gz	V1	1	1.7429918	1
PT030_OpenNeuro_ds003126_sub-58.nii.gz	V1	1	1.7430426	1
sub-124473101862.nii.gz	V1	1	1.7430626	1
sub-820914166033.nii.gz	V1	1	1.7430784	1
sub-903309024146.nii.gz	V1	1	1.7430942	1
sub-CC321087.nii.gz	V1	1	1.7431145	1
sub-410376444663.nii.gz	V1	1	1.7431483	1
PT030_OpenNeuro_ds001894_sub-063.nii.gz	V1	1	1.7431777	1
PT030_OpenNeuro_ds002422_sub-01.nii.gz	V1	1	1.7432467	1
sub-467327021506.nii.gz	V1	1	1.7432619	1
RRIB_sub-110.nii.gz	V1	1	1.7433245	1
sub-277072542882.nii.gz	V1	1	1.7433401	1
sub-577386717652.nii.gz	V1	1	1.7433697	1
sub-484050207540.nii.gz	V1	1	1.7433844	1
PT030_OpenNeuro_ds003798_sub-034.nii.gz	V1	1	1.7433934	1
sub-664063551695.nii.gz	V1	1	1.7434067	1
PT034_Wayne_sub-102.nii.gz	V1	1	1.7434505	1
RRIB_sub-105.nii.gz	V1	1	1.7435334	1
PT030_OpenNeuro_ds003499_sub-47.nii.gz	V1	1	1.7435813	1
PT030_OpenNeuro_ds004718_sub-16.nii.gz	V1	1	1.743595	1
sub-CC320325.nii.gz	V1	1	1.7435971	1
sub-713578957020.nii.gz	V1	1	1.7436013	1
sub-474704091659.nii.gz	V1	1	1.7436113	1
sub-120159232504.nii.gz	V1	1	1.7436427	1
sub-CC610022.nii.gz	V1	1	1.7436782	1
sub-953138204161.nii.gz	V1	1	1.7436962	1
sub-234533737919.nii.gz	V1	1	1.7437878	1
PT030_OpenNeuro_ds000222_sub-06.nii.gz	V1	1	1.7437971	1
sub-988_ses-wave2.nii.gz	V1	1	1.7438307	1
sub-130748167392.nii.gz	V1	1	1.7438656	1
sub-612_ses-wave1.nii.gz	V1	1	1.7438929	1
PT030_OpenNeuro_ds000119_sub-13.nii.gz	V1	1	1.7439296	1
PT030_OpenNeuro_ds003798_sub-104.nii.gz	V1	1	1.7440037	1
sub-449691454748.nii.gz	V1	1	1.7440058	1
sub-997337611588.nii.gz	V1	1	1.7440139	1
PT030_OpenNeuro_ds004697_sub-38.nii.gz	V1	1	1.7440202	1
sub-446105610730.nii.gz	V1	1	1.7440294	1
sub-933794001889.nii.gz	V1	1	1.7440406	1
sub-681348722896.nii.gz	V1	1	1.7440481	1
sub-884_ses-wave1.nii.gz	V1	1	1.7441007	1
sub-601953899218.nii.gz	V1	1	1.744255	1
sub-CC420412.nii.gz	V1	1	1.7442838	1
PT030_OpenNeuro_ds003877_sub-62.nii.gz	V1	1	1.7443157	1
PT030_OpenNeuro_ds004557_sub-02.nii.gz	V1	1	1.7443162	1
sub-CC220335.nii.gz	V1	1	1.7443409	1
sub-198657062793.nii.gz	V1	1	1.7443526	1
sub-320966169093.nii.gz	V1	1	1.7443768	1
sub-733521303257.nii.gz	V1	1	1.7443892	1
PT030_OpenNeuro_ds003465_sub-16.nii.gz	V1	1	1.7444122	1
sub-233518615502.nii.gz	V1	1	1.7444537	1
sub-550394965552.nii.gz	V1	1	1.7444642	1
sub-CC223286.nii.gz	V1	1	1.7445042	1
sub-108893451515.nii.gz	V1	1	1.7445141	1
sub-626963157197.nii.gz	V1	1	1.7445264	1
sub-CC510226.nii.gz	V1	1	1.7445682	1
PT030_OpenNeuro_ds004718_sub-48.nii.gz	V1	1	1.7446033	1
PT030_OpenNeuro_ds004556_sub-29.nii.gz	V1	1	1.7446632	1
sub-630551983437.nii.gz	V1	1	1.744687	1
sub-CC510329.nii.gz	V1	1	1.7447149	1
sub-622888774016.nii.gz	V1	1	1.7447394	1
sub-1169_ses-wave1.nii.gz	V1	1	1.7447681	1
PT030_OpenNeuro_ds001241_sub-23.nii.gz	V1	1	1.7447746	1
PT030_OpenNeuro_ds001241_sub-07.nii.gz	V1	1	1.744811	1
sub-683977145503.nii.gz	V1	1	1.7448373	1
sub-779_ses-wave3.nii.gz	V1	1	1.7448441	1
sub-750015954760.nii.gz	V1	1	1.7448692	1
sub-380421212894.nii.gz	V1	1	1.74488	1
PT030_OpenNeuro_ds004169_sub-1062.nii.gz	V1	1	1.7449777	1
sub-788416388677.nii.gz	V1	1	1.7450218	1
PT030_OpenNeuro_ds003424_sub-23.nii.gz	V1	1	1.7450256	1
PT030_OpenNeuro_ds002366_sub-15.nii.gz	V1	1	1.7450262	1
PT030_OpenNeuro_ds002366_sub-18.nii.gz	V1	1	1.745099	1
PT030_OpenNeuro_ds004169_sub-1077.nii.gz	V1	1	1.7451347	1
sub-502845324473.nii.gz	V1	1	1.7451388	1
sub-519801603913.nii.gz	V1	1	1.7451425	1
sub-CC420348.nii.gz	V1	1	1.7451454	1
PT030_OpenNeuro_ds000240_sub-41.nii.gz	V1	1	1.7451465	1
sub-281171079038.nii.gz	V1	1	1.7451655	1
RRIB_sub-117.nii.gz	V1	1	1.7451662	1
PT030_OpenNeuro_ds003877_sub-35.nii.gz	V1	1	1.7451746	1
PT030_OpenNeuro_ds004718_sub-21.nii.gz	V1	1	1.7451975	1
PT030_OpenNeuro_ds002366_sub-12.nii.gz	V1	1	1.7452449	1
sub-2172_ses-wave2.nii.gz	V1	1	1.7452797	1
sub-CC220713.nii.gz	V1	1	1.7453045	1
sub-373628596753.nii.gz	V1	1	1.7453607	1
PT030_OpenNeuro_ds001894_sub-103.nii.gz	V1	1	1.7453822	1
RRIB_sub-119.nii.gz	V1	1	1.7454066	1
sub-874881043824.nii.gz	V1	1	1.745468	1
sub-316838712821.nii.gz	V1	1	1.7454776	1
sub-682251382971.nii.gz	V1	1	1.7454907	1
sub-CC420589.nii.gz	V1	1	1.7454962	1
PT012_CHBMP_sub-123.nii.gz	V1	1	1.7454965	1
sub-939037999646.nii.gz	V1	1	1.7455448	1
sub-717749803047.nii.gz	V1	1	1.7455654	1
sub-286377011623.nii.gz	V1	1	1.7455851	1
sub-896650636412.nii.gz	V1	1	1.7456535	1
PT030_OpenNeuro_ds003877_sub-39.nii.gz	V1	1	1.7457182	1
sub-CC320814.nii.gz	V1	1	1.7457244	1
PT030_OpenNeuro_ds001894_sub-090.nii.gz	V1	1	1.7457833	1
PT030_OpenNeuro_ds003416_sub-25.nii.gz	V1	1	1.7458045	1
sub-CC420433.nii.gz	V1	1	1.7458105	1
sub-643223763356.nii.gz	V1	1	1.7458235	1
sub-164278388741.nii.gz	V1	1	1.7458422	1
sub-CC220535.nii.gz	V1	1	1.7458676	1
PT030_OpenNeuro_ds001894_sub-118.nii.gz	V1	1	1.74588	1
sub-914867370224.nii.gz	V1	1	1.7459431	1
sub-CC620164.nii.gz	V1	1	1.7459643	1
PT012_CHBMP_sub-038.nii.gz	V1	1	1.7459906	1
sub-871062020088.nii.gz	V1	1	1.7459934	1
sub-124676200421.nii.gz	V1	1	1.746006	1
sub-899919102280.nii.gz	V1	1	1.7460191	1
sub-790241781136.nii.gz	V1	1	1.7460352	1
PT030_OpenNeuro_ds004169_sub-1100.nii.gz	V1	1	1.7461131	1
sub-496049662826.nii.gz	V1	1	1.7461281	1
sub-354022763474.nii.gz	V1	1	1.7461337	1
sub-146_ses-wave1.nii.gz	V1	1	1.7461733	1
sub-593650733821.nii.gz	V1	1	1.7461972	1
sub-572048005831.nii.gz	V1	1	1.746212	1
sub-674684870917.nii.gz	V1	1	1.7462454	1
sub-492342176669.nii.gz	V1	1	1.7462689	1
sub-1796_ses-wave3.nii.gz	V1	1	1.7462696	1
PT030_OpenNeuro_ds003346_sub-037.nii.gz	V1	1	1.7463299	1
sub-935651209043.nii.gz	V1	1	1.7463368	1
sub-923988821231.nii.gz	V1	1	1.7463425	1
sub-349981404460.nii.gz	V1	1	1.7464393	1
sub-CC410323.nii.gz	V1	1	1.7464448	1
PT030_OpenNeuro_ds003176_sub-22.nii.gz	V1	1	1.7464563	1
PT030_OpenNeuro_ds003126_sub-52.nii.gz	V1	1	1.746458	1
sub-1240_ses-wave3.nii.gz	V1	1	1.7464738	1
sub-229294744251.nii.gz	V1	1	1.7464762	1
sub-CC321073.nii.gz	V1	1	1.7465174	1
sub-307727489701.nii.gz	V1	1	1.7465515	1
sub-352012295215.nii.gz	V1	1	1.7465608	1
sub-CC310400.nii.gz	V1	1	1.7465899	1
sub-778816944846.nii.gz	V1	1	1.7466129	1
sub-CC221585.nii.gz	V1	1	1.7466135	1
sub-192108161449.nii.gz	V1	1	1.7466189	1
sub-200829694210.nii.gz	V1	1	1.7466514	1
PT033_WAND_sub-097.nii.gz	V1	1	1.7466704	1
sub-573108584695.nii.gz	V1	1	1.7466785	1
sub-104893688989.nii.gz	V1	1	1.7466887	1
sub-398220399143.nii.gz	V1	1	1.7466981	1
sub-1850_ses-wave3.nii.gz	V1	1	1.7467034	1
sub-CC420198.nii.gz	V1	1	1.7467082	1
PT030_OpenNeuro_ds003877_sub-27.nii.gz	V1	1	1.746711	1
sub-579899565725.nii.gz	V1	1	1.7467251	1
sub-296427539569.nii.gz	V1	1	1.746741	1
sub-669048992022.nii.gz	V1	1	1.7467674	1
PT030_OpenNeuro_ds004718_sub-42.nii.gz	V1	1	1.7467715	1
sub-585840627036.nii.gz	V1	1	1.746845	1
sub-422726021651.nii.gz	V1	1	1.7468724	1
sub-1467_ses-wave1.nii.gz	V1	1	1.7469118	1
sub-502014416815.nii.gz	V1	1	1.746916	1
PT030_OpenNeuro_ds005588_sub-07.nii.gz	V1	1	1.7469226	1
sub-988_ses-wave3.nii.gz	V1	1	1.746926	1
sub-677544915835.nii.gz	V1	1	1.746934	1
sub-985708875526.nii.gz	V1	1	1.7469565	1
sub-169353478984.nii.gz	V1	1	1.7469649	1
sub-702869357469.nii.gz	V1	1	1.7469921	1
sub-190572977508.nii.gz	V1	1	1.747027	1
sub-726583561602.nii.gz	V1	1	1.7470387	1
PT030_OpenNeuro_ds003763_sub-27.nii.gz	V1	1	1.7470556	1
sub-135762948880.nii.gz	V1	1	1.7470783	1
PT030_OpenNeuro_ds003798_sub-097.nii.gz	V1	1	1.7470818	1
sub-561734337718.nii.gz	V1	1	1.7470957	1
sub-406656405095.nii.gz	V1	1	1.747127	1
sub-547139274284.nii.gz	V1	1	1.747144	1
sub-495214442213.nii.gz	V1	1	1.7471572	1
PT030_OpenNeuro_ds004285_sub-09.nii.gz	V1	1	1.7472008	1
sub-426381896702.nii.gz	V1	1	1.7472125	1
sub-440221941356.nii.gz	V1	1	1.7472209	1
sub-884_ses-wave2.nii.gz	V1	1	1.7472464	1
sub-823805022711.nii.gz	V1	1	1.7472525	1
PT030_OpenNeuro_ds003416_sub-15.nii.gz	V1	1	1.7472681	1
PT030_OpenNeuro_ds003877_sub-63.nii.gz	V1	1	1.7472929	1
sub-512591307504.nii.gz	V1	1	1.7472986	1
sub-668780942457.nii.gz	V1	1	1.7473049	1
sub-706713051754.nii.gz	V1	1	1.7473304	1
sub-890264397859.nii.gz	V1	1	1.7473397	1
PT030_OpenNeuro_ds002419_sub-18.nii.gz	V1	1	1.7473724	1
sub-849159958030.nii.gz	V1	1	1.7473844	1
sub-398276186058.nii.gz	V1	1	1.7473851	1
PT030_OpenNeuro_ds004718_sub-39.nii.gz	V1	1	1.7474275	1
sub-CC510648.nii.gz	V1	1	1.7474691	1
PT030_OpenNeuro_ds001894_sub-124.nii.gz	V1	1	1.7474765	1
PT030_OpenNeuro_ds002878_sub-03.nii.gz	V1	1	1.7474976	1
sub-424062327797.nii.gz	V1	1	1.7475181	1
sub-112139632444.nii.gz	V1	1	1.7476076	1
PT030_OpenNeuro_ds003877_sub-71.nii.gz	V1	1	1.7476085	1
PT030_OpenNeuro_ds001894_sub-110.nii.gz	V1	1	1.7476221	1
sub-243173602487.nii.gz	V1	1	1.7476345	1
sub-436435395823.nii.gz	V1	1	1.7476734	1
PT034_Wayne_sub-058.nii.gz	V1	1	1.7477001	1
sub-CC320776.nii.gz	V1	1	1.7477129	1
sub-ON99547.nii.gz	V1	1	1.7477349	1
sub-904124011289.nii.gz	V1	1	1.7477385	1
PT030_OpenNeuro_ds004173_sub-107.nii.gz	V1	1	1.7477528	1
PT030_OpenNeuro_ds002338_sub-16.nii.gz	V1	1	1.7478176	1
PT030_OpenNeuro_ds005498_sub-109.nii.gz	V1	1	1.7478328	1
sub-809580291106.nii.gz	V1	1	1.7478647	1
RRIB_sub-077.nii.gz	V1	1	1.7478958	1
sub-251108118714.nii.gz	V1	1	1.7479253	1
PT030_OpenNeuro_ds003763_sub-34.nii.gz	V1	1	1.7479537	1
PT030_OpenNeuro_ds005413_sub-07.nii.gz	V1	1	1.7479854	1
sub-CC520673.nii.gz	V1	1	1.7480068	1
PT030_OpenNeuro_ds005503_sub-04.nii.gz	V1	1	1.7480097	1
sub-561366951241.nii.gz	V1	1	1.7480226	1
sub-293359437443.nii.gz	V1	1	1.7480544	1
PT030_OpenNeuro_ds000235_sub-01.nii.gz	V1	1	1.7480847	1
sub-183093785543.nii.gz	V1	1	1.7480868	1
sub-487060207493.nii.gz	V1	1	1.7481788	1
sub-609062293978.nii.gz	V1	1	1.748231	1
PT030_OpenNeuro_ds000232_sub-09.nii.gz	V1	1	1.7482479	1
sub-644906648465.nii.gz	V1	1	1.7482691	1
sub-561910282184.nii.gz	V1	1	1.7482795	1
sub-884_ses-wave3.nii.gz	V1	1	1.7483029	1
PT030_OpenNeuro_ds001894_sub-132.nii.gz	V1	1	1.7483035	1
sub-2872_ses-wave2.nii.gz	V1	1	1.7483149	1
sub-CC420888.nii.gz	V1	1	1.748318	1
PT012_CHBMP_sub-106.nii.gz	V1	1	1.7483432	1
sub-156820928962.nii.gz	V1	1	1.7483443	1
PT030_OpenNeuro_ds000240_sub-54.nii.gz	V1	1	1.7483809	1
sub-690905328014.nii.gz	V1	1	1.7484243	1
sub-425345863440.nii.gz	V1	1	1.7484403	1
PT030_OpenNeuro_ds001894_sub-098.nii.gz	V1	1	1.7484477	1
PT030_OpenNeuro_ds004746_sub-266.nii.gz	V1	1	1.7484719	1
PT030_OpenNeuro_ds004718_sub-36.nii.gz	V1	1	1.7484764	1
PT030_OpenNeuro_ds003798_sub-024.nii.gz	V1	1	1.7484821	1
sub-357408449075.nii.gz	V1	1	1.7484856	1
sub-530581463174.nii.gz	V1	1	1.7484993	1
sub-225798660070.nii.gz	V1	1	1.7485251	1
PT030_OpenNeuro_ds004182_sub-23.nii.gz	V1	1	1.7485319	1
PT030_OpenNeuro_ds004697_sub-46.nii.gz	V1	1	1.7485514	1
sub-CC510321.nii.gz	V1	1	1.7486107	1
PT030_OpenNeuro_ds004697_sub-77.nii.gz	V1	1	1.7486153	1
RRIB_sub-102.nii.gz	V1	1	1.7486401	1
sub-155578997807.nii.gz	V1	1	1.7486473	1
sub-517171317509.nii.gz	V1	1	1.7487072	1
sub-769448459080.nii.gz	V1	1	1.7487136	1
sub-557526146186.nii.gz	V1	1	1.7487266	1
PT030_OpenNeuro_ds003877_sub-64.nii.gz	V1	1	1.748732	1
sub-592111331115.nii.gz	V1	1	1.7487509	1
sub-904150571086.nii.gz	V1	1	1.7487552	1
sub-1577_ses-wave2.nii.gz	V1	1	1.7487993	1
sub-195281345026.nii.gz	V1	1	1.7488194	1
sub-319179226836.nii.gz	V1	1	1.7488515	1
sub-528365243313.nii.gz	V1	1	1.7488736	1
PT030_OpenNeuro_ds004556_sub-52.nii.gz	V1	1	1.7488798	1
sub-962721757978.nii.gz	V1	1	1.7489051	1
sub-CC510161.nii.gz	V1	1	1.7489089	1
sub-734237194162.nii.gz	V1	1	1.7489738	1
sub-1003_ses-wave1.nii.gz	V1	1	1.748984	1
PT034_Wayne_sub-079.nii.gz	V1	1	1.7489883	1
PT030_OpenNeuro_ds001894_sub-143.nii.gz	V1	1	1.7490234	1
PT030_OpenNeuro_ds003416_sub-21.nii.gz	V1	1	1.7490953	1
PT030_OpenNeuro_ds003877_sub-47.nii.gz	V1	1	1.7491072	1
PT030_OpenNeuro_ds001894_sub-155.nii.gz	V1	1	1.7491423	1
PT030_OpenNeuro_ds003877_sub-48.nii.gz	V1	1	1.7492548	1
sub-297343119496.nii.gz	V1	1	1.7492594	1
sub-384187065322.nii.gz	V1	1	1.7492716	1
sub-455375044946.nii.gz	V1	1	1.7492988	1
PT030_OpenNeuro_ds002419_sub-17.nii.gz	V1	1	1.7493063	1
sub-1431_ses-wave2.nii.gz	V1	1	1.7493104	1
sub-898254413207.nii.gz	V1	1	1.7493354	1
sub-CC420182.nii.gz	V1	1	1.7493539	1
PT030_OpenNeuro_ds003798_sub-112.nii.gz	V1	1	1.7493559	1
PT030_OpenNeuro_ds003877_sub-65.nii.gz	V1	1	1.7493743	1
sub-541821932799.nii.gz	V1	1	1.7494253	1
PT034_Wayne_sub-047.nii.gz	V1	1	1.7494464	1
sub-CC510039.nii.gz	V1	1	1.7494622	1
PT030_OpenNeuro_ds004718_sub-35.nii.gz	V1	1	1.7494937	1
sub-453954863516.nii.gz	V1	1	1.7495158	1
PT030_OpenNeuro_ds001486_sub-076.nii.gz	V1	1	1.7495376	1
sub-679864071438.nii.gz	V1	1	1.7495403	1
sub-CC121411.nii.gz	V1	1	1.749546	1
sub-986189704225.nii.gz	V1	1	1.7495463	1
PT030_OpenNeuro_ds000119_sub-04.nii.gz	V1	1	1.7495464	1
sub-376234889907.nii.gz	V1	1	1.7495532	1
sub-421587906428.nii.gz	V1	1	1.7495927	1
PT030_OpenNeuro_ds001894_sub-065.nii.gz	V1	1	1.7496175	1
PT030_OpenNeuro_ds003416_sub-82.nii.gz	V1	1	1.7496322	1
PT030_OpenNeuro_ds004173_sub-129.nii.gz	V1	1	1.7496345	1
sub-761933517719.nii.gz	V1	1	1.7496446	1
sub-818758158145.nii.gz	V1	1	1.7496595	1
PT030_OpenNeuro_ds004557_sub-18.nii.gz	V1	1	1.7496613	1
sub-840924117029.nii.gz	V1	1	1.7497283	1
PT030_OpenNeuro_ds000234_sub-03.nii.gz	V1	1	1.7497469	1
PT030_OpenNeuro_ds002843_sub-076.nii.gz	V1	1	1.74976	1
PT030_OpenNeuro_ds002382_sub-20.nii.gz	V1	1	1.7497948	1
PT030_OpenNeuro_ds003814_sub-06.nii.gz	V1	1	1.7498302	1
PT030_OpenNeuro_ds004697_sub-28.nii.gz	V1	1	1.7498375	1
PT036_Yale_HighRes_sub-054.nii.gz	V1	1	1.7498637	1
PT030_OpenNeuro_ds001894_sub-142.nii.gz	V1	1	1.7498899	1
sub-704648129030.nii.gz	V1	1	1.74989	1
PT030_OpenNeuro_ds004094_sub-25.nii.gz	V1	1	1.749901	1
sub-912154801626.nii.gz	V1	1	1.7499319	1
sub-671295008661.nii.gz	V1	1	1.7499638	1
RRIB_sub-139.nii.gz	V1	1	1.749969	1
PT033_WAND_sub-133.nii.gz	V1	1	1.7499912	1
PT030_OpenNeuro_ds002620_sub-41.nii.gz	V1	1	1.7499917	1
PT034_Wayne_sub-077.nii.gz	V1	1	1.7500035	1
RRIB_sub-046.nii.gz	V1	1	1.7500174	1
PT030_OpenNeuro_ds003877_sub-26.nii.gz	V1	1	1.7500199	1
sub-1615_ses-wave2.nii.gz	V1	1	1.7500267	1
sub-CC220999.nii.gz	V1	1	1.7500756	1
sub-578146676720.nii.gz	V1	1	1.7500871	1
sub-898_ses-wave1.nii.gz	V1	1	1.7501162	1
PT034_Wayne_sub-063.nii.gz	V1	1	1.7501595	1
sub-199857158538.nii.gz	V1	1	1.7501694	1
PT030_OpenNeuro_ds004182_sub-16.nii.gz	V1	1	1.7501719	1
sub-300742848497.nii.gz	V1	1	1.7502347	1
sub-641802498289.nii.gz	V1	1	1.7502787	1
sub-551781438290.nii.gz	V1	1	1.7502918	1
sub-889_ses-wave3.nii.gz	V1	1	1.7503005	1
sub-659276764197.nii.gz	V1	1	1.7503431	1
sub-241593647293.nii.gz	V1	1	1.7503759	1
PT012_CHBMP_sub-129.nii.gz	V1	1	1.7503809	1
sub-556194631926.nii.gz	V1	1	1.7504224	1
PT030_OpenNeuro_ds004718_sub-08.nii.gz	V1	1	1.7504756	1
sub-537117242845.nii.gz	V1	1	1.750504	1
sub-717875401784.nii.gz	V1	1	1.7505088	1
sub-892536614491.nii.gz	V1	1	1.7505095	1
sub-423697692988.nii.gz	V1	1	1.7505156	1
PT030_OpenNeuro_ds004556_sub-31.nii.gz	V1	1	1.7505308	1
sub-697498934334.nii.gz	V1	1	1.7505609	1
sub-195818230472.nii.gz	V1	1	1.7505754	1
PT030_OpenNeuro_ds003404_sub-16.nii.gz	V1	1	1.7506208	1
sub-326678679771.nii.gz	V1	1	1.7506236	1
sub-500943633771.nii.gz	V1	1	1.7506495	1
PT030_OpenNeuro_ds004795_sub-024.nii.gz	V1	1	1.7506655	1
sub-CC220107.nii.gz	V1	1	1.7507408	1
sub-904298927510.nii.gz	V1	1	1.7507408	1
sub-376438337616.nii.gz	V1	1	1.750761	1
sub-514216395702.nii.gz	V1	1	1.7507807	1
PT030_OpenNeuro_ds001894_sub-111.nii.gz	V1	1	1.7507833	1
PT030_OpenNeuro_ds004169_sub-0204.nii.gz	V1	1	1.7508141	1
sub-125295604279.nii.gz	V1	1	1.7508155	1
sub-987700383547.nii.gz	V1	1	1.7508173	1
PT033_WAND_sub-107.nii.gz	V1	1	1.7508252	1
sub-510989746907.nii.gz	V1	1	1.7508271	1
sub-242581855070.nii.gz	V1	1	1.7508476	1
sub-125891952943.nii.gz	V1	1	1.7508496	1
RRIB_sub-009.nii.gz	V1	1	1.7508693	1
sub-232603114020.nii.gz	V1	1	1.7508869	1
sub-730071150053.nii.gz	V1	1	1.7509109	1
sub-446371809226.nii.gz	V1	1	1.7509629	1
sub-926429125603.nii.gz	V1	1	1.7509954	1
PT030_OpenNeuro_ds000240_sub-52.nii.gz	V1	1	1.7510065	1
sub-687870123935.nii.gz	V1	1	1.7510475	1
sub-435876258037.nii.gz	V1	1	1.7510765	1
sub-898_ses-wave3.nii.gz	V1	1	1.7510903	1
sub-927_ses-wave3.nii.gz	V1	1	1.7510964	1
sub-119568669419.nii.gz	V1	1	1.7511158	1
sub-157479410408.nii.gz	V1	1	1.7511338	1
sub-132529129288.nii.gz	V1	1	1.751174	1
sub-780180841050.nii.gz	V1	1	1.7512513	1
sub-949690334236.nii.gz	V1	1	1.7512985	1
PT030_OpenNeuro_ds003416_sub-14.nii.gz	V1	1	1.7513169	1
sub-813637963361.nii.gz	V1	1	1.7513311	1
sub-541303066659.nii.gz	V1	1	1.7513561	1
sub-CC510609.nii.gz	V1	1	1.7514617	1
PT008_AdolescentBrainDevelopment_sub-38.nii.gz	V1	1	1.7514684	1
sub-816072514616.nii.gz	V1	1	1.7514842	1
sub-858147608571.nii.gz	V1	1	1.7515006	1
PT030_OpenNeuro_ds002366_sub-32.nii.gz	V1	1	1.7515347	1
PT030_OpenNeuro_ds001894_sub-145.nii.gz	V1	1	1.7515384	1
sub-685152998724.nii.gz	V1	1	1.7516065	1
sub-793173130184.nii.gz	V1	1	1.7516327	1
sub-185811521075.nii.gz	V1	1	1.7516465	1
sub-CC222555.nii.gz	V1	1	1.7516725	1
sub-241934772035.nii.gz	V1	1	1.751701	1
sub-683077578493.nii.gz	V1	1	1.7517447	1
sub-189320820344.nii.gz	V1	1	1.751768	1
sub-330153651241.nii.gz	V1	1	1.7517865	1
PT033_WAND_sub-159.nii.gz	V1	1	1.7518158	1
sub-284979093050.nii.gz	V1	1	1.7518343	1
PT030_OpenNeuro_ds001894_sub-068.nii.gz	V1	1	1.7518404	1
sub-682565238858.nii.gz	V1	1	1.7518578	1
sub-995349474693.nii.gz	V1	1	1.751859	1
sub-ON99299.nii.gz	V1	1	1.7519176	1
sub-467500626287.nii.gz	V1	1	1.751933	1
PT030_OpenNeuro_ds004169_sub-0070.nii.gz	V1	1	1.751953	1
sub-741541005641.nii.gz	V1	1	1.7519568	1
sub-150183605252.nii.gz	V1	1	1.7519588	1
sub-600098084610.nii.gz	V1	1	1.7519858	1
sub-611990204992.nii.gz	V1	1	1.7519875	1
sub-558604874300.nii.gz	V1	1	1.7519959	1
sub-566144751290.nii.gz	V1	1	1.7520031	1
PT030_OpenNeuro_ds002366_sub-25.nii.gz	V1	1	1.7520435	1
sub-962095900736.nii.gz	V1	1	1.7521095	1
sub-406097282943.nii.gz	V1	1	1.7521272	1
sub-872029786159.nii.gz	V1	1	1.7521574	1
sub-612159600570.nii.gz	V1	1	1.7521615	1
sub-927_ses-wave2.nii.gz	V1	1	1.7521966	1
sub-1796_ses-wave2.nii.gz	V1	1	1.7522079	1
sub-253582671864.nii.gz	V1	1	1.7522342	1
sub-397509469353.nii.gz	V1	1	1.7522494	1
sub-911595640218.nii.gz	V1	1	1.7522657	1
sub-220390354293.nii.gz	V1	1	1.752305	1
RRIB_sub-049.nii.gz	V1	1	1.7523813	1
sub-870394430007.nii.gz	V1	1	1.7523944	1
sub-472759352092.nii.gz	V1	1	1.7523997	1
sub-548760873320.nii.gz	V1	1	1.7524004	1
sub-335118521931.nii.gz	V1	1	1.7524372	1
PT030_OpenNeuro_ds006472_sub-03.nii.gz	V1	1	1.752443	1
sub-269937866674.nii.gz	V1	1	1.752474	1
PT030_OpenNeuro_ds004556_sub-53.nii.gz	V1	1	1.7525262	1
PT030_OpenNeuro_ds001894_sub-057.nii.gz	V1	1	1.7525549	1
sub-339060915112.nii.gz	V1	1	1.7525616	1
PT030_OpenNeuro_ds004718_sub-37.nii.gz	V1	1	1.752578	1
sub-779735428129.nii.gz	V1	1	1.7526029	1
sub-804603292659.nii.gz	V1	1	1.7526288	1
sub-443022790957.nii.gz	V1	1	1.7527071	1
sub-502693562289.nii.gz	V1	1	1.7527266	1
sub-108019181067.nii.gz	V1	1	1.7527734	1
sub-191462151641.nii.gz	V1	1	1.7528261	1
PT030_OpenNeuro_ds003798_sub-087.nii.gz	V1	1	1.7528533	1
sub-862351405786.nii.gz	V1	1	1.7529217	1
sub-157912888148.nii.gz	V1	1	1.752949	1
PT030_OpenNeuro_ds002366_sub-22.nii.gz	V1	1	1.7529653	1
sub-765217637922.nii.gz	V1	1	1.7529762	1
PT012_CHBMP_sub-028.nii.gz	V1	1	1.7529804	1
PT030_OpenNeuro_ds004718_sub-20.nii.gz	V1	1	1.7530291	1
sub-976812349086.nii.gz	V1	1	1.7530438	1
sub-705347968085.nii.gz	V1	1	1.7530874	1
PT030_OpenNeuro_ds002620_sub-18.nii.gz	V1	1	1.753106	1
PT030_OpenNeuro_ds000200_sub-05.nii.gz	V1	1	1.7531061	1
sub-190741588707.nii.gz	V1	1	1.7531333	1
sub-238616702365.nii.gz	V1	1	1.7531348	1
sub-446612327946.nii.gz	V1	1	1.7531506	1
sub-377800494410.nii.gz	V1	1	1.7531571	1
sub-606245703129.nii.gz	V1	1	1.7531896	1
sub-499898787180.nii.gz	V1	1	1.7533222	1
sub-711501286078.nii.gz	V1	1	1.7533228	1
sub-207552092297.nii.gz	V1	1	1.7533584	1
sub-511947368541.nii.gz	V1	1	1.7533697	1
sub-200367335302.nii.gz	V1	1	1.7533722	1
sub-834050217069.nii.gz	V1	1	1.7533865	1
sub-715188657730.nii.gz	V1	1	1.7534274	1
PT030_OpenNeuro_ds001241_sub-17.nii.gz	V1	1	1.7534605	1
PT030_OpenNeuro_ds002382_sub-27.nii.gz	V1	1	1.7534684	1
PT030_OpenNeuro_ds003877_sub-53.nii.gz	V1	1	1.7534728	1
sub-359554958351.nii.gz	V1	1	1.7534811	1
PT030_OpenNeuro_ds004718_sub-27.nii.gz	V1	1	1.7534846	1
sub-592239322410.nii.gz	V1	1	1.7535192	1
sub-747049784071.nii.gz	V1	1	1.7535236	1
sub-858765038570.nii.gz	V1	1	1.7535784	1
PT030_OpenNeuro_ds002366_sub-24.nii.gz	V1	1	1.7535905	1
PT030_OpenNeuro_ds000224_sub-10.nii.gz	V1	1	1.753591	1
sub-871665254271.nii.gz	V1	1	1.7535942	1
sub-502800059899.nii.gz	V1	1	1.7536134	1
sub-161374462751.nii.gz	V1	1	1.7536478	1
sub-733855626618.nii.gz	V1	1	1.7537159	1
sub-799096182745.nii.gz	V1	1	1.7537385	1
sub-190926752717.nii.gz	V1	1	1.7537422	1
PT030_OpenNeuro_ds005588_sub-33.nii.gz	V1	1	1.7537447	1
sub-901077160766.nii.gz	V1	1	1.7537631	1
sub-105819777108.nii.gz	V1	1	1.7537677	1
sub-CC420566.nii.gz	V1	1	1.7538072	1
PT030_OpenNeuro_ds003814_sub-05.nii.gz	V1	1	1.7538521	1
sub-844809889086.nii.gz	V1	1	1.7538774	1
sub-209401728890.nii.gz	V1	1	1.7539011	1
sub-CC410086.nii.gz	V1	1	1.7539715	1
PT030_OpenNeuro_ds000240_sub-24.nii.gz	V1	1	1.7539967	1
PT030_OpenNeuro_ds004169_sub-0052.nii.gz	V1	1	1.754023	1
PT030_OpenNeuro_ds003126_sub-46.nii.gz	V1	1	1.7540451	1
sub-787836264343.nii.gz	V1	1	1.7540456	1
sub-CC510076.nii.gz	V1	1	1.7540529	1
sub-847858782530.nii.gz	V1	1	1.7540704	1
PT030_OpenNeuro_ds001771_sub-30.nii.gz	V1	1	1.7540845	1
sub-865130064686.nii.gz	V1	1	1.7540995	1
sub-264717518453.nii.gz	V1	1	1.7541143	1
sub-771399282765.nii.gz	V1	1	1.7541199	1
sub-700247842557.nii.gz	V1	1	1.7541765	1
PT030_OpenNeuro_ds002382_sub-28.nii.gz	V1	1	1.7541972	1
sub-617551838591.nii.gz	V1	1	1.7541974	1
sub-1439_ses-wave2.nii.gz	V1	1	1.7542272	1
sub-ON98175.nii.gz	V1	1	1.7542552	1
PT030_OpenNeuro_ds000228_sub-125.nii.gz	V1	1	1.7542772	1
PT030_OpenNeuro_ds002236_sub-23.nii.gz	V1	1	1.7543244	1
sub-797812763865.nii.gz	V1	1	1.7543356	1
sub-989118728356.nii.gz	V1	1	1.7543395	1
sub-713067588921.nii.gz	V1	1	1.7543463	1
RRIB_sub-096.nii.gz	V1	1	1.7543513	1
PT030_OpenNeuro_ds003877_sub-24.nii.gz	V1	1	1.7543545	1
sub-120265397078.nii.gz	V1	1	1.7544082	1
sub-555813233988.nii.gz	V1	1	1.7544098	1
sub-CC320500.nii.gz	V1	1	1.7544566	1
sub-1796_ses-wave1.nii.gz	V1	1	1.7544755	1
PT030_OpenNeuro_ds003877_sub-23.nii.gz	V1	1	1.754481	1
PT030_OpenNeuro_ds004169_sub-0065.nii.gz	V1	1	1.7544882	1
sub-940884975885.nii.gz	V1	1	1.7545146	1
sub-CC420396.nii.gz	V1	1	1.7545309	1
PT030_OpenNeuro_ds001894_sub-130.nii.gz	V1	1	1.7545754	1
PT030_OpenNeuro_ds004173_sub-061.nii.gz	V1	1	1.7545886	1
sub-922289872992.nii.gz	V1	1	1.7546048	1
sub-CC510284.nii.gz	V1	1	1.754618	1
PT030_OpenNeuro_ds002647_sub-01.nii.gz	V1	1	1.7546569	1
PT012_CHBMP_sub-075.nii.gz	V1	1	1.7546886	1
PT030_OpenNeuro_ds001740_sub-09.nii.gz	V1	1	1.7546946	1
sub-816361417384.nii.gz	V1	1	1.754696	1
sub-387293597353.nii.gz	V1	1	1.7547007	1
PT030_OpenNeuro_ds003416_sub-79.nii.gz	V1	1	1.7547234	1
PT030_OpenNeuro_ds004169_sub-1082.nii.gz	V1	1	1.7547276	1
sub-757931942373.nii.gz	V1	1	1.7547387	1
sub-627028295218.nii.gz	V1	1	1.7547567	1
PT030_OpenNeuro_ds004718_sub-24.nii.gz	V1	1	1.7547874	1
sub-183469359841.nii.gz	V1	1	1.7548066	1
PT030_OpenNeuro_ds004718_sub-23.nii.gz	V1	1	1.754857	1
sub-125051097726.nii.gz	V1	1	1.7549223	1
sub-417519708424.nii.gz	V1	1	1.7549428	1
sub-172761051392.nii.gz	V1	1	1.7549458	1
sub-789284069383.nii.gz	V1	1	1.7549881	1
sub-799436047340.nii.gz	V1	1	1.7550501	1
PT030_OpenNeuro_ds005588_sub-12.nii.gz	V1	1	1.7550648	1
PT030_OpenNeuro_ds004280_sub-01.nii.gz	V1	1	1.7550716	1
sub-891012875278.nii.gz	V1	1	1.7551064	1
sub-ON98826.nii.gz	V1	1	1.7551134	1
sub-958777917708.nii.gz	V1	1	1.7551754	1
PT030_OpenNeuro_ds005588_sub-21.nii.gz	V1	1	1.7551918	1
PT030_OpenNeuro_ds005498_sub-015.nii.gz	V1	1	1.7551953	1
PT030_OpenNeuro_ds003877_sub-42.nii.gz	V1	1	1.7552159	1
sub-985491199225.nii.gz	V1	1	1.755226	1
RRIB_sub-104.nii.gz	V1	1	1.755226	1
PT008_AdolescentBrainDevelopment_sub-33.nii.gz	V1	1	1.7552563	1
sub-696878407859.nii.gz	V1	1	1.7552578	1
sub-832269134945.nii.gz	V1	1	1.7552933	1
PT030_OpenNeuro_ds004274_sub-14.nii.gz	V1	1	1.7552971	1
sub-638517938571.nii.gz	V1	1	1.7553005	1
sub-CC410284.nii.gz	V1	1	1.7553008	1
PT030_OpenNeuro_ds004697_sub-27.nii.gz	V1	1	1.7553034	1
sub-260417429303.nii.gz	V1	1	1.7553468	1
sub-349083925568.nii.gz	V1	1	1.7553499	1
sub-117065900996.nii.gz	V1	1	1.7553625	1
sub-891619944015.nii.gz	V1	1	1.7554916	1
sub-ON99943.nii.gz	V1	1	1.755526	1
sub-650323162497.nii.gz	V1	1	1.7555459	1
sub-252483776634.nii.gz	V1	1	1.7555469	1
sub-CC410040.nii.gz	V1	1	1.755548	1
sub-723719996349.nii.gz	V1	1	1.7555621	1
sub-127322656952.nii.gz	V1	1	1.7555627	1
sub-204753452338.nii.gz	V1	1	1.7555825	1
PT034_Wayne_sub-051.nii.gz	V1	1	1.755597	1
sub-CC420197.nii.gz	V1	1	1.7556136	1
sub-853205286014.nii.gz	V1	1	1.7556572	1
sub-728218320536.nii.gz	V1	1	1.7556767	1
sub-146_ses-wave2.nii.gz	V1	1	1.7557158	1
PT030_OpenNeuro_ds002363_sub-01.nii.gz	V1	1	1.7557677	1
sub-232903721765.nii.gz	V1	1	1.7557734	1
PT034_Wayne_sub-097.nii.gz	V1	1	1.7558213	1
PT012_CHBMP_sub-139.nii.gz	V1	1	1.7558715	1
PT030_OpenNeuro_ds000236_sub-09.nii.gz	V1	1	1.7558726	1
PT012_CHBMP_sub-114.nii.gz	V1	1	1.7558918	1
sub-ON97515.nii.gz	V1	1	1.7559277	1
sub-CC220901.nii.gz	V1	1	1.7559313	1
PT030_OpenNeuro_ds003763_sub-10.nii.gz	V1	1	1.7559323	1
sub-797020001946.nii.gz	V1	1	1.7559462	1
PT030_OpenNeuro_ds000170_sub-14.nii.gz	V1	1	1.7559803	1
sub-435215843686.nii.gz	V1	1	1.7559856	1
PT030_OpenNeuro_ds002620_sub-54.nii.gz	V1	1	1.7560437	1
PT030_OpenNeuro_ds001894_sub-092.nii.gz	V1	1	1.7560713	1
PT030_OpenNeuro_ds003416_sub-89.nii.gz	V1	1	1.7561309	1
sub-269603671377.nii.gz	V1	1	1.7561314	1
PT030_OpenNeuro_ds001894_sub-153.nii.gz	V1	1	1.7561563	1
sub-836293495017.nii.gz	V1	1	1.756175	1
PT030_OpenNeuro_ds004169_sub-0483.nii.gz	V1	1	1.7561913	1
sub-494054491223.nii.gz	V1	1	1.7562056	1
sub-835_ses-wave3.nii.gz	V1	1	1.7562119	1
sub-921444161224.nii.gz	V1	1	1.7563298	1
PT030_OpenNeuro_ds002338_sub-06.nii.gz	V1	1	1.756344	1
sub-598246474606.nii.gz	V1	1	1.756347	1
sub-158468932968.nii.gz	V1	1	1.7563552	1
sub-ON98130.nii.gz	V1	1	1.7563655	1
sub-186154851157.nii.gz	V1	1	1.7564044	1
sub-473379095025.nii.gz	V1	1	1.7564161	1
sub-709848426504.nii.gz	V1	1	1.7564209	1
sub-443270005074.nii.gz	V1	1	1.7564481	1
sub-CC310129.nii.gz	V1	1	1.7564515	1
sub-609856172380.nii.gz	V1	1	1.7565172	1
sub-512682505677.nii.gz	V1	1	1.7566077	1
PT030_OpenNeuro_ds003346_sub-031.nii.gz	V1	1	1.7566118	1
sub-195649292771.nii.gz	V1	1	1.7566218	1
PT030_OpenNeuro_ds004169_sub-1093.nii.gz	V1	1	1.7566634	1
sub-230832856365.nii.gz	V1	1	1.756667	1
PT030_OpenNeuro_ds004169_sub-0064.nii.gz	V1	1	1.7566824	1
PT030_OpenNeuro_ds004169_sub-1083.nii.gz	V1	1	1.7567005	1
sub-356952233015.nii.gz	V1	1	1.7567148	1
PT030_OpenNeuro_ds000240_sub-51.nii.gz	V1	1	1.7567308	1
PT030_OpenNeuro_ds005588_sub-14.nii.gz	V1	1	1.7567544	1
sub-395709751936.nii.gz	V1	1	1.7567612	1
sub-779647637202.nii.gz	V1	1	1.7567961	1
PT030_OpenNeuro_ds001241_sub-09.nii.gz	V1	1	1.756811	1
sub-480228126690.nii.gz	V1	1	1.7568201	1
sub-780558293630.nii.gz	V1	1	1.7568384	1
sub-CC410097.nii.gz	V1	1	1.7568616	1
sub-573830855349.nii.gz	V1	1	1.7568827	1
sub-783690359289.nii.gz	V1	1	1.7569133	1
sub-CC420202.nii.gz	V1	1	1.7569335	1
sub-121114024899.nii.gz	V1	1	1.7569612	1
PT012_CHBMP_sub-031.nii.gz	V1	1	1.7569654	1
sub-287060632619.nii.gz	V1	1	1.7569773	1
sub-460702666723.nii.gz	V1	1	1.757001	1
sub-126731927083.nii.gz	V1	1	1.7570039	1
sub-688318858034.nii.gz	V1	1	1.7570044	1
sub-318449589396.nii.gz	V1	1	1.7570295	1
sub-248018078594.nii.gz	V1	1	1.7570484	1
PT030_OpenNeuro_ds004169_sub-1159.nii.gz	V1	1	1.7570496	1
sub-871327886768.nii.gz	V1	1	1.7570767	1
sub-276300333762.nii.gz	V1	1	1.7570865	1
sub-967725867479.nii.gz	V1	1	1.7571005	1
sub-903069823853.nii.gz	V1	1	1.7571112	1
PT030_OpenNeuro_ds004182_sub-17.nii.gz	V1	1	1.7571783	1
sub-2172_ses-wave3.nii.gz	V1	1	1.7572094	1
PT030_OpenNeuro_ds002366_sub-14.nii.gz	V1	1	1.7572868	1
sub-558541399225.nii.gz	V1	1	1.7573054	1
PT030_OpenNeuro_ds004230_sub-04.nii.gz	V1	1	1.757317	1
PT012_CHBMP_sub-142.nii.gz	V1	1	1.7573196	1
sub-218365089631.nii.gz	V1	1	1.7573211	1
PT012_CHBMP_sub-116.nii.gz	V1	1	1.7573631	1
PT030_OpenNeuro_ds003877_sub-29.nii.gz	V1	1	1.7573719	1
sub-497610867892.nii.gz	V1	1	1.7573732	1
PT030_OpenNeuro_ds003416_sub-94.nii.gz	V1	1	1.7573751	1
sub-704725712808.nii.gz	V1	1	1.7573767	1
sub-699861078442.nii.gz	V1	1	1.7573875	1
sub-750186825284.nii.gz	V1	1	1.7574054	1
sub-373873295969.nii.gz	V1	1	1.7574288	1
PT030_OpenNeuro_ds004169_sub-0048.nii.gz	V1	1	1.75743	1
PT030_OpenNeuro_ds004718_sub-14.nii.gz	V1	1	1.7574384	1
sub-800154199735.nii.gz	V1	1	1.75753	1
sub-780786882991.nii.gz	V1	1	1.7575303	1
sub-546222000389.nii.gz	V1	1	1.7575557	1
PT030_OpenNeuro_ds001894_sub-147.nii.gz	V1	1	1.7575591	1
PT030_OpenNeuro_ds004274_sub-31.nii.gz	V1	1	1.757565	1
PT036_Yale_HighRes_sub-044.nii.gz	V1	1	1.7575696	1
sub-CC120061.nii.gz	V1	1	1.7575853	1
sub-575234378047.nii.gz	V1	1	1.7576306	1
PT030_OpenNeuro_ds003877_sub-60.nii.gz	V1	1	1.757632	1
PT030_OpenNeuro_ds000240_sub-19.nii.gz	V1	1	1.7576371	1
PT030_OpenNeuro_ds003814_sub-03.nii.gz	V1	1	1.7576451	1
sub-827347252526.nii.gz	V1	1	1.7576488	1
RRIB_sub-095.nii.gz	V1	1	1.7576556	1
sub-1041_ses-wave1.nii.gz	V1	1	1.757703	1
PT030_OpenNeuro_ds003798_sub-009.nii.gz	V1	1	1.7577341	1
PT030_OpenNeuro_ds002338_sub-04.nii.gz	V1	1	1.7577604	1
sub-272699721591.nii.gz	V1	1	1.7577835	1
sub-548299471837.nii.gz	V1	1	1.7578083	1
sub-437220520402.nii.gz	V1	1	1.7578292	1
sub-484848652748.nii.gz	V1	1	1.7578549	1
sub-996103732554.nii.gz	V1	1	1.7578613	1
sub-351603832845.nii.gz	V1	1	1.7579303	1
sub-693325060378.nii.gz	V1	1	1.7579532	1
sub-CC410354.nii.gz	V1	1	1.7579777	1
sub-215260895776.nii.gz	V1	1	1.7579962	1
sub-919231839233.nii.gz	V1	1	1.7580723	1
PT030_OpenNeuro_ds000170_sub-04.nii.gz	V1	1	1.7580849	1
sub-941624400870.nii.gz	V1	1	1.7581161	1
PT012_CHBMP_sub-140.nii.gz	V1	1	1.7581502	1
sub-811857171337.nii.gz	V1	1	1.7581508	1
sub-942337019356.nii.gz	V1	1	1.7581872	1
PT030_OpenNeuro_ds003404_sub-13.nii.gz	V1	1	1.7582259	1
sub-1431_ses-wave1.nii.gz	V1	1	1.7582518	1
sub-871014392779.nii.gz	V1	1	1.7582606	1
sub-683495065840.nii.gz	V1	1	1.7582875	1
PT030_OpenNeuro_ds001894_sub-106.nii.gz	V1	1	1.7582904	1
sub-988777667680.nii.gz	V1	1	1.7582971	1
sub-CC121795.nii.gz	V1	1	1.7583153	1
PT030_OpenNeuro_ds003877_sub-61.nii.gz	V1	1	1.7583166	1
sub-111020130501.nii.gz	V1	1	1.7583272	1
sub-1869_ses-wave1.nii.gz	V1	1	1.7583544	1
sub-503660804724.nii.gz	V1	1	1.7583559	1
sub-672611254530.nii.gz	V1	1	1.7583959	1
sub-993812886852.nii.gz	V1	1	1.7583965	1
sub-838089558550.nii.gz	V1	1	1.7584162	1
sub-648278856903.nii.gz	V1	1	1.7584375	1
sub-756104556615.nii.gz	V1	1	1.75846	1
sub-831104295303.nii.gz	V1	1	1.7584935	1
RRIB_sub-137.nii.gz	V1	1	1.7584949	1
sub-CC220697.nii.gz	V1	1	1.7585008	1
sub-556282864284.nii.gz	V1	1	1.7585539	1
sub-987183158187.nii.gz	V1	1	1.7585601	1
PT030_OpenNeuro_ds001796_sub-60.nii.gz	V1	1	1.7585902	1
sub-345689307510.nii.gz	V1	1	1.7586412	1
sub-110463604078.nii.gz	V1	1	1.7586527	1
sub-CC312058.nii.gz	V1	1	1.7586603	1
sub-644732629191.nii.gz	V1	1	1.7587258	1
PT012_CHBMP_sub-104.nii.gz	V1	1	1.7587674	1
sub-646744484684.nii.gz	V1	1	1.7587999	1
sub-144550081547.nii.gz	V1	1	1.7588006	1
sub-265646990417.nii.gz	V1	1	1.7588348	1
sub-CC320379.nii.gz	V1	1	1.7588371	1
RRIB_sub-123.nii.gz	V1	1	1.7588401	1
PT030_OpenNeuro_ds002330_sub-13.nii.gz	V1	1	1.7588475	1
PT030_OpenNeuro_ds004169_sub-1080.nii.gz	V1	1	1.7589527	1
PT030_OpenNeuro_ds004718_sub-30.nii.gz	V1	1	1.7590076	1
PT034_Wayne_sub-084.nii.gz	V1	1	1.7590485	1
sub-329074353178.nii.gz	V1	1	1.7591151	1
sub-443057998898.nii.gz	V1	1	1.7591258	1
PT030_OpenNeuro_ds002382_sub-14.nii.gz	V1	1	1.7592084	1
PT030_OpenNeuro_ds001894_sub-075.nii.gz	V1	1	1.7592463	1
sub-225946046364.nii.gz	V1	1	1.759283	1
sub-CC210250.nii.gz	V1	1	1.7592983	1
PT034_Wayne_sub-083.nii.gz	V1	1	1.7593131	1
sub-946000351967.nii.gz	V1	1	1.7593251	1
sub-240663724967.nii.gz	V1	1	1.7593583	1
sub-563141845245.nii.gz	V1	1	1.7593662	1
sub-522815183788.nii.gz	V1	1	1.7593668	1
sub-CC220098.nii.gz	V1	1	1.7593669	1
sub-607709228236.nii.gz	V1	1	1.7593703	1
sub-644183180436.nii.gz	V1	1	1.7593883	1
sub-563981968175.nii.gz	V1	1	1.7593977	1
PT030_OpenNeuro_ds003877_sub-22.nii.gz	V1	1	1.759405	1
sub-540712487602.nii.gz	V1	1	1.7594161	1
sub-236884979030.nii.gz	V1	1	1.759425	1
sub-938981109987.nii.gz	V1	1	1.7594594	1
sub-296083018633.nii.gz	V1	1	1.759475	1
PT030_OpenNeuro_ds003763_sub-11.nii.gz	V1	1	1.7594848	1
PT012_CHBMP_sub-051.nii.gz	V1	1	1.7595094	1
sub-847931561162.nii.gz	V1	1	1.7595173	1
sub-CC320621.nii.gz	V1	1	1.7595632	1
sub-163171707993.nii.gz	V1	1	1.7596015	1
sub-896261416622.nii.gz	V1	1	1.7596163	1
PT030_OpenNeuro_ds003798_sub-093.nii.gz	V1	1	1.759672	1
PT012_CHBMP_sub-036.nii.gz	V1	1	1.7596779	1
sub-841518676943.nii.gz	V1	1	1.7596992	1
PT030_OpenNeuro_ds000228_sub-030.nii.gz	V1	1	1.7597114	1
sub-747532219636.nii.gz	V1	1	1.7597156	1
sub-919572007730.nii.gz	V1	1	1.7597365	1
sub-511100454521.nii.gz	V1	1	1.7597965	1
sub-705262524970.nii.gz	V1	1	1.7598066	1
sub-455526833022.nii.gz	V1	1	1.7598126	1
sub-947029891941.nii.gz	V1	1	1.7598181	1
PT030_OpenNeuro_ds003877_sub-16.nii.gz	V1	1	1.759821	1
sub-188659362086.nii.gz	V1	1	1.7598255	1
sub-258374254828.nii.gz	V1	1	1.7598363	1
sub-CC320206.nii.gz	V1	1	1.7598628	1
PT034_Wayne_sub-107.nii.gz	V1	1	1.7598747	1
sub-656989737791.nii.gz	V1	1	1.7598968	1
sub-695273924163.nii.gz	V1	1	1.7599944	1
sub-CC510259.nii.gz	V1	1	1.7600007	1
sub-143185051068.nii.gz	V1	1	1.7600201	1
PT030_OpenNeuro_ds001894_sub-133.nii.gz	V1	1	1.7600304	1
sub-215_ses-wave3.nii.gz	V1	1	1.7600306	1
sub-310760540924.nii.gz	V1	1	1.7600797	1
PT030_OpenNeuro_ds003877_sub-37.nii.gz	V1	1	1.7600867	1
PT012_CHBMP_sub-006.nii.gz	V1	1	1.7600896	1
PT012_CHBMP_sub-085.nii.gz	V1	1	1.7601172	1
sub-750206436120.nii.gz	V1	1	1.7601913	1
PT030_OpenNeuro_ds000240_sub-50.nii.gz	V1	1	1.7602061	1
PT030_OpenNeuro_ds001894_sub-152.nii.gz	V1	1	1.7603055	1
RRIB_sub-047.nii.gz	V1	1	1.7603756	1
PT030_OpenNeuro_ds003877_sub-56.nii.gz	V1	1	1.7604259	1
sub-CC321464.nii.gz	V1	1	1.760477	1
PT030_OpenNeuro_ds003346_sub-140.nii.gz	V1	1	1.7605096	1
sub-429751358413.nii.gz	V1	1	1.7605274	1
sub-437418373981.nii.gz	V1	1	1.7605326	1
PT030_OpenNeuro_ds001894_sub-123.nii.gz	V1	1	1.7605476	1
sub-808759758491.nii.gz	V1	1	1.7606093	1
sub-844995828098.nii.gz	V1	1	1.7606666	1
sub-666304483965.nii.gz	V1	1	1.7606784	1
sub-1013_ses-wave3.nii.gz	V1	1	1.7606831	1
PT030_OpenNeuro_ds004285_sub-16.nii.gz	V1	1	1.7607083	1
RRIB_sub-057.nii.gz	V1	1	1.7607144	1
sub-254246195492.nii.gz	V1	1	1.760753	1
sub-914359509652.nii.gz	V1	1	1.7607553	1
sub-878299241368.nii.gz	V1	1	1.7607683	1
sub-359665775969.nii.gz	V1	1	1.760796	1
PT036_Yale_HighRes_sub-074.nii.gz	V1	1	1.7608219	1
PT030_OpenNeuro_ds000240_sub-36.nii.gz	V1	1	1.7608342	1
sub-974416298113.nii.gz	V1	1	1.7608378	1
sub-479820841591.nii.gz	V1	1	1.7608379	1
sub-448749767497.nii.gz	V1	1	1.7608653	1
sub-691759233511.nii.gz	V1	1	1.7608991	1
sub-471019443594.nii.gz	V1	1	1.7609143	1
sub-198368886557.nii.gz	V1	1	1.7609189	1
sub-CC320107.nii.gz	V1	1	1.7609293	1
sub-445630050591.nii.gz	V1	1	1.7609365	1
sub-894332605596.nii.gz	V1	1	1.7609563	1
sub-CC510242.nii.gz	V1	1	1.7609704	1
sub-862537982546.nii.gz	V1	1	1.7609736	1
sub-CC321595.nii.gz	V1	1	1.7609847	1
PT030_OpenNeuro_ds004169_sub-1079.nii.gz	V1	1	1.760998	1
sub-111786255278.nii.gz	V1	1	1.761001	1
PT030_OpenNeuro_ds004556_sub-36.nii.gz	V1	1	1.7610184	1
sub-528086828510.nii.gz	V1	1	1.7610354	1
sub-CC120409.nii.gz	V1	1	1.7610368	1
sub-334925895861.nii.gz	V1	1	1.761066	1
PT030_OpenNeuro_ds000228_sub-017.nii.gz	V1	1	1.7610757	1
PT030_OpenNeuro_ds001894_sub-104.nii.gz	V1	1	1.7611152	1
sub-913571515477.nii.gz	V1	1	1.761121	1
sub-CC320680.nii.gz	V1	1	1.7611456	1
sub-329178400817.nii.gz	V1	1	1.7612278	1
sub-674146639032.nii.gz	V1	1	1.7612543	1
PT030_OpenNeuro_ds004746_sub-001.nii.gz	V1	1	1.7612661	1
sub-584112525911.nii.gz	V1	1	1.7613058	1
sub-466074153509.nii.gz	V1	1	1.7613138	1
PT034_Wayne_sub-014.nii.gz	V1	1	1.7613789	1
sub-252614167190.nii.gz	V1	1	1.7614307	1
sub-777922197558.nii.gz	V1	1	1.7614592	1
sub-522546505826.nii.gz	V1	1	1.7614746	1
PT030_OpenNeuro_ds000235_sub-02.nii.gz	V1	1	1.7614753	1
sub-160915706789.nii.gz	V1	1	1.7614841	1
sub-977410937885.nii.gz	V1	1	1.7614878	1
sub-CC520584.nii.gz	V1	1	1.7615267	1
sub-1577_ses-wave3.nii.gz	V1	1	1.7615329	1
PT030_OpenNeuro_ds000119_sub-08.nii.gz	V1	1	1.7615337	1
sub-CC221511.nii.gz	V1	1	1.7615383	1
sub-CC110056.nii.gz	V1	1	1.7615734	1
sub-513842955165.nii.gz	V1	1	1.7616009	1
sub-426772312124.nii.gz	V1	1	1.7616282	1
sub-704612841491.nii.gz	V1	1	1.7616339	1
PT030_OpenNeuro_ds005588_sub-20.nii.gz	V1	1	1.7616687	1
PT030_OpenNeuro_ds003877_sub-28.nii.gz	V1	1	1.7616997	1
PT030_OpenNeuro_ds000224_sub-01.nii.gz	V1	1	1.7617414	1
PT034_Wayne_sub-044.nii.gz	V1	1	1.7617575	1
sub-255185470566.nii.gz	V1	1	1.761875	1
sub-CC221733.nii.gz	V1	1	1.7619026	1
sub-142380817861.nii.gz	V1	1	1.7619087	1
PT030_OpenNeuro_ds004169_sub-1087.nii.gz	V1	1	1.7619344	1
sub-630442925754.nii.gz	V1	1	1.7619408	1
sub-906893775405.nii.gz	V1	1	1.7619559	1
sub-448118881004.nii.gz	V1	1	1.7619917	1
PT030_OpenNeuro_ds002382_sub-60.nii.gz	V1	1	1.7620859	1
PT030_OpenNeuro_ds004746_sub-198.nii.gz	V1	1	1.7620949	1
sub-196955506464.nii.gz	V1	1	1.7621403	1
sub-930307385185.nii.gz	V1	1	1.7621454	1
sub-270971154789.nii.gz	V1	1	1.7621738	1
PT036_Yale_HighRes_sub-126.nii.gz	V1	1	1.7622375	1
sub-476772837123.nii.gz	V1	1	1.7622696	1
PT012_CHBMP_sub-069.nii.gz	V1	1	1.7622796	1
sub-952405077290.nii.gz	V1	1	1.7622808	1
PT030_OpenNeuro_ds004556_sub-40.nii.gz	V1	1	1.7622808	1
sub-951202505969.nii.gz	V1	1	1.7624248	1
PT030_OpenNeuro_ds003416_sub-23.nii.gz	V1	1	1.7624478	1
sub-242113707606.nii.gz	V1	1	1.7624527	1
sub-960222725818.nii.gz	V1	1	1.7625313	1
PT030_OpenNeuro_ds003877_sub-73.nii.gz	V1	1	1.7625437	1
sub-741706908470.nii.gz	V1	1	1.7625663	1
sub-292093039235.nii.gz	V1	1	1.762576	1
sub-494429682464.nii.gz	V1	1	1.7625823	1
sub-315163558934.nii.gz	V1	1	1.7626128	1
sub-149051411970.nii.gz	V1	1	1.7626134	1
sub-191721733310.nii.gz	V1	1	1.7626148	1
sub-CC420587.nii.gz	V1	1	1.7626469	1
sub-622843285408.nii.gz	V1	1	1.7626543	1
sub-645906040985.nii.gz	V1	1	1.7626638	1
sub-528159895368.nii.gz	V1	1	1.762676	1
sub-CC222652.nii.gz	V1	1	1.762726	1
sub-963802934589.nii.gz	V1	1	1.7627338	1
sub-519515088926.nii.gz	V1	1	1.7627404	1
sub-878901535563.nii.gz	V1	1	1.7627531	1
sub-295169597834.nii.gz	V1	1	1.7627575	1
sub-127728266565.nii.gz	V1	1	1.7627665	1
sub-CC222125.nii.gz	V1	1	1.7627898	1
sub-403901799268.nii.gz	V1	1	1.762828	1
sub-290836566577.nii.gz	V1	1	1.7628946	1
sub-CC120309.nii.gz	V1	1	1.7629296	1
sub-361639893379.nii.gz	V1	1	1.7629453	1
sub-187995579553.nii.gz	V1	1	1.7629911	1
PT030_OpenNeuro_ds004697_sub-60.nii.gz	V1	1	1.7630327	1
sub-382503391733.nii.gz	V1	1	1.7631277	1
sub-115671459081.nii.gz	V1	1	1.7632109	1
sub-139_ses-wave1.nii.gz	V1	1	1.7632214	1
sub-CC222326.nii.gz	V1	1	1.7632315	1
sub-734028308401.nii.gz	V1	1	1.7632353	1
sub-CC321000.nii.gz	V1	1	1.7632394	1
sub-352179726844.nii.gz	V1	1	1.7632399	1
sub-961825214664.nii.gz	V1	1	1.7632756	1
PT030_OpenNeuro_ds003814_sub-04.nii.gz	V1	1	1.763285	1
PT030_OpenNeuro_ds004169_sub-0056.nii.gz	V1	1	1.7632961	1
sub-702490913073.nii.gz	V1	1	1.7632964	1
PT030_OpenNeuro_ds002236_sub-25.nii.gz	V1	1	1.7633084	1
PT030_OpenNeuro_ds004718_sub-09.nii.gz	V1	1	1.7633313	1
sub-234330619817.nii.gz	V1	1	1.7633786	1
sub-976_ses-wave2.nii.gz	V1	1	1.7633898	1
sub-600488415104.nii.gz	V1	1	1.7634125	1
sub-353751152118.nii.gz	V1	1	1.7634157	1
sub-421366001843.nii.gz	V1	1	1.7634221	1
sub-CC410226.nii.gz	V1	1	1.7634244	1
RRIB_sub-010.nii.gz	V1	1	1.7634573	1
PT034_Wayne_sub-114.nii.gz	V1	1	1.7634798	1
sub-540543807336.nii.gz	V1	1	1.763493	1
sub-668216160241.nii.gz	V1	1	1.7635255	1
sub-219362965054.nii.gz	V1	1	1.763553	1
sub-121725487399.nii.gz	V1	1	1.7635945	1
sub-468259562618.nii.gz	V1	1	1.7635951	1
sub-680398942665.nii.gz	V1	1	1.763622	1
sub-382373781002.nii.gz	V1	1	1.7636294	1
sub-104654659650.nii.gz	V1	1	1.7636545	1
sub-CC420729.nii.gz	V1	1	1.7636681	1
sub-1767_ses-wave1.nii.gz	V1	1	1.7636771	1
sub-CC321137.nii.gz	V1	1	1.7636904	1
sub-CC120008.nii.gz	V1	1	1.7637018	1
sub-737250910624.nii.gz	V1	1	1.7637285	1
sub-CC320893.nii.gz	V1	1	1.7637306	1
sub-182445285893.nii.gz	V1	1	1.763731	1
PT030_OpenNeuro_ds003404_sub-02.nii.gz	V1	1	1.7637566	1
sub-538011067524.nii.gz	V1	1	1.7637751	1
PT030_OpenNeuro_ds002382_sub-05.nii.gz	V1	1	1.7637943	1
PT030_OpenNeuro_ds001894_sub-061.nii.gz	V1	1	1.7637999	1
sub-747279122355.nii.gz	V1	1	1.7638237	1
sub-319716522814.nii.gz	V1	1	1.7638254	1
PT030_OpenNeuro_ds001894_sub-149.nii.gz	V1	1	1.7638338	1
sub-139_ses-wave2.nii.gz	V1	1	1.7638594	1
sub-CC420173.nii.gz	V1	1	1.7638893	1
sub-997144206185.nii.gz	V1	1	1.7639544	1
RRIB_sub-107.nii.gz	V1	1	1.7639943	1
PT030_OpenNeuro_ds002363_sub-10.nii.gz	V1	1	1.7640327	1
PT030_OpenNeuro_ds000236_sub-16.nii.gz	V1	1	1.7640444	1
sub-634456883025.nii.gz	V1	1	1.7640604	1
sub-754458206989.nii.gz	V1	1	1.7640853	1
sub-671881150872.nii.gz	V1	1	1.7641293	1
sub-174036160594.nii.gz	V1	1	1.7641323	1
sub-863700256831.nii.gz	V1	1	1.7641443	1
PT030_OpenNeuro_ds000228_sub-018.nii.gz	V1	1	1.7642463	1
PT034_Wayne_sub-026.nii.gz	V1	1	1.7642468	1
sub-723742725961.nii.gz	V1	1	1.764285	1
sub-470_ses-wave1.nii.gz	V1	1	1.7642863	1
sub-828779825670.nii.gz	V1	1	1.7643026	1
PT030_OpenNeuro_ds004285_sub-14.nii.gz	V1	1	1.7643098	1
sub-976_ses-wave3.nii.gz	V1	1	1.7643416	1
sub-CC320576.nii.gz	V1	1	1.7643589	1
PT030_OpenNeuro_ds000053_sub-40.nii.gz	V1	1	1.7643596	1
PT030_OpenNeuro_ds004169_sub-1099.nii.gz	V1	1	1.7644068	1
sub-350838429701.nii.gz	V1	1	1.7644118	1
sub-509844839359.nii.gz	V1	1	1.7644315	1
sub-256844989684.nii.gz	V1	1	1.7644526	1
sub-CC110187.nii.gz	V1	1	1.7644637	1
sub-724112245134.nii.gz	V1	1	1.7644675	1
sub-351431035741.nii.gz	V1	1	1.7644737	1
PT030_OpenNeuro_ds002620_sub-28.nii.gz	V1	1	1.7644776	1
sub-CC410432.nii.gz	V1	1	1.7645441	1
PT012_CHBMP_sub-013.nii.gz	V1	1	1.7645504	1
PT030_OpenNeuro_ds004169_sub-0045.nii.gz	V1	1	1.7645769	1
sub-487347404192.nii.gz	V1	1	1.7645825	1
sub-778852656136.nii.gz	V1	1	1.7645869	1
sub-880687234086.nii.gz	V1	1	1.7646149	1
sub-391658536077.nii.gz	V1	1	1.7646174	1
PT030_OpenNeuro_ds004697_sub-26.nii.gz	V1	1	1.7646289	1
sub-649651586842.nii.gz	V1	1	1.7646627	1
sub-247440847513.nii.gz	V1	1	1.7647206	1
sub-431876074723.nii.gz	V1	1	1.7647247	1
PT034_Wayne_sub-039.nii.gz	V1	1	1.7647252	1
sub-664974219741.nii.gz	V1	1	1.7647563	1
RRIB_sub-053.nii.gz	V1	1	1.7647679	1
sub-536879781890.nii.gz	V1	1	1.764807	1
sub-ON97503.nii.gz	V1	1	1.7648089	1
sub-831416627100.nii.gz	V1	1	1.7648168	1
sub-278184896453.nii.gz	V1	1	1.7648867	1
sub-105699817140.nii.gz	V1	1	1.7648978	1
PT030_OpenNeuro_ds004173_sub-019.nii.gz	V1	1	1.7649298	1
sub-807851354224.nii.gz	V1	1	1.7649331	1
sub-669618721362.nii.gz	V1	1	1.7649431	1
sub-781236951487.nii.gz	V1	1	1.7649499	1
sub-411909651851.nii.gz	V1	1	1.7649729	1
sub-CC221980.nii.gz	V1	1	1.7649808	1
sub-665358094819.nii.gz	V1	1	1.7649838	1
sub-826451552289.nii.gz	V1	1	1.7649971	1
PT030_OpenNeuro_ds002366_sub-09.nii.gz	V1	1	1.765011	1
sub-278820149983.nii.gz	V1	1	1.7650187	1
sub-147_ses-wave2.nii.gz	V1	1	1.7650257	1
sub-470_ses-wave3.nii.gz	V1	1	1.7650363	1
sub-723325961518.nii.gz	V1	1	1.7650405	1
sub-652391251578.nii.gz	V1	1	1.7650552	1
sub-877751571376.nii.gz	V1	1	1.7650954	1
PT030_OpenNeuro_ds001894_sub-079.nii.gz	V1	1	1.7651235	1
sub-709113271534.nii.gz	V1	1	1.7651256	1
sub-556188520622.nii.gz	V1	1	1.7651905	1
RRIB_sub-026.nii.gz	V1	1	1.7652886	1
sub-CC520147.nii.gz	V1	1	1.7653166	1
sub-919261514175.nii.gz	V1	1	1.7653326	1
sub-608690804111.nii.gz	V1	1	1.7653586	1
sub-CC320888.nii.gz	V1	1	1.7653936	1
sub-CC223085.nii.gz	V1	1	1.7654095	1
sub-420871026622.nii.gz	V1	1	1.7654986	1
sub-736336902194.nii.gz	V1	1	1.765504	1
sub-239529578005.nii.gz	V1	1	1.765507	1
sub-398398202712.nii.gz	V1	1	1.7655356	1
sub-772633785103.nii.gz	V1	1	1.7655666	1
PT034_Wayne_sub-060.nii.gz	V1	1	1.7655736	1
sub-809210264000.nii.gz	V1	1	1.7655745	1
PT030_OpenNeuro_ds000256_sub-04.nii.gz	V1	1	1.7656251	1
sub-539946177552.nii.gz	V1	1	1.7656323	1
PT030_OpenNeuro_ds005588_sub-40.nii.gz	V1	1	1.7656386	1
sub-835_ses-wave2.nii.gz	V1	1	1.7656429	1
sub-987405498938.nii.gz	V1	1	1.7656472	1
sub-443552576139.nii.gz	V1	1	1.7656708	1
sub-219534619012.nii.gz	V1	1	1.7656817	1
sub-634_ses-wave2.nii.gz	V1	1	1.7656922	1
RRIB_sub-133.nii.gz	V1	1	1.7657077	1
sub-765759462999.nii.gz	V1	1	1.7657318	1
sub-516091587081.nii.gz	V1	1	1.7657418	1
sub-999186595327.nii.gz	V1	1	1.7657435	1
sub-796614177406.nii.gz	V1	1	1.7657471	1
sub-330412849241.nii.gz	V1	1	1.7657474	1
sub-738958020045.nii.gz	V1	1	1.7657866	1
sub-933102001416.nii.gz	V1	1	1.7657954	1
PT030_OpenNeuro_ds003798_sub-057.nii.gz	V1	1	1.7658275	1
PT030_OpenNeuro_ds002330_sub-29.nii.gz	V1	1	1.7658477	1
sub-144517208850.nii.gz	V1	1	1.7658645	1
sub-312033062176.nii.gz	V1	1	1.7658755	1
PT030_OpenNeuro_ds003877_sub-54.nii.gz	V1	1	1.7658967	1
PT030_OpenNeuro_ds004718_sub-18.nii.gz	V1	1	1.7659001	1
sub-330605044269.nii.gz	V1	1	1.7659116	1
sub-634_ses-wave1.nii.gz	V1	1	1.7659156	1
sub-722712736840.nii.gz	V1	1	1.7659663	1
sub-351910982438.nii.gz	V1	1	1.7659738	1
sub-395594591950.nii.gz	V1	1	1.7659743	1
PT030_OpenNeuro_ds004169_sub-1131.nii.gz	V1	1	1.7659771	1
PT030_OpenNeuro_ds005588_sub-25.nii.gz	V1	1	1.76598	1
sub-124641364359.nii.gz	V1	1	1.7659887	1
sub-CC321880.nii.gz	V1	1	1.7659909	1
PT030_OpenNeuro_ds002366_sub-30.nii.gz	V1	1	1.7659945	1
sub-CC221107.nii.gz	V1	1	1.7660439	1
sub-616304398458.nii.gz	V1	1	1.7660518	1
sub-309746819287.nii.gz	V1	1	1.7661339	1
sub-CC410390.nii.gz	V1	1	1.7661402	1
sub-325664072205.nii.gz	V1	1	1.7661481	1
RRIB_sub-075.nii.gz	V1	1	1.7661515	1
sub-976139172060.nii.gz	V1	1	1.7661654	1
sub-802458837032.nii.gz	V1	1	1.7662106	1
PT030_OpenNeuro_ds004718_sub-26.nii.gz	V1	1	1.7662213	1
sub-CC110319.nii.gz	V1	1	1.7662427	1
sub-147_ses-wave1.nii.gz	V1	1	1.766259	1
sub-255727004569.nii.gz	V1	1	1.7662644	1
sub-268040113669.nii.gz	V1	1	1.766321	1
sub-299813216713.nii.gz	V1	1	1.766366	1
sub-347834054808.nii.gz	V1	1	1.7663774	1
sub-679561382853.nii.gz	V1	1	1.7663779	1
PT030_OpenNeuro_ds002382_sub-06.nii.gz	V1	1	1.766378	1
sub-974877812246.nii.gz	V1	1	1.7664043	1
sub-CC320342.nii.gz	V1	1	1.7664053	1
sub-294920124233.nii.gz	V1	1	1.7664473	1
sub-CC320461.nii.gz	V1	1	1.7664638	1
PT030_OpenNeuro_ds000119_sub-06.nii.gz	V1	1	1.7664667	1
PT030_OpenNeuro_ds004094_sub-22.nii.gz	V1	1	1.7664955	1
sub-454419093098.nii.gz	V1	1	1.7664988	1
sub-952477762961.nii.gz	V1	1	1.7665169	1
sub-855608929551.nii.gz	V1	1	1.766518	1
PT030_OpenNeuro_ds004697_sub-73.nii.gz	V1	1	1.7665254	1
sub-202036712129.nii.gz	V1	1	1.7665286	1
sub-CC410297.nii.gz	V1	1	1.7665474	1
PT030_OpenNeuro_ds004182_sub-06.nii.gz	V1	1	1.7665621	1
sub-CC210657.nii.gz	V1	1	1.7665764	1
sub-620208115958.nii.gz	V1	1	1.7666957	1
RRIB_sub-103.nii.gz	V1	1	1.7667156	1
sub-253628051441.nii.gz	V1	1	1.7667414	1
sub-323003434264.nii.gz	V1	1	1.7667457	1
sub-557844531627.nii.gz	V1	1	1.7667804	1
sub-1543_ses-wave1.nii.gz	V1	1	1.76682	1
sub-858287668746.nii.gz	V1	1	1.7668613	1
sub-838826556270.nii.gz	V1	1	1.7668911	1
sub-305446044226.nii.gz	V1	1	1.7668922	1
PT030_OpenNeuro_ds004718_sub-32.nii.gz	V1	1	1.766924	1
sub-CC510415.nii.gz	V1	1	1.7669725	1
PT030_OpenNeuro_ds002422_sub-28.nii.gz	V1	1	1.7669919	1
PT030_OpenNeuro_ds004169_sub-1072.nii.gz	V1	1	1.767006	1
sub-660642229990.nii.gz	V1	1	1.7670453	1
PT030_OpenNeuro_ds000240_sub-49.nii.gz	V1	1	1.7670584	1
sub-942097864031.nii.gz	V1	1	1.767081	1
PT030_OpenNeuro_ds003787_sub-02.nii.gz	V1	1	1.7670879	1
sub-CC510323.nii.gz	V1	1	1.7670903	1
sub-651858589598.nii.gz	V1	1	1.7670962	1
sub-778826665322.nii.gz	V1	1	1.7671133	1
PT030_OpenNeuro_ds000256_sub-14.nii.gz	V1	1	1.7671214	1
sub-490000239058.nii.gz	V1	1	1.7671255	1
sub-457656563132.nii.gz	V1	1	1.767144	1
sub-CC221977.nii.gz	V1	1	1.7671803	1
sub-443699143391.nii.gz	V1	1	1.7672207	1
sub-861531345127.nii.gz	V1	1	1.7672286	1
sub-328703488095.nii.gz	V1	1	1.7672384	1
PT030_OpenNeuro_ds004718_sub-45.nii.gz	V1	1	1.7672482	1
sub-839253254886.nii.gz	V1	1	1.7672591	1
sub-587009566043.nii.gz	V1	1	1.7673138	1
PT030_OpenNeuro_ds002236_sub-17.nii.gz	V1	1	1.7673156	1
PT034_Wayne_sub-021.nii.gz	V1	1	1.7673407	1
PT030_OpenNeuro_ds000240_sub-62.nii.gz	V1	1	1.7674671	1
sub-518818481065.nii.gz	V1	1	1.7675266	1
sub-453679403294.nii.gz	V1	1	1.7675512	1
PT030_OpenNeuro_ds003416_sub-91.nii.gz	V1	1	1.7675685	1
sub-954372261779.nii.gz	V1	1	1.7675878	1
PT034_Wayne_sub-028.nii.gz	V1	1	1.7675928	1
sub-488291907475.nii.gz	V1	1	1.7676349	1
sub-1444_ses-wave2.nii.gz	V1	1	1.7676908	1
sub-368864599927.nii.gz	V1	1	1.7677135	1
sub-492227230800.nii.gz	V1	1	1.7677147	1
sub-CC321431.nii.gz	V1	1	1.7677522	1
sub-380484222237.nii.gz	V1	1	1.7677811	1
sub-835150699145.nii.gz	V1	1	1.7678287	1
sub-684466732098.nii.gz	V1	1	1.7678424	1
sub-1767_ses-wave3.nii.gz	V1	1	1.7678584	1
sub-480092109529.nii.gz	V1	1	1.7678792	1
PT030_OpenNeuro_ds001771_sub-07.nii.gz	V1	1	1.7679613	1
sub-908535648673.nii.gz	V1	1	1.7679726	1
sub-220370805249.nii.gz	V1	1	1.7680001	1
sub-CC410387.nii.gz	V1	1	1.7680211	1
PT030_OpenNeuro_ds004169_sub-1078.nii.gz	V1	1	1.7680242	1
PT033_WAND_sub-094.nii.gz	V1	1	1.7680508	1
sub-902598751321.nii.gz	V1	1	1.7680556	1
PT030_OpenNeuro_ds004718_sub-43.nii.gz	V1	1	1.7681044	1
sub-235411490231.nii.gz	V1	1	1.7681748	1
sub-253771823064.nii.gz	V1	1	1.7681754	1
sub-522964764253.nii.gz	V1	1	1.7681783	1
PT030_OpenNeuro_ds000228_sub-020.nii.gz	V1	1	1.768235	1
sub-275672449200.nii.gz	V1	1	1.7682495	1
sub-572517794446.nii.gz	V1	1	1.7682716	1
sub-882215457824.nii.gz	V1	1	1.768281	1
sub-723425355879.nii.gz	V1	1	1.7682986	1
sub-850736393225.nii.gz	V1	1	1.7683047	1
RRIB_sub-121.nii.gz	V1	1	1.7683094	1
sub-429797756660.nii.gz	V1	1	1.76832	1
sub-CC320568.nii.gz	V1	1	1.7683619	1
sub-237453925731.nii.gz	V1	1	1.7683884	1
sub-732897083789.nii.gz	V1	1	1.7684009	1
sub-323546159905.nii.gz	V1	1	1.7684138	1
PT030_OpenNeuro_ds000119_sub-05.nii.gz	V1	1	1.7684299	1
sub-177231880980.nii.gz	V1	1	1.7684323	1
sub-823640829061.nii.gz	V1	1	1.768498	1
PT030_OpenNeuro_ds000228_sub-019.nii.gz	V1	1	1.7685214	1
sub-275062931353.nii.gz	V1	1	1.7685367	1
sub-639706198725.nii.gz	V1	1	1.7685384	1
PT030_OpenNeuro_ds005588_sub-05.nii.gz	V1	1	1.7685442	1
PT030_OpenNeuro_ds004697_sub-52.nii.gz	V1	1	1.7685511	1
sub-1008_ses-wave1.nii.gz	V1	1	1.7685668	1
sub-268698191660.nii.gz	V1	1	1.7685989	1
PT030_OpenNeuro_ds000228_sub-121.nii.gz	V1	1	1.7686213	1
sub-382993467413.nii.gz	V1	1	1.7686324	1
PT030_OpenNeuro_ds003877_sub-33.nii.gz	V1	1	1.7686387	1
sub-351416711766.nii.gz	V1	1	1.7686396	1
sub-305971565873.nii.gz	V1	1	1.7686492	1
sub-CC120376.nii.gz	V1	1	1.7686536	1
PT030_OpenNeuro_ds005498_sub-039.nii.gz	V1	1	1.7687266	1
sub-CC120313.nii.gz	V1	1	1.7687478	1
sub-486924570188.nii.gz	V1	1	1.7687666	1
sub-617228447780.nii.gz	V1	1	1.768776	1
sub-369377780623.nii.gz	V1	1	1.7688423	1
RRIB_sub-153.nii.gz	V1	1	1.7689084	1
sub-CC221775.nii.gz	V1	1	1.7689228	1
sub-ON97765.nii.gz	V1	1	1.7689263	1
PT030_OpenNeuro_ds000140_sub-03.nii.gz	V1	1	1.7689382	1
sub-496494295468.nii.gz	V1	1	1.7689408	1
sub-360501602626.nii.gz	V1	1	1.7690028	1
sub-216116849338.nii.gz	V1	1	1.769005	1
sub-363511136031.nii.gz	V1	1	1.7690183	1
sub-CC120469.nii.gz	V1	1	1.7690446	1
PT030_OpenNeuro_ds004173_sub-142.nii.gz	V1	1	1.7690516	1
sub-664760112772.nii.gz	V1	1	1.7690604	1
sub-1022_ses-wave1.nii.gz	V1	1	1.7690684	1
sub-383278900382.nii.gz	V1	1	1.7690812	1
PT030_OpenNeuro_ds004169_sub-1186.nii.gz	V1	1	1.7690903	1
sub-776152914559.nii.gz	V1	1	1.7690929	1
sub-574547388215.nii.gz	V1	1	1.7691183	1
sub-428735293071.nii.gz	V1	1	1.7691675	1
sub-225032756965.nii.gz	V1	1	1.7691743	1
sub-550373790770.nii.gz	V1	1	1.7691909	1
sub-CC220234.nii.gz	V1	1	1.7692004	1
sub-273391779679.nii.gz	V1	1	1.7692091	1
sub-289686316524.nii.gz	V1	1	1.7692251	1
sub-974659202683.nii.gz	V1	1	1.7692893	1
sub-581150303156.nii.gz	V1	1	1.7692899	1
PT030_OpenNeuro_ds000256_sub-18.nii.gz	V1	1	1.7693386	1
sub-172140404865.nii.gz	V1	1	1.7693759	1
PT034_Wayne_sub-076.nii.gz	V1	1	1.7693884	1
sub-651562292984.nii.gz	V1	1	1.7693893	1
sub-258048891312.nii.gz	V1	1	1.7694178	1
sub-939381022830.nii.gz	V1	1	1.7694653	1
sub-237774525299.nii.gz	V1	1	1.769483	1
PT030_OpenNeuro_ds002382_sub-22.nii.gz	V1	1	1.7695853	1
PT030_OpenNeuro_ds004169_sub-1102.nii.gz	V1	1	1.7695903	1
sub-498333924605.nii.gz	V1	1	1.7695967	1
PT030_OpenNeuro_ds002419_sub-20.nii.gz	V1	1	1.7696077	1
PT030_OpenNeuro_ds002236_sub-06.nii.gz	V1	1	1.7696234	1
sub-714350956036.nii.gz	V1	1	1.7696521	1
PT030_OpenNeuro_ds004182_sub-29.nii.gz	V1	1	1.7697012	1
sub-365665621965.nii.gz	V1	1	1.7697405	1
sub-755228432677.nii.gz	V1	1	1.7697866	1
sub-728882736260.nii.gz	V1	1	1.7698001	1
PT030_OpenNeuro_ds003416_sub-60.nii.gz	V1	1	1.7698052	1
sub-424384119731.nii.gz	V1	1	1.7698089	1
sub-872310189561.nii.gz	V1	1	1.769818	1
sub-145580633313.nii.gz	V1	1	1.7698463	1
sub-416547426671.nii.gz	V1	1	1.7698725	1
sub-137249105377.nii.gz	V1	1	1.7698839	1
sub-714133828625.nii.gz	V1	1	1.7698889	1
sub-912438054748.nii.gz	V1	1	1.7699063	1
sub-978719853586.nii.gz	V1	1	1.7699143	1
sub-104774505992.nii.gz	V1	1	1.7699246	1
sub-829944719647.nii.gz	V1	1	1.769941	1
sub-CC120462.nii.gz	V1	1	1.7699459	1
sub-292562158968.nii.gz	V1	1	1.7699558	1
sub-784844785371.nii.gz	V1	1	1.7699616	1
sub-792075286865.nii.gz	V1	1	1.7700297	1
sub-429863839781.nii.gz	V1	1	1.7700462	1
sub-805388577387.nii.gz	V1	1	1.7700573	1
sub-780103882043.nii.gz	V1	1	1.770077	1
sub-CC210023.nii.gz	V1	1	1.7700986	1
sub-519310637883.nii.gz	V1	1	1.770119	1
sub-595338991165.nii.gz	V1	1	1.7701362	1
sub-CC410222.nii.gz	V1	1	1.7701716	1
sub-633602514995.nii.gz	V1	1	1.7701728	1
sub-259547897813.nii.gz	V1	1	1.7702384	1
sub-115321957741.nii.gz	V1	1	1.7702515	1
sub-512987020695.nii.gz	V1	1	1.7702601	1
sub-164822438556.nii.gz	V1	1	1.7703805	1
sub-180221318077.nii.gz	V1	1	1.7703958	1
sub-837165336315.nii.gz	V1	1	1.7703989	1
sub-429376973784.nii.gz	V1	1	1.7704222	1
sub-4743_ses-wave2.nii.gz	V1	1	1.7704266	1
PT030_OpenNeuro_ds004718_sub-34.nii.gz	V1	1	1.7704825	1
sub-140809415420.nii.gz	V1	1	1.7704856	1
sub-624448003003.nii.gz	V1	1	1.7704874	1
sub-142262191767.nii.gz	V1	1	1.7704979	1
sub-184465736712.nii.gz	V1	1	1.7705121	1
sub-869561056537.nii.gz	V1	1	1.7705214	1
sub-927248566385.nii.gz	V1	1	1.7705553	1
sub-872890949648.nii.gz	V1	1	1.7705716	1
RRIB_sub-128.nii.gz	V1	1	1.7705761	1
sub-CC510355.nii.gz	V1	1	1.7705837	1
sub-856562281896.nii.gz	V1	1	1.7706076	1
sub-495200862485.nii.gz	V1	1	1.7707636	1
sub-CC410169.nii.gz	V1	1	1.7707818	1
sub-900102424486.nii.gz	V1	1	1.770819	1
PT030_OpenNeuro_ds003416_sub-95.nii.gz	V1	1	1.7708356	1
sub-747751581308.nii.gz	V1	1	1.7709339	1
sub-1451_ses-wave1.nii.gz	V1	1	1.770944	1
PT030_OpenNeuro_ds004169_sub-1065.nii.gz	V1	1	1.7709599	1
sub-252670417736.nii.gz	V1	1	1.7709757	1
sub-682113045341.nii.gz	V1	1	1.7710828	1
sub-907846695925.nii.gz	V1	1	1.7710835	1
PT030_OpenNeuro_ds002382_sub-11.nii.gz	V1	1	1.7710867	1
sub-473325785671.nii.gz	V1	1	1.7710975	1
sub-CC320202.nii.gz	V1	1	1.7711039	1
sub-137935620257.nii.gz	V1	1	1.771153	1
sub-915647446189.nii.gz	V1	1	1.771157	1
PT008_AdolescentBrainDevelopment_sub-39.nii.gz	V1	1	1.7711686	1
sub-991826633582.nii.gz	V1	1	1.7711704	1
sub-392945946755.nii.gz	V1	1	1.7711804	1
PT030_OpenNeuro_ds005588_sub-22.nii.gz	V1	1	1.7711946	1
sub-CC121194.nii.gz	V1	1	1.7711949	1
sub-178028010876.nii.gz	V1	1	1.7712314	1
sub-741157514614.nii.gz	V1	1	1.7712477	1
PT012_CHBMP_sub-070.nii.gz	V1	1	1.7712597	1
sub-1432_ses-wave1.nii.gz	V1	1	1.7713175	1
sub-157494563025.nii.gz	V1	1	1.7713248	1
sub-628907340229.nii.gz	V1	1	1.7714163	1
sub-416382670304.nii.gz	V1	1	1.7714198	1
sub-855574161779.nii.gz	V1	1	1.7714255	1
PT012_CHBMP_sub-055.nii.gz	V1	1	1.7714323	1
sub-417535604177.nii.gz	V1	1	1.7714517	1
sub-737123719510.nii.gz	V1	1	1.7714795	1
PT030_OpenNeuro_ds004173_sub-127.nii.gz	V1	1	1.7715043	1
sub-403072282252.nii.gz	V1	1	1.7715111	1
sub-474905652662.nii.gz	V1	1	1.7715484	1
sub-912676280078.nii.gz	V1	1	1.7715784	1
PT030_OpenNeuro_ds005256_sub-026.nii.gz	V1	1	1.7715895	1
sub-937536731279.nii.gz	V1	1	1.7716838	1
sub-551972724558.nii.gz	V1	1	1.7717038	1
PT030_OpenNeuro_ds002382_sub-61.nii.gz	V1	1	1.7717153	1
sub-381299063045.nii.gz	V1	1	1.7717168	1
sub-111128623875.nii.gz	V1	1	1.771726	1
sub-244062002869.nii.gz	V1	1	1.7717265	1
sub-CC321174.nii.gz	V1	1	1.7717638	1
PT030_OpenNeuro_ds003787_sub-20.nii.gz	V1	1	1.7717797	1
sub-CC410289.nii.gz	V1	1	1.77178	1
sub-CC320698.nii.gz	V1	1	1.7718579	1
sub-852444337137.nii.gz	V1	1	1.7718685	1
sub-412405591527.nii.gz	V1	1	1.7718774	1
sub-889247652259.nii.gz	V1	1	1.7718953	1
sub-129609320842.nii.gz	V1	1	1.77193	1
sub-539327928394.nii.gz	V1	1	1.7719874	1
sub-900503064848.nii.gz	V1	1	1.771993	1
sub-CC420259.nii.gz	V1	1	1.7719954	1
sub-635708100457.nii.gz	V1	1	1.7720095	1
PT030_OpenNeuro_ds000053_sub-21.nii.gz	V1	1	1.7720116	1
PT030_OpenNeuro_ds004169_sub-1089.nii.gz	V1	1	1.7720417	1
sub-650286627379.nii.gz	V1	1	1.7720789	1
sub-176123703987.nii.gz	V1	1	1.7720952	1
PT030_OpenNeuro_ds004169_sub-0058.nii.gz	V1	1	1.7721602	1
sub-593530152538.nii.gz	V1	1	1.7722056	1
PT030_OpenNeuro_ds003877_sub-40.nii.gz	V1	1	1.7722098	1
RRIB_sub-062.nii.gz	V1	1	1.7722137	1
PT012_CHBMP_sub-021.nii.gz	V1	1	1.7722679	1
sub-696073350667.nii.gz	V1	1	1.772363	1
sub-CC320478.nii.gz	V1	1	1.7723651	1
sub-880623258125.nii.gz	V1	1	1.7723911	1
PT030_OpenNeuro_ds003416_sub-40.nii.gz	V1	1	1.7723985	1
PT030_OpenNeuro_ds003763_sub-33.nii.gz	V1	1	1.77243	1
sub-252716718575.nii.gz	V1	1	1.7724361	1
sub-693974688215.nii.gz	V1	1	1.7724478	1
sub-530484284929.nii.gz	V1	1	1.7724688	1
sub-776519740044.nii.gz	V1	1	1.7724824	1
sub-361321219772.nii.gz	V1	1	1.7724863	1
sub-383918872195.nii.gz	V1	1	1.7725036	1
sub-590542611343.nii.gz	V1	1	1.7725668	1
sub-CC110045.nii.gz	V1	1	1.7725741	1
sub-996843901663.nii.gz	V1	1	1.7725799	1
sub-711880120870.nii.gz	V1	1	1.7725872	1
sub-313472406337.nii.gz	V1	1	1.7726383	1
sub-693783915366.nii.gz	V1	1	1.7726781	1
sub-CC310402.nii.gz	V1	1	1.7726915	1
sub-993886391753.nii.gz	V1	1	1.7727108	1
RRIB_sub-024.nii.gz	V1	1	1.7727251	1
PT030_OpenNeuro_ds004718_sub-33.nii.gz	V1	1	1.772726	1
sub-603637173781.nii.gz	V1	1	1.7727367	1
sub-796107983896.nii.gz	V1	1	1.7727889	1
sub-986168019499.nii.gz	V1	1	1.7728055	1
sub-450416431697.nii.gz	V1	1	1.772817	1
sub-786490511114.nii.gz	V1	1	1.7728262	1
RRIB_sub-118.nii.gz	V1	1	1.7728384	1
sub-693654161752.nii.gz	V1	1	1.7728425	1
PT030_OpenNeuro_ds004718_sub-06.nii.gz	V1	1	1.772854	1
sub-669502250517.nii.gz	V1	1	1.7728593	1
PT030_OpenNeuro_ds003877_sub-51.nii.gz	V1	1	1.772861	1
PT012_CHBMP_sub-044.nii.gz	V1	1	1.7728623	1
sub-CC121106.nii.gz	V1	1	1.7728809	1
sub-809547720905.nii.gz	V1	1	1.772887	1
sub-157747575462.nii.gz	V1	1	1.7729096	1
PT030_OpenNeuro_ds004169_sub-1075.nii.gz	V1	1	1.772925	1
sub-998587653727.nii.gz	V1	1	1.7729435	1
sub-329979629812.nii.gz	V1	1	1.7729692	1
sub-104756934188.nii.gz	V1	1	1.7730385	1
sub-458227466938.nii.gz	V1	1	1.7730403	1
PT030_OpenNeuro_ds000236_sub-08.nii.gz	V1	1	1.7730709	1
sub-CC412004.nii.gz	V1	1	1.7730836	1
sub-324666272814.nii.gz	V1	1	1.773086	1
sub-250479162697.nii.gz	V1	1	1.7731344	1
RRIB_sub-131.nii.gz	V1	1	1.7731798	1
sub-519733259421.nii.gz	V1	1	1.7731875	1
sub-234024541244.nii.gz	V1	1	1.7731986	1
PT030_OpenNeuro_ds000240_sub-48.nii.gz	V1	1	1.7733208	1
sub-995055914773.nii.gz	V1	1	1.7733213	1
sub-1467_ses-wave3.nii.gz	V1	1	1.7733532	1
PT030_OpenNeuro_ds004169_sub-1103.nii.gz	V1	1	1.7734233	1
PT030_OpenNeuro_ds004718_sub-46.nii.gz	V1	1	1.7734255	1
RRIB_sub-144.nii.gz	V1	1	1.7734487	1
sub-765748207688.nii.gz	V1	1	1.7734617	1
sub-132314739842.nii.gz	V1	1	1.7734681	1
PT030_OpenNeuro_ds000240_sub-37.nii.gz	V1	1	1.7735615	1
sub-988151025685.nii.gz	V1	1	1.7736174	1
sub-CC420075.nii.gz	V1	1	1.7736254	1
PT030_OpenNeuro_ds004173_sub-124.nii.gz	V1	1	1.7736732	1
sub-530934590183.nii.gz	V1	1	1.7736999	1
sub-958050974251.nii.gz	V1	1	1.7737352	1
sub-942553576158.nii.gz	V1	1	1.7737364	1
sub-299651462165.nii.gz	V1	1	1.7737981	1
RRIB_sub-020.nii.gz	V1	1	1.7738628	1
sub-895750786932.nii.gz	V1	1	1.7738875	1
sub-646068282127.nii.gz	V1	1	1.7739204	1
RRIB_sub-152.nii.gz	V1	1	1.7740257	1
sub-CC222258.nii.gz	V1	1	1.7740393	1
sub-691371386930.nii.gz	V1	1	1.7740395	1
sub-366419892031.nii.gz	V1	1	1.7740647	1
sub-945981410077.nii.gz	V1	1	1.7740767	1
sub-375939080828.nii.gz	V1	1	1.7741115	1
sub-485683465085.nii.gz	V1	1	1.7741535	1
PT030_OpenNeuro_ds003416_sub-78.nii.gz	V1	1	1.7741604	1
PT030_OpenNeuro_ds005498_sub-111.nii.gz	V1	1	1.7741659	1
sub-424379445589.nii.gz	V1	1	1.774184	1
RRIB_sub-034.nii.gz	V1	1	1.7742176	1
sub-695057763537.nii.gz	V1	1	1.774269	1
sub-542231428806.nii.gz	V1	1	1.7743087	1
PT030_OpenNeuro_ds000228_sub-148.nii.gz	V1	1	1.7743179	1
sub-787163499321.nii.gz	V1	1	1.7743218	1
sub-235188204269.nii.gz	V1	1	1.7743304	1
sub-306261002388.nii.gz	V1	1	1.7743806	1
sub-911730789548.nii.gz	V1	1	1.7743846	1
sub-125025808425.nii.gz	V1	1	1.7744584	1
sub-990401935145.nii.gz	V1	1	1.7745345	1
sub-391717879650.nii.gz	V1	1	1.7745488	1
PT030_OpenNeuro_ds002236_sub-44.nii.gz	V1	1	1.7745578	1
PT034_Wayne_sub-098.nii.gz	V1	1	1.7746248	1
sub-1008_ses-wave2.nii.gz	V1	1	1.7746613	1
RRIB_sub-025.nii.gz	V1	1	1.7746887	1
sub-531172214225.nii.gz	V1	1	1.7746972	1
sub-110513034050.nii.gz	V1	1	1.7747148	1
sub-226154264891.nii.gz	V1	1	1.7748145	1
PT030_OpenNeuro_ds000119_sub-01.nii.gz	V1	1	1.7748231	1
sub-522771733086.nii.gz	V1	1	1.7748635	1
sub-892841724865.nii.gz	V1	1	1.7749164	1
sub-789224424631.nii.gz	V1	1	1.7749177	1
sub-149020310221.nii.gz	V1	1	1.774927	1
PT030_OpenNeuro_ds004169_sub-1068.nii.gz	V1	1	1.7749302	1
PT034_Wayne_sub-099.nii.gz	V1	1	1.7749377	1
sub-165972132497.nii.gz	V1	1	1.7749406	1
sub-923406567679.nii.gz	V1	1	1.7749546	1
sub-895133658171.nii.gz	V1	1	1.7749565	1
sub-104230378530.nii.gz	V1	1	1.7749578	1
sub-506516913482.nii.gz	V1	1	1.7749797	1
sub-543350645839.nii.gz	V1	1	1.775018	1
RRIB_sub-042.nii.gz	V1	1	1.7750554	1
sub-615418240534.nii.gz	V1	1	1.7751353	1
sub-CC420148.nii.gz	V1	1	1.7751518	1
PT030_OpenNeuro_ds000240_sub-38.nii.gz	V1	1	1.7751637	1
sub-793040141067.nii.gz	V1	1	1.7751774	1
sub-291693686123.nii.gz	V1	1	1.7752166	1
sub-619456358765.nii.gz	V1	1	1.7752186	1
sub-CC221886.nii.gz	V1	1	1.77522	1
sub-274663764893.nii.gz	V1	1	1.7752501	1
sub-866922267325.nii.gz	V1	1	1.7752732	1
PT034_Wayne_sub-053.nii.gz	V1	1	1.7753091	1
sub-868388089302.nii.gz	V1	1	1.7753285	1
PT030_OpenNeuro_ds004169_sub-1128.nii.gz	V1	1	1.7753623	1
sub-178636788500.nii.gz	V1	1	1.7754034	1
PT012_CHBMP_sub-050.nii.gz	V1	1	1.7754498	1
PT030_OpenNeuro_ds003763_sub-22.nii.gz	V1	1	1.7754636	1
sub-415092780642.nii.gz	V1	1	1.7754834	1
sub-CC120640.nii.gz	V1	1	1.7754964	1
sub-236684962470.nii.gz	V1	1	1.7755115	1
sub-888390950359.nii.gz	V1	1	1.7755579	1
PT030_OpenNeuro_ds004169_sub-0965.nii.gz	V1	1	1.775558	1
PT030_OpenNeuro_ds002330_sub-02.nii.gz	V1	1	1.7755641	1
sub-938380050399.nii.gz	V1	1	1.7755944	1
PT030_OpenNeuro_ds000240_sub-46.nii.gz	V1	1	1.7755989	1
sub-963338500648.nii.gz	V1	1	1.7756132	1
sub-CC410121.nii.gz	V1	1	1.7756901	1
PT012_CHBMP_sub-034.nii.gz	V1	1	1.7757083	1
sub-777229560355.nii.gz	V1	1	1.7757243	1
sub-CC321281.nii.gz	V1	1	1.7757641	1
sub-CC220323.nii.gz	V1	1	1.7757714	1
sub-695242338127.nii.gz	V1	1	1.7758319	1
sub-870355783258.nii.gz	V1	1	1.775843	1
sub-143597719481.nii.gz	V1	1	1.7758511	1
sub-887530654767.nii.gz	V1	1	1.7758737	1
sub-818488071158.nii.gz	V1	1	1.7758999	1
sub-133292484570.nii.gz	V1	1	1.7759017	1
sub-CC420162.nii.gz	V1	1	1.7759931	1
PT030_OpenNeuro_ds000119_sub-16.nii.gz	V1	1	1.7760289	1
sub-317505052751.nii.gz	V1	1	1.7760414	1
PT030_OpenNeuro_ds004169_sub-0068.nii.gz	V1	1	1.7760463	1
sub-862933690787.nii.gz	V1	1	1.7760761	1
sub-232874226715.nii.gz	V1	1	1.776081	1
sub-188694833436.nii.gz	V1	1	1.7761657	1
sub-CC210182.nii.gz	V1	1	1.7762021	1
sub-848884705355.nii.gz	V1	1	1.7762458	1
PT012_CHBMP_sub-118.nii.gz	V1	1	1.7762526	1
PT012_CHBMP_sub-137.nii.gz	V1	1	1.7763081	1
sub-929232257334.nii.gz	V1	1	1.7763255	1
sub-101404752059.nii.gz	V1	1	1.7763277	1
sub-758273612087.nii.gz	V1	1	1.7763424	1
sub-112581979205.nii.gz	V1	1	1.7763647	1
sub-929666036859.nii.gz	V1	1	1.7763791	1
sub-781892887045.nii.gz	V1	1	1.7763795	1
sub-622250944839.nii.gz	V1	1	1.7764089	1
sub-775830586801.nii.gz	V1	1	1.7764171	1
PT030_OpenNeuro_ds002382_sub-54.nii.gz	V1	1	1.7764223	1
sub-992555534948.nii.gz	V1	1	1.776434	1
sub-633708423748.nii.gz	V1	1	1.7765388	1
sub-262457593277.nii.gz	V1	1	1.776563	1
sub-CC321069.nii.gz	V1	1	1.7766176	1
PT036_Yale_HighRes_sub-037.nii.gz	V1	1	1.7766442	1
PT030_OpenNeuro_ds002338_sub-11.nii.gz	V1	1	1.776645	1
sub-645118324658.nii.gz	V1	1	1.7766843	1
sub-181539725053.nii.gz	V1	1	1.7766895	1
sub-727848229209.nii.gz	V1	1	1.7767986	1
sub-379219398221.nii.gz	V1	1	1.7768458	1
sub-CC420217.nii.gz	V1	1	1.7768776	1
PT030_OpenNeuro_ds004169_sub-0047.nii.gz	V1	1	1.776909	1
RRIB_sub-134.nii.gz	V1	1	1.7769376	1
sub-796075391296.nii.gz	V1	1	1.7769943	1
PT030_OpenNeuro_ds000240_sub-47.nii.gz	V1	1	1.7770073	1
sub-881977543881.nii.gz	V1	1	1.7770118	1
sub-835036116084.nii.gz	V1	1	1.7770219	1
sub-CC410177.nii.gz	V1	1	1.7770298	1
sub-585178633428.nii.gz	V1	1	1.7770387	1
sub-631426044350.nii.gz	V1	1	1.7770398	1
PT034_Wayne_sub-027.nii.gz	V1	1	1.7771016	1
sub-916525803970.nii.gz	V1	1	1.7771332	1
sub-CC410182.nii.gz	V1	1	1.7771844	1
sub-CC320218.nii.gz	V1	1	1.7771913	1
PT034_Wayne_sub-017.nii.gz	V1	1	1.7772146	1
PT030_OpenNeuro_ds003763_sub-13.nii.gz	V1	1	1.7772174	1
sub-436168467409.nii.gz	V1	1	1.777244	1
sub-940869963183.nii.gz	V1	1	1.7772737	1
sub-873064193457.nii.gz	V1	1	1.7773176	1
sub-881158372238.nii.gz	V1	1	1.7773468	1
sub-970497665874.nii.gz	V1	1	1.7773722	1
sub-250985467668.nii.gz	V1	1	1.7773994	1
sub-1431_ses-wave3.nii.gz	V1	1	1.7774326	1
sub-159585669819.nii.gz	V1	1	1.7774428	1
PT030_OpenNeuro_ds003877_sub-21.nii.gz	V1	1	1.7774574	1
sub-411578175554.nii.gz	V1	1	1.7774657	1
sub-511145985367.nii.gz	V1	1	1.7774938	1
sub-140896025599.nii.gz	V1	1	1.7775006	1
sub-222431356338.nii.gz	V1	1	1.7775207	1
sub-350614246455.nii.gz	V1	1	1.7775301	1
PT034_Wayne_sub-091.nii.gz	V1	1	1.7775462	1
sub-653243835708.nii.gz	V1	1	1.7775567	1
sub-CC320608.nii.gz	V1	1	1.7775775	1
PT030_OpenNeuro_ds001371_sub-02.nii.gz	V1	1	1.7776184	1
sub-380107200295.nii.gz	V1	1	1.7776799	1
sub-599591857106.nii.gz	V1	1	1.7776872	1
PT012_CHBMP_sub-060.nii.gz	V1	1	1.7776909	1
sub-523987222100.nii.gz	V1	1	1.7776964	1
sub-800984068342.nii.gz	V1	1	1.7777263	1
sub-ON97654.nii.gz	V1	1	1.777756	1
PT012_CHBMP_sub-136.nii.gz	V1	1	1.7777873	1
sub-257021428477.nii.gz	V1	1	1.7778479	1
sub-281978058805.nii.gz	V1	1	1.7778573	1
PT030_OpenNeuro_ds003763_sub-37.nii.gz	V1	1	1.7779701	1
sub-695426581946.nii.gz	V1	1	1.7780137	1
sub-365377487798.nii.gz	V1	1	1.7780552	1
sub-421534005893.nii.gz	V1	1	1.7780888	1
sub-225288020622.nii.gz	V1	1	1.7781218	1
PT036_Yale_HighRes_sub-030.nii.gz	V1	1	1.7781628	1
sub-300869797602.nii.gz	V1	1	1.7781798	1
PT033_WAND_sub-140.nii.gz	V1	1	1.7781878	1
PT030_OpenNeuro_ds004169_sub-1109.nii.gz	V1	1	1.7782593	1
PT012_CHBMP_sub-099.nii.gz	V1	1	1.7782745	1
sub-481372512191.nii.gz	V1	1	1.7782778	1
sub-860138007442.nii.gz	V1	1	1.7782784	1
sub-519698613585.nii.gz	V1	1	1.7783092	1
sub-111417977585.nii.gz	V1	1	1.7783568	1
sub-845938829891.nii.gz	V1	1	1.778363	1
sub-144863316344.nii.gz	V1	1	1.7783715	1
sub-497678537794.nii.gz	V1	1	1.7783841	1
sub-882865046935.nii.gz	V1	1	1.7784283	1
sub-754051367234.nii.gz	V1	1	1.778557	1
sub-385702896791.nii.gz	V1	1	1.778595	1
sub-CC110126.nii.gz	V1	1	1.7786014	1
sub-CC321331.nii.gz	V1	1	1.7786071	1
sub-323928652465.nii.gz	V1	1	1.7786146	1
sub-224456072364.nii.gz	V1	1	1.7786449	1
sub-173601103742.nii.gz	V1	1	1.7786757	1
sub-703811884563.nii.gz	V1	1	1.7787008	1
PT030_OpenNeuro_ds004718_sub-50.nii.gz	V1	1	1.7787191	1
RRIB_sub-022.nii.gz	V1	1	1.7787572	1
PT030_OpenNeuro_ds004746_sub-272.nii.gz	V1	1	1.7787628	1
PT030_OpenNeuro_ds004697_sub-62.nii.gz	V1	1	1.7789369	1
sub-863164638205.nii.gz	V1	1	1.7789453	1
sub-707906391106.nii.gz	V1	1	1.7789632	1
sub-631760081925.nii.gz	V1	1	1.7789942	1
sub-CC321557.nii.gz	V1	1	1.778998	1
sub-384366007647.nii.gz	V1	1	1.7790382	1
sub-190775750888.nii.gz	V1	1	1.7790442	1
sub-176402200469.nii.gz	V1	1	1.7790465	1
RRIB_sub-101.nii.gz	V1	1	1.7790712	1
sub-CC410243.nii.gz	V1	1	1.7790755	1
PT030_OpenNeuro_ds004718_sub-22.nii.gz	V1	1	1.7791227	1
sub-900669455649.nii.gz	V1	1	1.7791685	1
PT012_CHBMP_sub-079.nii.gz	V1	1	1.7791997	1
PT030_OpenNeuro_ds000232_sub-04.nii.gz	V1	1	1.7792354	1
RRIB_sub-114.nii.gz	V1	1	1.7792494	1
PT030_OpenNeuro_ds003416_sub-50.nii.gz	V1	1	1.7793615	1
PT012_CHBMP_sub-012.nii.gz	V1	1	1.7793933	1
RRIB_sub-099.nii.gz	V1	1	1.7794725	1
sub-142069343741.nii.gz	V1	1	1.7794759	1
sub-CC310450.nii.gz	V1	1	1.7795615	1
sub-325005086709.nii.gz	V1	1	1.7795622	1
sub-479008488319.nii.gz	V1	1	1.7795756	1
sub-298312793047.nii.gz	V1	1	1.7796035	1
PT030_OpenNeuro_ds004169_sub-1063.nii.gz	V1	1	1.7796336	1
sub-CC310385.nii.gz	V1	1	1.7796367	1
sub-290821153245.nii.gz	V1	1	1.7797401	1
sub-378259915805.nii.gz	V1	1	1.7798332	1
sub-754258049359.nii.gz	V1	1	1.7798562	1
sub-351668169349.nii.gz	V1	1	1.7799563	1
sub-362543492336.nii.gz	V1	1	1.7799829	1
sub-834759665803.nii.gz	V1	1	1.7800401	1
sub-859106712039.nii.gz	V1	1	1.7800488	1
PT030_OpenNeuro_ds004169_sub-0061.nii.gz	V1	1	1.7800692	1
sub-610209673140.nii.gz	V1	1	1.7801086	1
PT030_OpenNeuro_ds004169_sub-1119.nii.gz	V1	1	1.7801303	1
sub-482033781584.nii.gz	V1	1	1.7801439	1
sub-CC420383.nii.gz	V1	1	1.7801636	1
sub-235364138668.nii.gz	V1	1	1.7802018	1
PT030_OpenNeuro_ds004697_sub-43.nii.gz	V1	1	1.780227	1
PT030_OpenNeuro_ds004697_sub-64.nii.gz	V1	1	1.7802515	1
sub-233439764905.nii.gz	V1	1	1.7802635	1
sub-115179082434.nii.gz	V1	1	1.780281	1
sub-247550701786.nii.gz	V1	1	1.7802827	1
sub-375744717263.nii.gz	V1	1	1.7803148	1
sub-976250033322.nii.gz	V1	1	1.7803428	1
sub-841748968258.nii.gz	V1	1	1.7804102	1
PT012_CHBMP_sub-074.nii.gz	V1	1	1.7804115	1
sub-277563534370.nii.gz	V1	1	1.7804219	1
sub-748028963399.nii.gz	V1	1	1.7804545	1
sub-912195063185.nii.gz	V1	1	1.7804635	1
sub-725586193692.nii.gz	V1	1	1.7805014	1
sub-898016119281.nii.gz	V1	1	1.7805053	1
sub-235519869220.nii.gz	V1	1	1.7805477	1
sub-480917914413.nii.gz	V1	1	1.7805785	1
sub-411028202173.nii.gz	V1	1	1.7805996	1
sub-772805471815.nii.gz	V1	1	1.7806822	1
sub-632509073360.nii.gz	V1	1	1.7807511	1
sub-770697219769.nii.gz	V1	1	1.780798	1
sub-CC321428.nii.gz	V1	1	1.7808181	1
sub-296480886181.nii.gz	V1	1	1.7808889	1
sub-482555510183.nii.gz	V1	1	1.7808957	1
sub-278306641376.nii.gz	V1	1	1.7809567	1
PT030_OpenNeuro_ds000240_sub-58.nii.gz	V1	1	1.7809874	1
sub-820918431463.nii.gz	V1	1	1.780989	1
sub-CC220151.nii.gz	V1	1	1.781004	1
sub-640474032496.nii.gz	V1	1	1.7810106	1
PT030_OpenNeuro_ds002382_sub-08.nii.gz	V1	1	1.7810152	1
PT012_CHBMP_sub-141.nii.gz	V1	1	1.7810239	1
PT030_OpenNeuro_ds000240_sub-53.nii.gz	V1	1	1.7810428	1
PT030_OpenNeuro_ds005588_sub-18.nii.gz	V1	1	1.7811328	1
sub-450965099560.nii.gz	V1	1	1.7811353	1
sub-996579398931.nii.gz	V1	1	1.7811577	1
PT030_OpenNeuro_ds000228_sub-103.nii.gz	V1	1	1.7812016	1
sub-715646324429.nii.gz	V1	1	1.7812227	1
sub-479779230782.nii.gz	V1	1	1.7812284	1
sub-741652187641.nii.gz	V1	1	1.7812321	1
sub-671107640505.nii.gz	V1	1	1.7813042	1
sub-218293958057.nii.gz	V1	1	1.781314	1
PT030_OpenNeuro_ds003763_sub-14.nii.gz	V1	1	1.7813756	1
sub-134269526020.nii.gz	V1	1	1.7813791	1
sub-783961028096.nii.gz	V1	1	1.7813836	1
sub-976_ses-wave1.nii.gz	V1	1	1.7813901	1
PT034_Wayne_sub-087.nii.gz	V1	1	1.7814695	1
sub-300202586409.nii.gz	V1	1	1.7814835	1
sub-CC321203.nii.gz	V1	1	1.7814878	1
PT030_OpenNeuro_ds003763_sub-20.nii.gz	V1	1	1.781498	1
sub-974405616418.nii.gz	V1	1	1.7815108	1
PT034_Wayne_sub-080.nii.gz	V1	1	1.7815236	1
sub-715730829823.nii.gz	V1	1	1.7815442	1
PT034_Wayne_sub-040.nii.gz	V1	1	1.7815572	1
sub-708489424449.nii.gz	V1	1	1.7816229	1
sub-726037746493.nii.gz	V1	1	1.7816464	1
sub-221319995904.nii.gz	V1	1	1.7816795	1
sub-372729344859.nii.gz	V1	1	1.781699	1
PT030_OpenNeuro_ds002366_sub-33.nii.gz	V1	1	1.7817283	1
sub-979591660457.nii.gz	V1	1	1.7817504	1
sub-CC221740.nii.gz	V1	1	1.781756	1
PT012_CHBMP_sub-103.nii.gz	V1	1	1.7817856	1
sub-CC420776.nii.gz	V1	1	1.7817867	1
PT030_OpenNeuro_ds004169_sub-1104.nii.gz	V1	1	1.7818167	1
PT030_OpenNeuro_ds000256_sub-12.nii.gz	V1	1	1.7818415	1
sub-734097348430.nii.gz	V1	1	1.7818602	1
sub-121315843872.nii.gz	V1	1	1.7819144	1
PT030_OpenNeuro_ds004783_sub-17.nii.gz	V1	1	1.781941	1
sub-607808523191.nii.gz	V1	1	1.7820152	1
sub-CC320059.nii.gz	V1	1	1.7820449	1
PT030_OpenNeuro_ds005588_sub-19.nii.gz	V1	1	1.7820656	1
sub-107385462103.nii.gz	V1	1	1.7821094	1
sub-366125129833.nii.gz	V1	1	1.7821192	1
PT030_OpenNeuro_ds003138_sub-46.nii.gz	V1	1	1.7821475	1
sub-648576491590.nii.gz	V1	1	1.7821641	1
PT034_Wayne_sub-005.nii.gz	V1	1	1.7821908	1
sub-306387351160.nii.gz	V1	1	1.7822145	1
sub-CC310407.nii.gz	V1	1	1.7822524	1
sub-326649012046.nii.gz	V1	1	1.7822719	1
sub-734267087534.nii.gz	V1	1	1.7822856	1
sub-610293547167.nii.gz	V1	1	1.7823219	1
sub-900348386642.nii.gz	V1	1	1.7823914	1
PT030_OpenNeuro_ds004173_sub-146.nii.gz	V1	1	1.7824006	1
sub-972640558751.nii.gz	V1	1	1.7824316	1
PT030_OpenNeuro_ds005588_sub-37.nii.gz	V1	1	1.782448	1
PT030_OpenNeuro_ds000240_sub-39.nii.gz	V1	1	1.7824513	1
sub-698490319297.nii.gz	V1	1	1.782457	1
sub-644890417557.nii.gz	V1	1	1.7825148	1
sub-471209465684.nii.gz	V1	1	1.7825377	1
PT030_OpenNeuro_ds004718_sub-29.nii.gz	V1	1	1.7825626	1
sub-973295701579.nii.gz	V1	1	1.7825752	1
sub-CC410032.nii.gz	V1	1	1.782588	1
sub-CC420100.nii.gz	V1	1	1.7825907	1
sub-774814053485.nii.gz	V1	1	1.7826277	1
PT030_OpenNeuro_ds004697_sub-25.nii.gz	V1	1	1.7826389	1
sub-CC321053.nii.gz	V1	1	1.7827096	1
sub-691457084013.nii.gz	V1	1	1.7827255	1
sub-668046970635.nii.gz	V1	1	1.7827371	1
sub-603550058118.nii.gz	V1	1	1.7827773	1
sub-1467_ses-wave2.nii.gz	V1	1	1.7827849	1
PT030_OpenNeuro_ds004169_sub-1160.nii.gz	V1	1	1.7827878	1
sub-486423606320.nii.gz	V1	1	1.782801	1
PT030_OpenNeuro_ds004718_sub-44.nii.gz	V1	1	1.7828321	1
sub-CC410119.nii.gz	V1	1	1.782835	1
sub-CC321368.nii.gz	V1	1	1.7828369	1
PT030_OpenNeuro_ds004169_sub-1107.nii.gz	V1	1	1.7828438	1
sub-670939466721.nii.gz	V1	1	1.7828451	1
sub-CC222264.nii.gz	V1	1	1.7828497	1
sub-628738898345.nii.gz	V1	1	1.782876	1
PT012_CHBMP_sub-134.nii.gz	V1	1	1.7829214	1
sub-403183909828.nii.gz	V1	1	1.7829444	1
sub-CC122405.nii.gz	V1	1	1.7829556	1
PT030_OpenNeuro_ds003763_sub-31.nii.gz	V1	1	1.7829701	1
sub-CC221487.nii.gz	V1	1	1.7829874	1
sub-293152138205.nii.gz	V1	1	1.783002	1
PT030_OpenNeuro_ds005588_sub-02.nii.gz	V1	1	1.7830037	1
sub-CC320269.nii.gz	V1	1	1.7830223	1
PT030_OpenNeuro_ds003763_sub-06.nii.gz	V1	1	1.7830396	1
sub-907977518564.nii.gz	V1	1	1.7830412	1
PT030_OpenNeuro_ds004169_sub-1137.nii.gz	V1	1	1.7830696	1
PT034_Wayne_sub-013.nii.gz	V1	1	1.7830715	1
sub-129453382420.nii.gz	V1	1	1.7830743	1
sub-989894994426.nii.gz	V1	1	1.7830877	1
sub-325497793662.nii.gz	V1	1	1.7831473	1
sub-806658216067.nii.gz	V1	1	1.7831888	1
sub-775940679010.nii.gz	V1	1	1.7832383	1
sub-800311395021.nii.gz	V1	1	1.7832443	1
PT030_OpenNeuro_ds004169_sub-1143.nii.gz	V1	1	1.7832574	1
sub-913530350055.nii.gz	V1	1	1.78327	1
sub-535707981968.nii.gz	V1	1	1.7833334	1
sub-CC220843.nii.gz	V1	1	1.7833345	1
sub-CC412021.nii.gz	V1	1	1.7833538	1
sub-235909880442.nii.gz	V1	1	1.7834299	1
PT030_OpenNeuro_ds002236_sub-08.nii.gz	V1	1	1.7834657	1
sub-366954944274.nii.gz	V1	1	1.7834711	1
sub-350297856821.nii.gz	V1	1	1.7835547	1
sub-478282076570.nii.gz	V1	1	1.7835581	1
PT036_Yale_HighRes_sub-130.nii.gz	V1	1	1.783644	1
sub-1543_ses-wave3.nii.gz	V1	1	1.7836815	1
sub-707928232054.nii.gz	V1	1	1.7837383	1
sub-CC221373.nii.gz	V1	1	1.7838444	1
sub-703895540744.nii.gz	V1	1	1.7838515	1
sub-750196886752.nii.gz	V1	1	1.7839502	1
sub-734932297481.nii.gz	V1	1	1.7839618	1
sub-481376362072.nii.gz	V1	1	1.7839965	1
sub-687730767942.nii.gz	V1	1	1.7840171	1
sub-849619843552.nii.gz	V1	1	1.7840328	1
sub-751985660700.nii.gz	V1	1	1.7840412	1
sub-901120068549.nii.gz	V1	1	1.7841218	1
sub-784538675800.nii.gz	V1	1	1.7841282	1
sub-CC222120.nii.gz	V1	1	1.784132	1
sub-954430934773.nii.gz	V1	1	1.7841439	1
sub-CC220635.nii.gz	V1	1	1.7841456	1
sub-999832619027.nii.gz	V1	1	1.7841669	1
sub-386443623879.nii.gz	V1	1	1.7841865	1
sub-313276563858.nii.gz	V1	1	1.7842102	1
PT030_OpenNeuro_ds004169_sub-0258.nii.gz	V1	1	1.7842299	1
PT030_OpenNeuro_ds005588_sub-39.nii.gz	V1	1	1.7842367	1
PT030_OpenNeuro_ds004697_sub-74.nii.gz	V1	1	1.784262	1
sub-655048546266.nii.gz	V1	1	1.7842765	1
sub-389172823838.nii.gz	V1	1	1.7842846	1
sub-966018221708.nii.gz	V1	1	1.7843014	1
sub-156459137356.nii.gz	V1	1	1.7843156	1
sub-295037784120.nii.gz	V1	1	1.7844021	1
sub-134999314713.nii.gz	V1	1	1.7844063	1
RRIB_sub-037.nii.gz	V1	1	1.7844555	1
sub-700916661679.nii.gz	V1	1	1.7844586	1
sub-588017006762.nii.gz	V1	1	1.7845237	1
PT034_Wayne_sub-070.nii.gz	V1	1	1.784526	1
sub-130270412535.nii.gz	V1	1	1.7845287	1
sub-800961042105.nii.gz	V1	1	1.7845674	1
sub-491555377117.nii.gz	V1	1	1.7846426	1
sub-953314118927.nii.gz	V1	1	1.7846524	1
PT036_Yale_HighRes_sub-049.nii.gz	V1	1	1.7846663	1
PT030_OpenNeuro_ds004169_sub-1095.nii.gz	V1	1	1.7846838	1
sub-715170698474.nii.gz	V1	1	1.7846974	1
sub-473872191496.nii.gz	V1	1	1.7847196	1
PT030_OpenNeuro_ds000140_sub-12.nii.gz	V1	1	1.7847869	1
sub-645745829233.nii.gz	V1	1	1.7847975	1
sub-304803923554.nii.gz	V1	1	1.7848386	1
RRIB_sub-126.nii.gz	V1	1	1.784841	1
sub-911498902603.nii.gz	V1	1	1.7848432	1
sub-881514656591.nii.gz	V1	1	1.7848557	1
sub-617764434567.nii.gz	V1	1	1.7848659	1
PT034_Wayne_sub-048.nii.gz	V1	1	1.7848836	1
PT030_OpenNeuro_ds000140_sub-13.nii.gz	V1	1	1.7849233	1
sub-877827832848.nii.gz	V1	1	1.7849352	1
sub-824381268107.nii.gz	V1	1	1.7849517	1
sub-CC121685.nii.gz	V1	1	1.7849623	1
sub-426538206069.nii.gz	V1	1	1.7850096	1
sub-905655778274.nii.gz	V1	1	1.7850379	1
PT008_AdolescentBrainDevelopment_sub-47.nii.gz	V1	1	1.7851185	1
PT030_OpenNeuro_ds004718_sub-03.nii.gz	V1	1	1.7851219	1
PT030_OpenNeuro_ds002366_sub-20.nii.gz	V1	1	1.7852235	1
PT030_OpenNeuro_ds004169_sub-1092.nii.gz	V1	1	1.7852364	1
PT030_OpenNeuro_ds002236_sub-64.nii.gz	V1	1	1.7852569	1
PT030_OpenNeuro_ds004169_sub-1096.nii.gz	V1	1	1.7852776	1
sub-974514394407.nii.gz	V1	1	1.7852837	1
sub-761178177952.nii.gz	V1	1	1.7852883	1
sub-837432293199.nii.gz	V1	1	1.7853022	1
sub-162911360437.nii.gz	V1	1	1.7853224	1
sub-142977640292.nii.gz	V1	1	1.785424	1
PT030_OpenNeuro_ds004173_sub-034.nii.gz	V1	1	1.7854629	1
PT030_OpenNeuro_ds003787_sub-10.nii.gz	V1	1	1.7855169	1
sub-897298485021.nii.gz	V1	1	1.7855392	1
PT030_OpenNeuro_ds000119_sub-15.nii.gz	V1	1	1.785544	1
PT036_Yale_HighRes_sub-053.nii.gz	V1	1	1.7855481	1
PT030_OpenNeuro_ds000228_sub-100.nii.gz	V1	1	1.7855854	1
sub-CC420089.nii.gz	V1	1	1.7856008	1
sub-782020601813.nii.gz	V1	1	1.7856023	1
sub-195935417501.nii.gz	V1	1	1.7856289	1
sub-697168059795.nii.gz	V1	1	1.7856818	1
sub-414840159897.nii.gz	V1	1	1.7857788	1
sub-649823056480.nii.gz	V1	1	1.7858112	1
sub-192165999733.nii.gz	V1	1	1.7858139	1
PT030_OpenNeuro_ds004697_sub-61.nii.gz	V1	1	1.7858928	1
sub-273748695345.nii.gz	V1	1	1.7858933	1
sub-198882545020.nii.gz	V1	1	1.7859033	1
sub-589159090994.nii.gz	V1	1	1.7859187	1
PT030_OpenNeuro_ds000256_sub-03.nii.gz	V1	1	1.785925	1
PT030_OpenNeuro_ds004169_sub-0055.nii.gz	V1	1	1.785933	1
PT030_OpenNeuro_ds004169_sub-1138.nii.gz	V1	1	1.7859361	1
sub-807155774087.nii.gz	V1	1	1.7859449	1
sub-CC310331.nii.gz	V1	1	1.7859541	1
PT030_OpenNeuro_ds002382_sub-12.nii.gz	V1	1	1.7859825	1
sub-900882923719.nii.gz	V1	1	1.7859904	1
sub-387627806786.nii.gz	V1	1	1.786022	1
sub-834265926310.nii.gz	V1	1	1.7860292	1
sub-605330686646.nii.gz	V1	1	1.7860298	1
sub-173269751068.nii.gz	V1	1	1.7860359	1
sub-917008309577.nii.gz	V1	1	1.7860875	1
sub-CC221828.nii.gz	V1	1	1.7861459	1
sub-304156026895.nii.gz	V1	1	1.7861547	1
sub-478424896940.nii.gz	V1	1	1.7861704	1
PT012_CHBMP_sub-039.nii.gz	V1	1	1.7861787	1
PT030_OpenNeuro_ds004697_sub-76.nii.gz	V1	1	1.7862242	1
sub-310730152538.nii.gz	V1	1	1.78625	1
sub-495207539415.nii.gz	V1	1	1.7862598	1
PT030_OpenNeuro_ds004718_sub-02.nii.gz	V1	1	1.7862877	1
PT030_OpenNeuro_ds004169_sub-1097.nii.gz	V1	1	1.7863053	1
PT030_OpenNeuro_ds003877_sub-52.nii.gz	V1	1	1.7863516	1
sub-752442155878.nii.gz	V1	1	1.7863697	1
sub-808157587639.nii.gz	V1	1	1.7864354	1
sub-171539146010.nii.gz	V1	1	1.7864712	1
PT030_OpenNeuro_ds003404_sub-07.nii.gz	V1	1	1.7864723	1
PT030_OpenNeuro_ds004783_sub-05.nii.gz	V1	1	1.7865511	1
sub-CC410094.nii.gz	V1	1	1.7866251	1
PT030_OpenNeuro_ds004169_sub-0054.nii.gz	V1	1	1.7866255	1
sub-990930608075.nii.gz	V1	1	1.7867053	1
sub-752863684946.nii.gz	V1	1	1.7867293	1
sub-739971221380.nii.gz	V1	1	1.7867877	1
sub-361759510060.nii.gz	V1	1	1.7868073	1
RRIB_sub-100.nii.gz	V1	1	1.7868158	1
PT030_OpenNeuro_ds004795_sub-003.nii.gz	V1	1	1.7868799	1
sub-389128831451.nii.gz	V1	1	1.7869425	1
PT030_OpenNeuro_ds004169_sub-1152.nii.gz	V1	1	1.786974	1
PT030_OpenNeuro_ds000240_sub-33.nii.gz	V1	1	1.7869964	1
PT012_CHBMP_sub-026.nii.gz	V1	1	1.7870033	1
sub-CC321529.nii.gz	V1	1	1.7870258	1
sub-367831112850.nii.gz	V1	1	1.787049	1
sub-CC310391.nii.gz	V1	1	1.7870967	1
sub-494808050710.nii.gz	V1	1	1.7871518	1
sub-241198125340.nii.gz	V1	1	1.7871524	1
sub-520091474797.nii.gz	V1	1	1.7871792	1
sub-100263562592.nii.gz	V1	1	1.7872298	1
sub-285593347262.nii.gz	V1	1	1.7872393	1
PT030_OpenNeuro_ds002338_sub-01.nii.gz	V1	1	1.787264	1
sub-CC223115.nii.gz	V1	1	1.7873272	1
PT030_OpenNeuro_ds003787_sub-03.nii.gz	V1	1	1.7873545	1
sub-298394215355.nii.gz	V1	1	1.7873865	1
sub-951213761774.nii.gz	V1	1	1.7873904	1
RRIB_sub-040.nii.gz	V1	1	1.7874156	1
sub-716969824239.nii.gz	V1	1	1.7875149	1
sub-CC221209.nii.gz	V1	1	1.7875209	1
sub-269394554138.nii.gz	V1	1	1.7875282	1
sub-226781082361.nii.gz	V1	1	1.7875377	1
sub-CC120795.nii.gz	V1	1	1.7875583	1
sub-CC320448.nii.gz	V1	1	1.7875888	1
sub-1022_ses-wave3.nii.gz	V1	1	1.7876086	1
sub-987086411535.nii.gz	V1	1	1.787642	1
sub-480561361979.nii.gz	V1	1	1.7876451	1
PT030_OpenNeuro_ds004718_sub-15.nii.gz	V1	1	1.7876487	1
PT030_OpenNeuro_ds002236_sub-09.nii.gz	V1	1	1.7877018	1
RRIB_sub-151.nii.gz	V1	1	1.7877276	1
PT030_OpenNeuro_ds003763_sub-39.nii.gz	V1	1	1.7877375	1
sub-621749560707.nii.gz	V1	1	1.7877699	1
sub-155800619197.nii.gz	V1	1	1.7877964	1
PT030_OpenNeuro_ds004169_sub-1185.nii.gz	V1	1	1.7878091	1
PT030_OpenNeuro_ds004169_sub-1073.nii.gz	V1	1	1.7878639	1
sub-663575747299.nii.gz	V1	1	1.7878671	1
sub-CC310135.nii.gz	V1	1	1.7878703	1
sub-CC220232.nii.gz	V1	1	1.7878729	1
sub-534104063338.nii.gz	V1	1	1.7878734	1
sub-360897302316.nii.gz	V1	1	1.7879902	1
sub-CC222797.nii.gz	V1	1	1.788028	1
sub-591687985082.nii.gz	V1	1	1.7880754	1
sub-375011751246.nii.gz	V1	1	1.7881517	1
PT030_OpenNeuro_ds004169_sub-0059.nii.gz	V1	1	1.7881641	1
sub-829279911985.nii.gz	V1	1	1.7881687	1
PT030_OpenNeuro_ds004173_sub-136.nii.gz	V1	1	1.7881912	1
sub-887907228454.nii.gz	V1	1	1.7882134	1
PT030_OpenNeuro_ds000240_sub-40.nii.gz	V1	1	1.7882571	1
sub-236877858843.nii.gz	V1	1	1.7883974	1
PT030_OpenNeuro_ds004169_sub-1086.nii.gz	V1	1	1.7884173	1
sub-CC320616.nii.gz	V1	1	1.7884265	1
sub-628789413034.nii.gz	V1	1	1.7885637	1
sub-CC410251.nii.gz	V1	1	1.7885758	1
sub-492310557789.nii.gz	V1	1	1.7885804	1
sub-536470263663.nii.gz	V1	1	1.7886602	1
sub-989482280855.nii.gz	V1	1	1.7886796	1
sub-CC120065.nii.gz	V1	1	1.7886916	1
PT030_OpenNeuro_ds004718_sub-10.nii.gz	V1	1	1.7887414	1
sub-907154865800.nii.gz	V1	1	1.7887812	1
sub-155704740362.nii.gz	V1	1	1.7888167	1
sub-795002530881.nii.gz	V1	1	1.7888198	1
PT030_OpenNeuro_ds004169_sub-1098.nii.gz	V1	1	1.7888248	1
RRIB_sub-003.nii.gz	V1	1	1.788852	1
sub-914173373482.nii.gz	V1	1	1.7888683	1
sub-127024850810.nii.gz	V1	1	1.7888801	1
sub-779882127370.nii.gz	V1	1	1.7888879	1
PT030_OpenNeuro_ds004169_sub-1081.nii.gz	V1	1	1.7889436	1
sub-142608681206.nii.gz	V1	1	1.78899	1
sub-131601930451.nii.gz	V1	1	1.789	1
sub-130750381188.nii.gz	V1	1	1.7890011	1
sub-699419348039.nii.gz	V1	1	1.7890058	1
PT012_CHBMP_sub-003.nii.gz	V1	1	1.7890074	1
PT030_OpenNeuro_ds004169_sub-1067.nii.gz	V1	1	1.789092	1
PT030_OpenNeuro_ds004697_sub-83.nii.gz	V1	1	1.7891036	1
sub-225338597322.nii.gz	V1	1	1.789125	1
PT030_OpenNeuro_ds004169_sub-1105.nii.gz	V1	1	1.7891474	1
PT030_OpenNeuro_ds000140_sub-29.nii.gz	V1	1	1.7892181	1
sub-725415967620.nii.gz	V1	1	1.7892479	1
sub-526879269662.nii.gz	V1	1	1.7893122	1
sub-849137971945.nii.gz	V1	1	1.7893512	1
sub-186670859341.nii.gz	V1	1	1.7894098	1
sub-939702092734.nii.gz	V1	1	1.7894124	1
sub-CC220394.nii.gz	V1	1	1.789428	1
sub-973735615773.nii.gz	V1	1	1.789447	1
sub-417503911696.nii.gz	V1	1	1.7894709	1
sub-299515347423.nii.gz	V1	1	1.7895019	1
sub-168699804203.nii.gz	V1	1	1.7895273	1
RRIB_sub-136.nii.gz	V1	1	1.7895824	1
PT030_OpenNeuro_ds004169_sub-0126.nii.gz	V1	1	1.7896308	1
sub-314576902106.nii.gz	V1	1	1.7896409	1
sub-906563060004.nii.gz	V1	1	1.7896907	1
sub-798649997254.nii.gz	V1	1	1.789718	1
PT030_OpenNeuro_ds004718_sub-40.nii.gz	V1	1	1.7897283	1
RRIB_sub-115.nii.gz	V1	1	1.7897619	1
RRIB_sub-007.nii.gz	V1	1	1.7898821	1
sub-911803480648.nii.gz	V1	1	1.7899088	1
RRIB_sub-048.nii.gz	V1	1	1.7899494	1
sub-904786156336.nii.gz	V1	1	1.7899553	1
RRIB_sub-008.nii.gz	V1	1	1.789979	1
sub-520988708445.nii.gz	V1	1	1.7901443	1
sub-984786358175.nii.gz	V1	1	1.7901543	1
sub-CC310463.nii.gz	V1	1	1.7901965	1
PT030_OpenNeuro_ds003798_sub-044.nii.gz	V1	1	1.7901969	1
sub-305035849276.nii.gz	V1	1	1.7903196	1
sub-850124173358.nii.gz	V1	1	1.7903252	1
sub-CC221220.nii.gz	V1	1	1.7903268	1
PT030_OpenNeuro_ds003763_sub-35.nii.gz	V1	1	1.7903297	1
sub-140076989326.nii.gz	V1	1	1.7903448	1
sub-386384203868.nii.gz	V1	1	1.7904116	1
sub-CC120347.nii.gz	V1	1	1.7904516	1
sub-127621480063.nii.gz	V1	1	1.79049	1
sub-284467484968.nii.gz	V1	1	1.7905674	1
sub-CC120470.nii.gz	V1	1	1.7905688	1
sub-849439788219.nii.gz	V1	1	1.7906057	1
sub-1451_ses-wave2.nii.gz	V1	1	1.7906506	1
sub-511948912967.nii.gz	V1	1	1.7907892	1
PT030_OpenNeuro_ds004697_sub-48.nii.gz	V1	1	1.7907984	1
PT030_OpenNeuro_ds005588_sub-36.nii.gz	V1	1	1.7908131	1
PT030_OpenNeuro_ds002236_sub-87.nii.gz	V1	1	1.7908295	1
PT030_OpenNeuro_ds004169_sub-0050.nii.gz	V1	1	1.7909298	1
sub-864417281787.nii.gz	V1	1	1.7909487	1
PT030_OpenNeuro_ds004697_sub-50.nii.gz	V1	1	1.7909718	1
sub-826102254940.nii.gz	V1	1	1.7910994	1
sub-CC310214.nii.gz	V1	1	1.7911268	1
sub-172054310094.nii.gz	V1	1	1.7911733	1
PT030_OpenNeuro_ds004718_sub-31.nii.gz	V1	1	1.7912136	1
PT012_CHBMP_sub-108.nii.gz	V1	1	1.7912259	1
sub-844284773354.nii.gz	V1	1	1.7912709	1
sub-379235878547.nii.gz	V1	1	1.791327	1
sub-473893612384.nii.gz	V1	1	1.7913529	1
sub-942090196392.nii.gz	V1	1	1.7914181	1
PT030_OpenNeuro_ds004697_sub-84.nii.gz	V1	1	1.7914697	1
sub-669071917132.nii.gz	V1	1	1.7915083	1
sub-720232681928.nii.gz	V1	1	1.7915429	1
sub-390696380218.nii.gz	V1	1	1.7915775	1
sub-770752645310.nii.gz	V1	1	1.7917545	1
PT012_CHBMP_sub-102.nii.gz	V1	1	1.7917695	1
PT012_CHBMP_sub-101.nii.gz	V1	1	1.7918016	1
sub-620257630539.nii.gz	V1	1	1.7918513	1
RRIB_sub-030.nii.gz	V1	1	1.7918991	1
sub-760422023808.nii.gz	V1	1	1.7919247	1
sub-841148850958.nii.gz	V1	1	1.7919837	1
sub-CC220223.nii.gz	V1	1	1.7920254	1
PT030_OpenNeuro_ds000228_sub-087.nii.gz	V1	1	1.7920758	1
PT012_CHBMP_sub-130.nii.gz	V1	1	1.7920864	1
sub-842826176759.nii.gz	V1	1	1.7920947	1
sub-CC410015.nii.gz	V1	1	1.7921054	1
sub-CC310473.nii.gz	V1	1	1.7921184	1
sub-926583949527.nii.gz	V1	1	1.7921622	1
sub-996716777224.nii.gz	V1	1	1.7921723	1
PT012_CHBMP_sub-138.nii.gz	V1	1	1.7921762	1
sub-670439921796.nii.gz	V1	1	1.7922227	1
PT030_OpenNeuro_ds003798_sub-072.nii.gz	V1	1	1.7922251	1
PT030_OpenNeuro_ds003814_sub-01.nii.gz	V1	1	1.7922353	1
sub-CC210314.nii.gz	V1	1	1.7922384	1
PT030_OpenNeuro_ds003798_sub-055.nii.gz	V1	1	1.7922385	1
sub-CC220506.nii.gz	V1	1	1.7922678	1
sub-387984296108.nii.gz	V1	1	1.7922709	1
sub-318523911068.nii.gz	V1	1	1.7923089	1
PT030_OpenNeuro_ds004169_sub-1012.nii.gz	V1	1	1.7923137	1
sub-CC221324.nii.gz	V1	1	1.7925264	1
sub-389561985623.nii.gz	V1	1	1.7925751	1
sub-117310191719.nii.gz	V1	1	1.7925932	1
PT030_OpenNeuro_ds004746_sub-074.nii.gz	V1	1	1.7926177	1
sub-640887142993.nii.gz	V1	1	1.7926185	1
sub-823314386412.nii.gz	V1	1	1.7926487	1
PT030_OpenNeuro_ds003798_sub-070.nii.gz	V1	1	1.7927119	1
sub-903102643483.nii.gz	V1	1	1.7927771	1
RRIB_sub-021.nii.gz	V1	1	1.7929103	1
sub-833785451044.nii.gz	V1	1	1.7929299	1
sub-CC222956.nii.gz	V1	1	1.7931147	1
sub-608679778524.nii.gz	V1	1	1.7931265	1
sub-733900295883.nii.gz	V1	1	1.7931355	1
sub-763328690129.nii.gz	V1	1	1.793158	1
PT030_OpenNeuro_ds004169_sub-0053.nii.gz	V1	1	1.7931634	1
sub-809505482452.nii.gz	V1	1	1.7931645	1
sub-870097433973.nii.gz	V1	1	1.7931818	1
sub-854122998143.nii.gz	V1	1	1.7931831	1
PT012_CHBMP_sub-125.nii.gz	V1	1	1.793186	1
sub-896362723142.nii.gz	V1	1	1.7932571	1
RRIB_sub-127.nii.gz	V1	1	1.7932771	1
sub-954752152568.nii.gz	V1	1	1.7932823	1
PT030_OpenNeuro_ds004697_sub-53.nii.gz	V1	1	1.7933234	1
sub-635915234969.nii.gz	V1	1	1.793387	1
sub-592480598244.nii.gz	V1	1	1.7934229	1
sub-634620596226.nii.gz	V1	1	1.793514	1
RRIB_sub-039.nii.gz	V1	1	1.7935606	1
sub-164706887004.nii.gz	V1	1	1.7935714	1
sub-802325946883.nii.gz	V1	1	1.7935905	1
PT012_CHBMP_sub-043.nii.gz	V1	1	1.7936239	1
PT034_Wayne_sub-101.nii.gz	V1	1	1.7936444	1
PT030_OpenNeuro_ds004169_sub-1189.nii.gz	V1	1	1.7936548	1
PT030_OpenNeuro_ds000256_sub-06.nii.gz	V1	1	1.7937098	1
sub-ON98018.nii.gz	V1	1	1.7937387	1
sub-238342161910.nii.gz	V1	1	1.7937431	1
PT030_OpenNeuro_ds004697_sub-81.nii.gz	V1	1	1.7937584	1
sub-749604837374.nii.gz	V1	1	1.7937629	1
PT030_OpenNeuro_ds000228_sub-108.nii.gz	V1	1	1.7938412	1
sub-421334775387.nii.gz	V1	1	1.7938416	1
sub-178794433937.nii.gz	V1	1	1.7938966	1
sub-529610647368.nii.gz	V1	1	1.7939186	1
sub-795872008215.nii.gz	V1	1	1.7939336	1
PT030_OpenNeuro_ds004169_sub-1123.nii.gz	V1	1	1.7939725	1
RRIB_sub-106.nii.gz	V1	1	1.7939802	1
sub-648086716299.nii.gz	V1	1	1.7941017	1
sub-609017504616.nii.gz	V1	1	1.7941188	1
sub-146945452536.nii.gz	V1	1	1.7941204	1
PT030_OpenNeuro_ds004169_sub-1141.nii.gz	V1	1	1.7941926	1
sub-144197550366.nii.gz	V1	1	1.7942238	1
sub-700501332403.nii.gz	V1	1	1.7942264	1
sub-CC120276.nii.gz	V1	1	1.794241	1
PT030_OpenNeuro_ds001894_sub-071.nii.gz	V1	1	1.7942733	1
sub-427954163702.nii.gz	V1	1	1.7943351	1
PT030_OpenNeuro_ds000256_sub-09.nii.gz	V1	1	1.7943963	1
sub-759854468123.nii.gz	V1	1	1.7945318	1
sub-251630004450.nii.gz	V1	1	1.7945478	1
sub-CC310203.nii.gz	V1	1	1.7946882	1
sub-100536464191.nii.gz	V1	1	1.7950917	1
sub-646866546911.nii.gz	V1	1	1.7951136	1
sub-CC221595.nii.gz	V1	1	1.7951524	1
sub-901004563315.nii.gz	V1	1	1.7952036	1
sub-364919385720.nii.gz	V1	1	1.7952433	1
sub-1022_ses-wave2.nii.gz	V1	1	1.795245	1
sub-CC122620.nii.gz	V1	1	1.7952745	1
sub-999184404925.nii.gz	V1	1	1.7952756	1
sub-883718570961.nii.gz	V1	1	1.7952914	1
sub-295195227102.nii.gz	V1	1	1.7953182	1
PT030_OpenNeuro_ds004173_sub-117.nii.gz	V1	1	1.7953928	1
sub-960401383220.nii.gz	V1	1	1.7954433	1
sub-778601443703.nii.gz	V1	1	1.7954652	1
PT030_OpenNeuro_ds004783_sub-07.nii.gz	V1	1	1.7954822	1
sub-786210585416.nii.gz	V1	1	1.7955366	1
sub-480242224316.nii.gz	V1	1	1.7955406	1
sub-CC312222.nii.gz	V1	1	1.7955412	1
PT030_OpenNeuro_ds000256_sub-11.nii.gz	V1	1	1.7956142	1
sub-135700393345.nii.gz	V1	1	1.7956413	1
sub-168789437246.nii.gz	V1	1	1.7956576	1
PT030_OpenNeuro_ds002330_sub-25.nii.gz	V1	1	1.7956891	1
sub-CC220132.nii.gz	V1	1	1.7957075	1
sub-703926084547.nii.gz	V1	1	1.7957604	1
sub-971324477087.nii.gz	V1	1	1.7957911	1
sub-CC320661.nii.gz	V1	1	1.7958025	1
sub-408240315301.nii.gz	V1	1	1.7958081	1
sub-692024859380.nii.gz	V1	1	1.7958469	1
sub-358063655154.nii.gz	V1	1	1.7959126	1
RRIB_sub-002.nii.gz	V1	1	1.7959234	1
sub-987608448432.nii.gz	V1	1	1.7959785	1
PT030_OpenNeuro_ds004169_sub-1154.nii.gz	V1	1	1.7960668	1
sub-CC321976.nii.gz	V1	1	1.796068	1
sub-848559622345.nii.gz	V1	1	1.7961141	1
sub-148237622396.nii.gz	V1	1	1.7961261	1
sub-790734373738.nii.gz	V1	1	1.7961864	1
sub-CC121158.nii.gz	V1	1	1.7962515	1
RRIB_sub-093.nii.gz	V1	1	1.796335	1
RRIB_sub-032.nii.gz	V1	1	1.7963709	1
sub-419439734818.nii.gz	V1	1	1.7963958	1
PT030_OpenNeuro_ds004718_sub-47.nii.gz	V1	1	1.7964125	1
sub-160619551339.nii.gz	V1	1	1.796452	1
sub-787417420604.nii.gz	V1	1	1.7966373	1
PT030_OpenNeuro_ds004169_sub-1197.nii.gz	V1	1	1.7966486	1
sub-CC120816.nii.gz	V1	1	1.79667	1
sub-238515208525.nii.gz	V1	1	1.796947	1
PT030_OpenNeuro_ds000203_sub-11.nii.gz	V1	1	1.7969756	1
sub-798608728848.nii.gz	V1	1	1.7970067	1
sub-844502343291.nii.gz	V1	1	1.7970376	1
PT034_Wayne_sub-002.nii.gz	V1	1	1.7970418	1
sub-146447578450.nii.gz	V1	1	1.7970428	1
sub-CC221038.nii.gz	V1	1	1.7970734	1
sub-798096935468.nii.gz	V1	1	1.7970804	1
sub-769744298197.nii.gz	V1	1	1.7971538	1
PT012_CHBMP_sub-128.nii.gz	V1	1	1.7971712	1
PT030_OpenNeuro_ds000236_sub-10.nii.gz	V1	1	1.7972833	1
sub-CC321594.nii.gz	V1	1	1.7974497	1
sub-CC510433.nii.gz	V1	1	1.7974622	1
PT034_Wayne_sub-031.nii.gz	V1	1	1.797521	1
PT034_Wayne_sub-037.nii.gz	V1	1	1.7975457	1
sub-CC120550.nii.gz	V1	1	1.7975866	1
PT030_OpenNeuro_ds000236_sub-04.nii.gz	V1	1	1.7976238	1
RRIB_sub-051.nii.gz	V1	1	1.7976881	1
sub-417115302125.nii.gz	V1	1	1.7977079	1
PT030_OpenNeuro_ds001371_sub-35.nii.gz	V1	1	1.797738	1
sub-808039124835.nii.gz	V1	1	1.7977622	1
PT030_OpenNeuro_ds004169_sub-1091.nii.gz	V1	1	1.7977678	1
RRIB_sub-092.nii.gz	V1	1	1.7978354	1
sub-CC310086.nii.gz	V1	1	1.797836	1
sub-CC410220.nii.gz	V1	1	1.7978396	1
PT030_OpenNeuro_ds004169_sub-1064.nii.gz	V1	1	1.7979484	1
sub-CC320160.nii.gz	V1	1	1.7980077	1
PT030_OpenNeuro_ds003798_sub-064.nii.gz	V1	1	1.7980174	1
sub-779173736338.nii.gz	V1	1	1.7980874	1
PT012_CHBMP_sub-135.nii.gz	V1	1	1.7981098	1
sub-247003464078.nii.gz	V1	1	1.7981489	1
PT030_OpenNeuro_ds004697_sub-80.nii.gz	V1	1	1.7981601	1
PT030_OpenNeuro_ds002382_sub-21.nii.gz	V1	1	1.7981914	1
sub-914890277815.nii.gz	V1	1	1.7981946	1
sub-329566651189.nii.gz	V1	1	1.7982556	1
sub-975176498961.nii.gz	V1	1	1.7982966	1
RRIB_sub-035.nii.gz	V1	1	1.7983152	1
sub-961821439571.nii.gz	V1	1	1.7984302	1
sub-CC210422.nii.gz	V1	1	1.7984413	1
sub-CC220352.nii.gz	V1	1	1.7984589	1
PT030_OpenNeuro_ds003763_sub-23.nii.gz	V1	1	1.7985324	1
sub-249349570195.nii.gz	V1	1	1.7985477	1
sub-CC121397.nii.gz	V1	1	1.798571	1
RRIB_sub-157.nii.gz	V1	1	1.7986218	1
sub-314632035565.nii.gz	V1	1	1.7987067	1
PT030_OpenNeuro_ds004169_sub-1106.nii.gz	V1	1	1.7987396	1
sub-245235309359.nii.gz	V1	1	1.7987759	1
RRIB_sub-154.nii.gz	V1	1	1.7987957	1
sub-106422294651.nii.gz	V1	1	1.7988154	1
sub-473649162520.nii.gz	V1	1	1.7988383	1
sub-238305757701.nii.gz	V1	1	1.7988936	1
sub-471135465411.nii.gz	V1	1	1.7989203	1
sub-796344361436.nii.gz	V1	1	1.7989246	1
sub-751210099375.nii.gz	V1	1	1.7989864	1
sub-785605129869.nii.gz	V1	1	1.7990218	1
PT034_Wayne_sub-075.nii.gz	V1	1	1.7990338	1
sub-266307733456.nii.gz	V1	1	1.7990386	1
sub-972664409918.nii.gz	V1	1	1.7990444	1
sub-994654658122.nii.gz	V1	1	1.7990696	1
PT030_OpenNeuro_ds003798_sub-074.nii.gz	V1	1	1.7991723	1
sub-CC310008.nii.gz	V1	1	1.799219	1
sub-886636260175.nii.gz	V1	1	1.7992213	1
sub-161819845928.nii.gz	V1	1	1.7992755	1
sub-645692300786.nii.gz	V1	1	1.7993102	1
sub-711810000233.nii.gz	V1	1	1.7994809	1
PT012_CHBMP_sub-105.nii.gz	V1	1	1.7995018	1
sub-813722797580.nii.gz	V1	1	1.7995253	1
PT030_OpenNeuro_ds002236_sub-70.nii.gz	V1	1	1.7995391	1
sub-295818217348.nii.gz	V1	1	1.7995454	1
PT033_WAND_sub-144.nii.gz	V1	1	1.7995605	1
sub-914185919173.nii.gz	V1	1	1.7995615	1
sub-154926948330.nii.gz	V1	1	1.7996157	1
PT030_OpenNeuro_ds004718_sub-12.nii.gz	V1	1	1.7996202	1
RRIB_sub-156.nii.gz	V1	1	1.7996904	1
sub-175857403422.nii.gz	V1	1	1.7997395	1
PT030_OpenNeuro_ds000236_sub-01.nii.gz	V1	1	1.7997496	1
sub-851847771111.nii.gz	V1	1	1.7998368	1
PT030_OpenNeuro_ds000228_sub-057.nii.gz	V1	1	1.7998427	1
sub-705166047617.nii.gz	V1	1	1.799885	1
sub-349851138030.nii.gz	V1	1	1.799941	1
sub-811547022329.nii.gz	V1	1	1.7999631	1
sub-449523109612.nii.gz	V1	1	1.8003839	1
sub-798827199180.nii.gz	V1	1	1.8003881	1
PT030_OpenNeuro_ds003787_sub-37.nii.gz	V1	1	1.8004107	1
PT012_CHBMP_sub-072.nii.gz	V1	1	1.8004134	1
PT030_OpenNeuro_ds004169_sub-1194.nii.gz	V1	1	1.8004497	1
sub-CC220806.nii.gz	V1	1	1.8004587	1
RRIB_sub-082.nii.gz	V1	1	1.8004941	1
sub-629066084898.nii.gz	V1	1	1.8005028	1
sub-CC121479.nii.gz	V1	1	1.800558	1
sub-155433706397.nii.gz	V1	1	1.800566	1
RRIB_sub-016.nii.gz	V1	1	1.8006648	1
PT030_OpenNeuro_ds003787_sub-11.nii.gz	V1	1	1.8006746	1
sub-260062396891.nii.gz	V1	1	1.8006912	1
PT030_OpenNeuro_ds004697_sub-32.nii.gz	V1	1	1.8006918	1
PT012_CHBMP_sub-037.nii.gz	V1	1	1.8008207	1
PT030_OpenNeuro_ds000228_sub-101.nii.gz	V1	1	1.8011273	1
sub-CC220920.nii.gz	V1	1	1.8012007	1
sub-CC320429.nii.gz	V1	1	1.8012099	1
sub-CC321506.nii.gz	V1	1	1.801366	1
sub-CC221580.nii.gz	V1	1	1.8013752	1
PT030_OpenNeuro_ds004783_sub-03.nii.gz	V1	1	1.801514	1
sub-507959688959.nii.gz	V1	1	1.8015196	1
PT030_OpenNeuro_ds004697_sub-79.nii.gz	V1	1	1.8015257	1
sub-189547516532.nii.gz	V1	1	1.8017056	1
sub-698477815272.nii.gz	V1	1	1.8017485	1
PT030_OpenNeuro_ds004169_sub-1084.nii.gz	V1	1	1.8017669	1
sub-CC320574.nii.gz	V1	1	1.8017992	1
sub-256511281689.nii.gz	V1	1	1.8018159	1
sub-CC321544.nii.gz	V1	1	1.8018614	1
PT036_Yale_HighRes_sub-102.nii.gz	V1	1	1.8018787	1
sub-890940320423.nii.gz	V1	1	1.8018802	1
sub-CC310397.nii.gz	V1	1	1.8019589	1
sub-646517610067.nii.gz	V1	1	1.8019978	1
sub-791237244812.nii.gz	V1	1	1.8020487	1
RRIB_sub-027.nii.gz	V1	1	1.802053	1
sub-745910997827.nii.gz	V1	1	1.8020626	1
PT030_OpenNeuro_ds002236_sub-43.nii.gz	V1	1	1.8022442	1
sub-752781093429.nii.gz	V1	1	1.8022538	1
sub-693063068070.nii.gz	V1	1	1.8022834	1
sub-869807719337.nii.gz	V1	1	1.8023059	1
PT030_OpenNeuro_ds000140_sub-20.nii.gz	V1	1	1.8024086	1
sub-952776637852.nii.gz	V1	1	1.8024733	1
sub-989135354262.nii.gz	V1	1	1.8028321	1
RRIB_sub-086.nii.gz	V1	1	1.8028727	1
sub-673884038980.nii.gz	V1	1	1.8030001	1
sub-CC410091.nii.gz	V1	1	1.803025	1
sub-788524139489.nii.gz	V1	1	1.8031304	1
PT030_OpenNeuro_ds004697_sub-44.nii.gz	V1	1	1.803138	1
PT030_OpenNeuro_ds002336_sub-04.nii.gz	V1	1	1.8031384	1
RRIB_sub-089.nii.gz	V1	1	1.8032217	1
PT030_OpenNeuro_ds004697_sub-71.nii.gz	V1	1	1.8033468	1
sub-659879157552.nii.gz	V1	1	1.8034132	1
PT030_OpenNeuro_ds003763_sub-21.nii.gz	V1	1	1.8034506	1
sub-134583532509.nii.gz	V1	1	1.8034582	1
sub-983539557734.nii.gz	V1	1	1.8034724	1
sub-636476690612.nii.gz	V1	1	1.8034825	1
sub-241645046959.nii.gz	V1	1	1.8035061	1
sub-987949390718.nii.gz	V1	1	1.8035856	1
sub-348791915798.nii.gz	V1	1	1.8036041	1
sub-476225261644.nii.gz	V1	1	1.8036478	1
PT012_CHBMP_sub-014.nii.gz	V1	1	1.8036711	1
PT030_OpenNeuro_ds004718_sub-13.nii.gz	V1	1	1.8037621	1
PT030_OpenNeuro_ds002236_sub-91.nii.gz	V1	1	1.803763	1
sub-419207025644.nii.gz	V1	1	1.8037862	1
sub-CC320297.nii.gz	V1	1	1.8038155	1
sub-CC320687.nii.gz	V1	1	1.8038687	1
PT012_CHBMP_sub-035.nii.gz	V1	1	1.8039428	1
sub-758975121093.nii.gz	V1	1	1.8040038	1
PT030_OpenNeuro_ds003798_sub-043.nii.gz	V1	1	1.804027	1
sub-238860242118.nii.gz	V1	1	1.804094	1
sub-149522007327.nii.gz	V1	1	1.8041396	1
PT012_CHBMP_sub-040.nii.gz	V1	1	1.8041513	1
PT030_OpenNeuro_ds004169_sub-1088.nii.gz	V1	1	1.8042033	1
PT030_OpenNeuro_ds003787_sub-40.nii.gz	V1	1	1.8044156	1
PT034_Wayne_sub-020.nii.gz	V1	1	1.8044382	1
sub-CC220567.nii.gz	V1	1	1.8044764	1
PT030_OpenNeuro_ds003452_sub-11.nii.gz	V1	1	1.8045688	1
PT030_OpenNeuro_ds003465_sub-45.nii.gz	V1	1	1.8045688	1
sub-906156735518.nii.gz	V1	1	1.8047191	1
sub-645813010404.nii.gz	V1	1	1.804737	1
sub-481053960161.nii.gz	V1	1	1.8047442	1
PT030_OpenNeuro_ds004169_sub-0051.nii.gz	V1	1	1.8048238	1
sub-361497480263.nii.gz	V1	1	1.8048415	1
PT030_OpenNeuro_ds002330_sub-51.nii.gz	V1	1	1.8048441	1
PT030_OpenNeuro_ds000228_sub-109.nii.gz	V1	1	1.8048475	1
sub-315766466513.nii.gz	V1	1	1.8049413	1
sub-824016129369.nii.gz	V1	1	1.804959	1
PT030_OpenNeuro_ds004169_sub-1094.nii.gz	V1	1	1.8049765	1
PT030_OpenNeuro_ds003772_sub-10.nii.gz	V1	1	1.8051242	1
sub-832192965978.nii.gz	V1	1	1.8052104	1
sub-974114228993.nii.gz	V1	1	1.805319	1
PT034_Wayne_sub-111.nii.gz	V1	1	1.8053287	1
sub-CC320686.nii.gz	V1	1	1.805429	1
PT030_OpenNeuro_ds004697_sub-78.nii.gz	V1	1	1.8054631	1
RRIB_sub-074.nii.gz	V1	1	1.8054754	1
sub-265685893940.nii.gz	V1	1	1.8055277	1
sub-648813490696.nii.gz	V1	1	1.8055406	1
sub-306640245722.nii.gz	V1	1	1.8055546	1
sub-CC221054.nii.gz	V1	1	1.805672	1
sub-824258100265.nii.gz	V1	1	1.8057892	1
sub-997577988986.nii.gz	V1	1	1.8058065	1
sub-839144886493.nii.gz	V1	1	1.8058159	1
sub-493548099048.nii.gz	V1	1	1.80583	1
sub-172422521939.nii.gz	V1	1	1.8058372	1
sub-369885949666.nii.gz	V1	1	1.8059914	1
PT030_OpenNeuro_ds004795_sub-006.nii.gz	V1	1	1.8060519	1
sub-CC120234.nii.gz	V1	1	1.8060768	1
sub-471390842283.nii.gz	V1	1	1.8060794	1
sub-CC410325.nii.gz	V1	1	1.8062675	1
sub-650193008460.nii.gz	V1	1	1.8063068	1
PT034_Wayne_sub-055.nii.gz	V1	1	1.806373	1
sub-694112100550.nii.gz	V1	1	1.8063968	1
PT030_OpenNeuro_ds003404_sub-08.nii.gz	V1	1	1.8064938	1
PT030_OpenNeuro_ds002236_sub-83.nii.gz	V1	1	1.8064954	1
sub-241848871771.nii.gz	V1	1	1.8065679	1
PT030_OpenNeuro_ds003763_sub-12.nii.gz	V1	1	1.8066813	1
sub-395668270984.nii.gz	V1	1	1.8067713	1
sub-CC320002.nii.gz	V1	1	1.8067842	1
sub-377530347743.nii.gz	V1	1	1.8069586	1
sub-CC321025.nii.gz	V1	1	1.806967	1
PT030_OpenNeuro_ds004718_sub-19.nii.gz	V1	1	1.8070343	1
sub-CC221648.nii.gz	V1	1	1.8073393	1
sub-CC320759.nii.gz	V1	1	1.8074425	1
sub-714049164247.nii.gz	V1	1	1.8075926	1
PT034_Wayne_sub-007.nii.gz	V1	1	1.8076419	1
PT030_OpenNeuro_ds004697_sub-49.nii.gz	V1	1	1.8077524	1
PT030_OpenNeuro_ds004169_sub-1144.nii.gz	V1	1	1.8077608	1
sub-CC320109.nii.gz	V1	1	1.807764	1
sub-CC220372.nii.gz	V1	1	1.8077766	1
PT036_Yale_HighRes_sub-017.nii.gz	V1	1	1.8077881	1
PT030_OpenNeuro_ds004697_sub-37.nii.gz	V1	1	1.8078051	1
PT030_OpenNeuro_ds003798_sub-003.nii.gz	V1	1	1.8080176	1
sub-664052311069.nii.gz	V1	1	1.8081243	1
PT030_OpenNeuro_ds002236_sub-49.nii.gz	V1	1	1.8081456	1
sub-CC310224.nii.gz	V1	1	1.8082198	1
PT030_OpenNeuro_ds000256_sub-16.nii.gz	V1	1	1.8083074	1
PT030_OpenNeuro_ds000203_sub-25.nii.gz	V1	1	1.8083081	1
PT030_OpenNeuro_ds004783_sub-21.nii.gz	V1	1	1.8084837	1
PT030_OpenNeuro_ds000119_sub-09.nii.gz	V1	1	1.80871	1
PT030_OpenNeuro_ds004169_sub-0046.nii.gz	V1	1	1.8087386	1
sub-365929187605.nii.gz	V1	1	1.8087406	1
RRIB_sub-146.nii.gz	V1	1	1.8089167	1
PT034_Wayne_sub-025.nii.gz	V1	1	1.8089259	1
PT030_OpenNeuro_ds003787_sub-08.nii.gz	V1	1	1.808941	1
sub-742020470746.nii.gz	V1	1	1.8089746	1
PT030_OpenNeuro_ds004169_sub-1168.nii.gz	V1	1	1.8089821	1
PT030_OpenNeuro_ds003763_sub-30.nii.gz	V1	1	1.8090141	1
PT030_OpenNeuro_ds003763_sub-40.nii.gz	V1	1	1.8090262	1
RRIB_sub-147.nii.gz	V1	1	1.8090385	1
PT030_OpenNeuro_ds004169_sub-0203.nii.gz	V1	1	1.8090458	1
sub-981286493399.nii.gz	V1	1	1.8090925	1
PT030_OpenNeuro_ds004697_sub-33.nii.gz	V1	1	1.8093104	1
sub-772653333590.nii.gz	V1	1	1.8094021	1
sub-CC320575.nii.gz	V1	1	1.8094808	1
PT030_OpenNeuro_ds002336_sub-06.nii.gz	V1	1	1.8095247	1
sub-739389914455.nii.gz	V1	1	1.8096765	1
sub-CC220610.nii.gz	V1	1	1.8097067	1
PT030_OpenNeuro_ds004169_sub-1071.nii.gz	V1	1	1.8097135	1
sub-995156278869.nii.gz	V1	1	1.8097376	1
RRIB_sub-083.nii.gz	V1	1	1.8100125	1
sub-912891258738.nii.gz	V1	1	1.8100454	1
PT030_OpenNeuro_ds003763_sub-32.nii.gz	V1	1	1.8100603	1
PT030_OpenNeuro_ds004697_sub-59.nii.gz	V1	1	1.8100729	1
RRIB_sub-158.nii.gz	V1	1	1.8101449	1
PT030_OpenNeuro_ds004169_sub-1139.nii.gz	V1	1	1.8101796	1
PT030_OpenNeuro_ds004169_sub-1157.nii.gz	V1	1	1.8102896	1
sub-835540494601.nii.gz	V1	1	1.8104997	1
sub-760927711967.nii.gz	V1	1	1.8105394	1
PT030_OpenNeuro_ds004169_sub-1070.nii.gz	V1	1	1.8105459	1
RRIB_sub-081.nii.gz	V1	1	1.8105917	1
PT030_OpenNeuro_ds002250_sub-06.nii.gz	V1	1	1.8106261	1
sub-966847586845.nii.gz	V1	1	1.8106275	1
RRIB_sub-098.nii.gz	V1	1	1.8106378	1
sub-234209927416.nii.gz	V1	1	1.8107327	1
PT034_Wayne_sub-032.nii.gz	V1	1	1.8107619	1
PT030_OpenNeuro_ds004169_sub-0066.nii.gz	V1	1	1.8107706	1
sub-CC320850.nii.gz	V1	1	1.8108832	1
PT030_OpenNeuro_ds002236_sub-27.nii.gz	V1	1	1.8109052	1
RRIB_sub-072.nii.gz	V1	1	1.8109435	1
PT030_OpenNeuro_ds002236_sub-52.nii.gz	V1	1	1.8110429	1
sub-CC220198.nii.gz	V1	1	1.8110893	1
sub-CC212153.nii.gz	V1	1	1.8111042	1
PT030_OpenNeuro_ds004169_sub-1129.nii.gz	V1	1	1.8111131	1
PT030_OpenNeuro_ds004169_sub-1133.nii.gz	V1	1	1.8112189	1
PT030_OpenNeuro_ds004169_sub-0097.nii.gz	V1	1	1.8113228	1
sub-CC210519.nii.gz	V1	1	1.8113886	1
RRIB_sub-078.nii.gz	V1	1	1.8114429	1
sub-892980852230.nii.gz	V1	1	1.8115841	1
sub-622381959459.nii.gz	V1	1	1.8116088	1
sub-841328675711.nii.gz	V1	1	1.811614	1
sub-144658033075.nii.gz	V1	1	1.8116441	1
PT030_OpenNeuro_ds004169_sub-1076.nii.gz	V1	1	1.8117309	1
PT030_OpenNeuro_ds000228_sub-025.nii.gz	V1	1	1.8117712	1
PT030_OpenNeuro_ds004746_sub-138.nii.gz	V1	1	1.8118771	1
sub-916402602255.nii.gz	V1	1	1.8120111	1
sub-CC320089.nii.gz	V1	1	1.8121754	1
sub-973488879665.nii.gz	V1	1	1.8122289	1
PT030_OpenNeuro_ds004783_sub-01.nii.gz	V1	1	1.812433	1
PT012_CHBMP_sub-017.nii.gz	V1	1	1.8124441	1
sub-889475973950.nii.gz	V1	1	1.8124647	1
sub-825991117035.nii.gz	V1	1	1.812498	1
PT030_OpenNeuro_ds003763_sub-03.nii.gz	V1	1	1.8125063	1
PT030_OpenNeuro_ds003763_sub-36.nii.gz	V1	1	1.8126608	1
sub-530817417732.nii.gz	V1	1	1.8127927	1
RRIB_sub-055.nii.gz	V1	1	1.8132268	1
PT030_OpenNeuro_ds004169_sub-1187.nii.gz	V1	1	1.8133038	1
sub-234544356705.nii.gz	V1	1	1.8133461	1
PT030_OpenNeuro_ds003798_sub-051.nii.gz	V1	1	1.8134049	1
sub-984212089358.nii.gz	V1	1	1.8134143	1
PT030_OpenNeuro_ds002330_sub-11.nii.gz	V1	1	1.8134806	1
PT030_OpenNeuro_ds004697_sub-68.nii.gz	V1	1	1.8135072	1
sub-742564189204.nii.gz	V1	1	1.8135487	1
sub-645780261271.nii.gz	V1	1	1.8135585	1
sub-975829508513.nii.gz	V1	1	1.8136077	1
PT030_OpenNeuro_ds004697_sub-58.nii.gz	V1	1	1.8136135	1
RRIB_sub-070.nii.gz	V1	1	1.8137219	1
sub-647719670521.nii.gz	V1	1	1.8137395	1
sub-475035850391.nii.gz	V1	1	1.8137443	1
sub-CC321585.nii.gz	V1	1	1.8137639	1
PT012_CHBMP_sub-082.nii.gz	V1	1	1.8138782	1
sub-CC121200.nii.gz	V1	1	1.8140829	1
PT030_OpenNeuro_ds004169_sub-1179.nii.gz	V1	1	1.814189	1
sub-CC410173.nii.gz	V1	1	1.8142351	1
sub-CC121428.nii.gz	V1	1	1.8142612	1
PT030_OpenNeuro_ds000140_sub-15.nii.gz	V1	1	1.8144479	1
sub-616983466582.nii.gz	V1	1	1.8145313	1
sub-986532015071.nii.gz	V1	1	1.8146063	1
PT030_OpenNeuro_ds003787_sub-43.nii.gz	V1	1	1.8146135	1
sub-242962705641.nii.gz	V1	1	1.8146636	1
PT030_OpenNeuro_ds003763_sub-24.nii.gz	V1	1	1.8146675	1
PT030_OpenNeuro_ds004169_sub-1074.nii.gz	V1	1	1.8147336	1
sub-238824792464.nii.gz	V1	1	1.814755	1
sub-CC120987.nii.gz	V1	1	1.8148367	1
sub-973270677867.nii.gz	V1	1	1.814889	1
sub-418508603690.nii.gz	V1	1	1.814955	1
sub-968573886024.nii.gz	V1	1	1.8149899	1
PT030_OpenNeuro_ds003798_sub-054.nii.gz	V1	1	1.8151767	1
PT030_OpenNeuro_ds004169_sub-1153.nii.gz	V1	1	1.8151989	1
PT030_OpenNeuro_ds004169_sub-0516.nii.gz	V1	1	1.8152167	1
sub-CC210088.nii.gz	V1	1	1.815476	1
sub-697452970135.nii.gz	V1	1	1.8155595	1
sub-CC310160.nii.gz	V1	1	1.8156306	1
PT030_OpenNeuro_ds004697_sub-67.nii.gz	V1	1	1.815638	1
sub-CC120727.nii.gz	V1	1	1.8156432	1
sub-CC320321.nii.gz	V1	1	1.8157833	1
PT030_OpenNeuro_ds004746_sub-389.nii.gz	V1	1	1.8159679	1
sub-239134718630.nii.gz	V1	1	1.8160454	1
sub-650124359274.nii.gz	V1	1	1.8161093	1
PT030_OpenNeuro_ds002236_sub-58.nii.gz	V1	1	1.8162163	1
sub-314392017666.nii.gz	V1	1	1.8162391	1
PT030_OpenNeuro_ds003787_sub-06.nii.gz	V1	1	1.816249	1
sub-645057554740.nii.gz	V1	1	1.816533	1
PT030_OpenNeuro_ds004169_sub-1145.nii.gz	V1	1	1.8166872	1
sub-CC320553.nii.gz	V1	1	1.8167361	1
PT030_OpenNeuro_ds004169_sub-1171.nii.gz	V1	1	1.8168672	1
sub-CC120286.nii.gz	V1	1	1.8170402	1
sub-CC221527.nii.gz	V1	1	1.817054	1
PT030_OpenNeuro_ds004746_sub-221.nii.gz	V1	1	1.8170824	1
PT030_OpenNeuro_ds002236_sub-81.nii.gz	V1	1	1.8171309	1
RRIB_sub-088.nii.gz	V1	1	1.8171313	1
sub-144960174539.nii.gz	V1	1	1.8171662	1
sub-240921511661.nii.gz	V1	1	1.817198	1
PT030_OpenNeuro_ds004169_sub-0057.nii.gz	V1	1	1.8173418	1
sub-970917164596.nii.gz	V1	1	1.8174286	1
sub-482977570138.nii.gz	V1	1	1.817433	1
sub-CC220518.nii.gz	V1	1	1.8174549	1
PT030_OpenNeuro_ds004169_sub-1149.nii.gz	V1	1	1.8174595	1
PT034_Wayne_sub-033.nii.gz	V1	1	1.8174697	1
PT030_OpenNeuro_ds002236_sub-50.nii.gz	V1	1	1.8175476	1
PT030_OpenNeuro_ds000203_sub-17.nii.gz	V1	1	1.8176545	1
PT030_OpenNeuro_ds004697_sub-35.nii.gz	V1	1	1.8178844	1
sub-970060398708.nii.gz	V1	1	1.8182226	1
PT030_OpenNeuro_ds000170_sub-07.nii.gz	V1	1	1.81833	1
sub-978611220179.nii.gz	V1	1	1.8183464	1
RRIB_sub-064.nii.gz	V1	1	1.8183563	1
sub-CC222185.nii.gz	V1	1	1.818423	1
PT034_Wayne_sub-056.nii.gz	V1	1	1.818454	1
RRIB_sub-023.nii.gz	V1	1	1.818713	1
PT030_OpenNeuro_ds004169_sub-0930.nii.gz	V1	1	1.8188434	1
PT030_OpenNeuro_ds003787_sub-15.nii.gz	V1	1	1.8189341	1
PT030_OpenNeuro_ds004697_sub-57.nii.gz	V1	1	1.8190714	1
sub-CC220519.nii.gz	V1	1	1.8190887	1
PT030_OpenNeuro_ds002330_sub-34.nii.gz	V1	1	1.8191458	1
sub-291992215520.nii.gz	V1	1	1.819233	1
RRIB_sub-080.nii.gz	V1	1	1.8192732	1
PT030_OpenNeuro_ds003787_sub-17.nii.gz	V1	1	1.8193722	1
sub-247404824122.nii.gz	V1	1	1.8194911	1
sub-749715302318.nii.gz	V1	1	1.8195128	1
PT030_OpenNeuro_ds000228_sub-022.nii.gz	V1	1	1.8195149	1
PT034_Wayne_sub-089.nii.gz	V1	1	1.8195825	1
PT030_OpenNeuro_ds000203_sub-21.nii.gz	V1	1	1.8196815	1
PT030_OpenNeuro_ds003763_sub-29.nii.gz	V1	1	1.819727	1
PT030_OpenNeuro_ds004697_sub-82.nii.gz	V1	1	1.8198607	1
PT030_OpenNeuro_ds004169_sub-1127.nii.gz	V1	1	1.8201131	1
PT030_OpenNeuro_ds003763_sub-05.nii.gz	V1	1	1.8201662	1
PT030_OpenNeuro_ds002330_sub-59.nii.gz	V1	1	1.8202357	1
PT030_OpenNeuro_ds000228_sub-061.nii.gz	V1	1	1.8203421	1
sub-691921149119.nii.gz	V1	1	1.8205392	1
PT030_OpenNeuro_ds003798_sub-060.nii.gz	V1	1	1.8209455	1
sub-642915495773.nii.gz	V1	1	1.8210571	1
PT030_OpenNeuro_ds004697_sub-75.nii.gz	V1	1	1.8210812	1
PT030_OpenNeuro_ds004169_sub-1110.nii.gz	V1	1	1.8211706	1
sub-973781454136.nii.gz	V1	1	1.8211981	1
PT034_Wayne_sub-016.nii.gz	V1	1	1.8213011	1
RRIB_sub-116.nii.gz	V1	1	1.821324	1
PT030_OpenNeuro_ds004169_sub-1135.nii.gz	V1	1	1.8213731	1
PT030_OpenNeuro_ds004169_sub-1101.nii.gz	V1	1	1.8213979	1
sub-CC120264.nii.gz	V1	1	1.8217793	1
RRIB_sub-150.nii.gz	V1	1	1.8218269	1
RRIB_sub-044.nii.gz	V1	1	1.8219284	1
PT012_CHBMP_sub-004.nii.gz	V1	1	1.8220077	1
PT034_Wayne_sub-078.nii.gz	V1	1	1.8220583	1
sub-980931195450.nii.gz	V1	1	1.8221314	1
PT030_OpenNeuro_ds002236_sub-57.nii.gz	V1	1	1.8221483	1
PT030_OpenNeuro_ds002330_sub-44.nii.gz	V1	1	1.8221678	1
PT030_OpenNeuro_ds004783_sub-14.nii.gz	V1	1	1.8222116	1
sub-CC310051.nii.gz	V1	1	1.8222136	1
PT030_OpenNeuro_ds004169_sub-1155.nii.gz	V1	1	1.8224236	1
PT030_OpenNeuro_ds003763_sub-26.nii.gz	V1	1	1.8224303	1
sub-CC220284.nii.gz	V1	1	1.8224823	1
PT030_OpenNeuro_ds000140_sub-24.nii.gz	V1	1	1.8226538	1
RRIB_sub-135.nii.gz	V1	1	1.8227686	1
sub-CC210051.nii.gz	V1	1	1.8228381	1
RRIB_sub-059.nii.gz	V1	1	1.8228506	1
PT030_OpenNeuro_ds004697_sub-39.nii.gz	V1	1	1.8228723	1
PT034_Wayne_sub-095.nii.gz	V1	1	1.8230672	1
PT030_OpenNeuro_ds004169_sub-1130.nii.gz	V1	1	1.8231622	1
PT030_OpenNeuro_ds003763_sub-01.nii.gz	V1	1	1.8232112	1
PT030_OpenNeuro_ds004697_sub-34.nii.gz	V1	1	1.8232596	1
RRIB_sub-129.nii.gz	V1	1	1.8232785	1
PT030_OpenNeuro_ds002236_sub-71.nii.gz	V1	1	1.8232802	1
sub-CC120166.nii.gz	V1	1	1.8232964	1
PT030_OpenNeuro_ds004746_sub-358.nii.gz	V1	1	1.8234574	1
PT030_OpenNeuro_ds002236_sub-39.nii.gz	V1	1	1.8235047	1
PT030_OpenNeuro_ds002236_sub-54.nii.gz	V1	1	1.8235433	1
PT030_OpenNeuro_ds003763_sub-17.nii.gz	V1	1	1.8237119	1
sub-CC121317.nii.gz	V1	1	1.8237226	1
PT034_Wayne_sub-008.nii.gz	V1	1	1.8238487	1
PT034_Wayne_sub-049.nii.gz	V1	1	1.8238629	1
sub-641778374478.nii.gz	V1	1	1.8239019	1
sub-153637972221.nii.gz	V1	1	1.8239524	1
PT030_OpenNeuro_ds004169_sub-1183.nii.gz	V1	1	1.823961	1
sub-886003620269.nii.gz	V1	1	1.8239992	1
PT030_OpenNeuro_ds004697_sub-36.nii.gz	V1	1	1.824417	1
PT030_OpenNeuro_ds004169_sub-1178.nii.gz	V1	1	1.8245703	1
PT030_OpenNeuro_ds003798_sub-028.nii.gz	V1	1	1.824603	1
PT034_Wayne_sub-009.nii.gz	V1	1	1.8246713	1
sub-153140806166.nii.gz	V1	1	1.8248501	1
sub-976941323987.nii.gz	V1	1	1.824887	1
RRIB_sub-029.nii.gz	V1	1	1.8250848	1
sub-988766407304.nii.gz	V1	1	1.8251551	1
PT030_OpenNeuro_ds004169_sub-1176.nii.gz	V1	1	1.8253728	1
PT030_OpenNeuro_ds004746_sub-302.nii.gz	V1	1	1.8254409	1
RRIB_sub-090.nii.gz	V1	1	1.8254732	1
PT030_OpenNeuro_ds003763_sub-18.nii.gz	V1	1	1.8255053	1
PT034_Wayne_sub-069.nii.gz	V1	1	1.8255798	1
sub-244867958007.nii.gz	V1	1	1.8257921	1
PT034_Wayne_sub-046.nii.gz	V1	1	1.8261667	1
PT034_Wayne_sub-042.nii.gz	V1	1	1.8265276	1
PT030_OpenNeuro_ds002330_sub-04.nii.gz	V1	1	1.8265642	1
PT030_OpenNeuro_ds000200_sub-11.nii.gz	V1	1	1.8266786	1
PT030_OpenNeuro_ds004169_sub-1200.nii.gz	V1	1	1.8266993	1
RRIB_sub-069.nii.gz	V1	1	1.8267082	1
PT030_OpenNeuro_ds000228_sub-028.nii.gz	V1	1	1.8267142	1
PT030_OpenNeuro_ds004169_sub-1116.nii.gz	V1	1	1.8267242	1
PT030_OpenNeuro_ds004169_sub-1085.nii.gz	V1	1	1.8270193	1
PT034_Wayne_sub-022.nii.gz	V1	1	1.827035	1
PT030_OpenNeuro_ds004169_sub-1125.nii.gz	V1	1	1.8270857	1
sub-796461524642.nii.gz	V1	1	1.8270983	1
PT030_OpenNeuro_ds000203_sub-20.nii.gz	V1	1	1.8273726	1
PT034_Wayne_sub-036.nii.gz	V1	1	1.8275567	1
PT030_OpenNeuro_ds000203_sub-10.nii.gz	V1	1	1.8276083	1
PT030_OpenNeuro_ds004169_sub-1163.nii.gz	V1	1	1.8276172	1
PT030_OpenNeuro_ds004169_sub-1151.nii.gz	V1	1	1.8277898	1
PT030_OpenNeuro_ds003763_sub-15.nii.gz	V1	1	1.8278108	1
PT030_OpenNeuro_ds002236_sub-40.nii.gz	V1	1	1.8279209	1
sub-635354190905.nii.gz	V1	1	1.8279425	1
PT030_OpenNeuro_ds002330_sub-45.nii.gz	V1	1	1.8280748	1
PT034_Wayne_sub-035.nii.gz	V1	1	1.8281391	1
RRIB_sub-052.nii.gz	V1	1	1.828267	1
PT034_Wayne_sub-052.nii.gz	V1	1	1.8283303	1
PT034_Wayne_sub-003.nii.gz	V1	1	1.8283561	1
PT030_OpenNeuro_ds000203_sub-09.nii.gz	V1	1	1.8284658	1
PT030_OpenNeuro_ds003763_sub-07.nii.gz	V1	1	1.8285096	1
sub-790692389068.nii.gz	V1	1	1.8285336	1
sub-904963069377.nii.gz	V1	1	1.828541	1
sub-243251639637.nii.gz	V1	1	1.8287041	1
RRIB_sub-067.nii.gz	V1	1	1.8288264	1
PT030_OpenNeuro_ds004169_sub-1166.nii.gz	V1	1	1.8290515	1
sub-CC221352.nii.gz	V1	1	1.8291361	1
PT030_OpenNeuro_ds003787_sub-04.nii.gz	V1	1	1.8292575	1
PT030_OpenNeuro_ds002330_sub-39.nii.gz	V1	1	1.8292654	1
PT030_OpenNeuro_ds003798_sub-012.nii.gz	V1	1	1.8294153	1
PT030_OpenNeuro_ds002236_sub-32.nii.gz	V1	1	1.8294485	1
sub-CC220974.nii.gz	V1	1	1.8294947	1
PT030_OpenNeuro_ds002236_sub-26.nii.gz	V1	1	1.8296589	1
PT030_OpenNeuro_ds002236_sub-73.nii.gz	V1	1	1.8301209	1
PT030_OpenNeuro_ds000203_sub-22.nii.gz	V1	1	1.8302476	1
sub-790913183441.nii.gz	V1	1	1.8302572	1
sub-632446705337.nii.gz	V1	1	1.8302987	1
PT030_OpenNeuro_ds002236_sub-36.nii.gz	V1	1	1.8303313	1
PT030_OpenNeuro_ds004169_sub-1121.nii.gz	V1	1	1.8304566	1
RRIB_sub-079.nii.gz	V1	1	1.8305376	1
PT030_OpenNeuro_ds004697_sub-30.nii.gz	V1	1	1.8308493	1
PT030_OpenNeuro_ds004169_sub-1184.nii.gz	V1	1	1.8309593	1
RRIB_sub-005.nii.gz	V1	1	1.830963	1
sub-636479953124.nii.gz	V1	1	1.8311367	1
sub-CC120218.nii.gz	V1	1	1.8311552	1
PT030_OpenNeuro_ds002236_sub-53.nii.gz	V1	1	1.8311847	1
PT030_OpenNeuro_ds004169_sub-1090.nii.gz	V1	1	1.8312026	1
PT030_OpenNeuro_ds004169_sub-1134.nii.gz	V1	1	1.8312639	1
PT030_OpenNeuro_ds004169_sub-1170.nii.gz	V1	1	1.8318839	1
sub-CC220203.nii.gz	V1	1	1.8320127	1
PT030_OpenNeuro_ds000228_sub-065.nii.gz	V1	1	1.8320458	1
PT030_OpenNeuro_ds004783_sub-04.nii.gz	V1	1	1.832145	1
sub-CC210148.nii.gz	V1	1	1.8321869	1
PT030_OpenNeuro_ds004169_sub-1175.nii.gz	V1	1	1.8322427	1
PT030_OpenNeuro_ds004697_sub-31.nii.gz	V1	1	1.8322576	1
sub-642532666019.nii.gz	V1	1	1.8322791	1
PT030_OpenNeuro_ds004169_sub-1198.nii.gz	V1	1	1.8322831	1
sub-CC310414.nii.gz	V1	1	1.8323193	1
PT030_OpenNeuro_ds004697_sub-65.nii.gz	V1	1	1.8323654	1
PT030_OpenNeuro_ds000228_sub-097.nii.gz	V1	1	1.832803	1
RRIB_sub-091.nii.gz	V1	1	1.8341348	1
PT034_Wayne_sub-050.nii.gz	V1	1	1.834301	1
RRIB_sub-036.nii.gz	V1	1	1.8343294	1
PT030_OpenNeuro_ds004746_sub-331.nii.gz	V1	1	1.834432	1
sub-751188829255.nii.gz	V1	1	1.834631	1
PT030_OpenNeuro_ds000140_sub-05.nii.gz	V1	1	1.8348477	1
RRIB_sub-060.nii.gz	V1	1	1.8350581	1
PT030_OpenNeuro_ds003763_sub-38.nii.gz	V1	1	1.8351254	1
sub-CC310361.nii.gz	V1	1	1.8351526	1
PT030_OpenNeuro_ds003798_sub-081.nii.gz	V1	1	1.8352215	1
PT030_OpenNeuro_ds000203_sub-01.nii.gz	V1	1	1.8352509	1
PT030_OpenNeuro_ds002330_sub-06.nii.gz	V1	1	1.8353635	1
sub-CC310052.nii.gz	V1	1	1.8355472	1
PT030_OpenNeuro_ds003763_sub-09.nii.gz	V1	1	1.8355986	1
RRIB_sub-013.nii.gz	V1	1	1.8356453	1
PT030_OpenNeuro_ds000203_sub-06.nii.gz	V1	1	1.835754	1
PT030_OpenNeuro_ds004169_sub-1174.nii.gz	V1	1	1.8359811	1
PT030_OpenNeuro_ds002236_sub-38.nii.gz	V1	1	1.8362033	1
PT030_OpenNeuro_ds000121_sub-13.nii.gz	V1	1	1.8363565	1
PT030_OpenNeuro_ds003763_sub-19.nii.gz	V1	1	1.8365047	1
PT030_OpenNeuro_ds002236_sub-78.nii.gz	V1	1	1.8366926	1
sub-632805927477.nii.gz	V1	1	1.8369093	1
PT030_OpenNeuro_ds004783_sub-16.nii.gz	V1	1	1.8370587	1
PT030_OpenNeuro_ds000200_sub-02.nii.gz	V1	1	1.8372414	1
PT030_OpenNeuro_ds004169_sub-1173.nii.gz	V1	1	1.8373152	1
PT030_OpenNeuro_ds004697_sub-70.nii.gz	V1	1	1.837632	1
PT030_OpenNeuro_ds002236_sub-65.nii.gz	V1	1	1.837683	1
RRIB_sub-033.nii.gz	V1	1	1.8377079	1
PT030_OpenNeuro_ds002236_sub-72.nii.gz	V1	1	1.8377187	1
PT030_OpenNeuro_ds002236_sub-84.nii.gz	V1	1	1.8379227	1
PT030_OpenNeuro_ds004169_sub-1120.nii.gz	V1	1	1.8379986	1
PT030_OpenNeuro_ds004697_sub-54.nii.gz	V1	1	1.8383919	1
PT034_Wayne_sub-061.nii.gz	V1	1	1.8385898	1
PT030_OpenNeuro_ds004169_sub-1118.nii.gz	V1	1	1.8387291	1
PT030_OpenNeuro_ds002236_sub-31.nii.gz	V1	1	1.8389428	1
PT030_OpenNeuro_ds003798_sub-082.nii.gz	V1	1	1.8390652	1
sub-244687579716.nii.gz	V1	1	1.8391519	1
PT030_OpenNeuro_ds004169_sub-1180.nii.gz	V1	1	1.8394002	1
RRIB_sub-061.nii.gz	V1	1	1.8396811	1
PT030_OpenNeuro_ds000228_sub-074.nii.gz	V1	1	1.8397737	1
RRIB_sub-050.nii.gz	V1	1	1.839882	1
RRIB_sub-043.nii.gz	V1	1	1.8399217	1
RRIB_sub-056.nii.gz	V1	1	1.8401005	1
PT030_OpenNeuro_ds004169_sub-1136.nii.gz	V1	1	1.8403735	1
PT030_OpenNeuro_ds002250_sub-20.nii.gz	V1	1	1.8404967	1
PT030_OpenNeuro_ds002236_sub-76.nii.gz	V1	1	1.8406062	1
sub-CC120123.nii.gz	V1	1	1.8406972	1
PT030_OpenNeuro_ds004169_sub-1167.nii.gz	V1	1	1.8411301	1
PT030_OpenNeuro_ds004746_sub-013.nii.gz	V1	1	1.8411454	1
sub-241645657962.nii.gz	V1	1	1.8411727	1
PT030_OpenNeuro_ds000228_sub-062.nii.gz	V1	1	1.8411975	1
PT030_OpenNeuro_ds002236_sub-69.nii.gz	V1	1	1.8413395	1
PT030_OpenNeuro_ds003798_sub-032.nii.gz	V1	1	1.8416032	1
PT030_OpenNeuro_ds004783_sub-18.nii.gz	V1	1	1.8418362	1
PT030_OpenNeuro_ds004697_sub-56.nii.gz	V1	1	1.8420429	1
PT034_Wayne_sub-041.nii.gz	V1	1	1.8422127	1
RRIB_sub-019.nii.gz	V1	1	1.8423984	1
PT030_OpenNeuro_ds004169_sub-1117.nii.gz	V1	1	1.8424008	1
PT030_OpenNeuro_ds002236_sub-68.nii.gz	V1	1	1.8424335	1
PT030_OpenNeuro_ds000200_sub-12.nii.gz	V1	1	1.8426805	1
RRIB_sub-068.nii.gz	V1	1	1.8430716	1
PT030_OpenNeuro_ds004169_sub-1195.nii.gz	V1	1	1.8433354	1
PT030_OpenNeuro_ds000120_sub-01.nii.gz	V1	1	1.8437549	1
PT030_OpenNeuro_ds004746_sub-233.nii.gz	V1	1	1.8439289	1
PT030_OpenNeuro_ds004169_sub-1115.nii.gz	V1	1	1.8439517	1
PT030_OpenNeuro_ds004169_sub-1114.nii.gz	V1	1	1.8441296	1
PT030_OpenNeuro_ds004746_sub-255.nii.gz	V1	1	1.8442168	1
sub-638598699448.nii.gz	V1	1	1.8444178	1
PT030_OpenNeuro_ds002330_sub-43.nii.gz	V1	1	1.8445865	1
PT034_Wayne_sub-034.nii.gz	V1	1	1.8447452	1
PT030_OpenNeuro_ds003763_sub-02.nii.gz	V1	1	1.8448154	1
PT030_OpenNeuro_ds004697_sub-41.nii.gz	V1	1	1.8448855	1
PT030_OpenNeuro_ds004169_sub-1169.nii.gz	V1	1	1.8452121	1
PT030_OpenNeuro_ds003763_sub-16.nii.gz	V1	1	1.8453996	1
sub-910315280332.nii.gz	V1	1	1.8460858	1
PT030_OpenNeuro_ds000228_sub-114.nii.gz	V1	1	1.8464392	1
PT030_OpenNeuro_ds003798_sub-084.nii.gz	V1	1	1.84668	1
PT030_OpenNeuro_ds002236_sub-61.nii.gz	V1	1	1.846739	1
PT030_OpenNeuro_ds004746_sub-364.nii.gz	V1	1	1.8470192	1
PT030_OpenNeuro_ds004169_sub-1148.nii.gz	V1	1	1.8473532	1
PT030_OpenNeuro_ds002236_sub-79.nii.gz	V1	1	1.8474482	1
PT030_OpenNeuro_ds000203_sub-24.nii.gz	V1	1	1.847458	1
sub-CC220115.nii.gz	V1	1	1.8475164	1
PT030_OpenNeuro_ds000228_sub-033.nii.gz	V1	1	1.8477987	1
PT030_OpenNeuro_ds000228_sub-031.nii.gz	V1	1	1.8478625	1
PT030_OpenNeuro_ds000228_sub-083.nii.gz	V1	1	1.8478888	1
PT030_OpenNeuro_ds004169_sub-1147.nii.gz	V1	1	1.8479398	1
PT030_OpenNeuro_ds000228_sub-016.nii.gz	V1	1	1.8480804	1
PT030_OpenNeuro_ds004697_sub-45.nii.gz	V1	1	1.8480821	1
PT030_OpenNeuro_ds004169_sub-1112.nii.gz	V1	1	1.8484424	1
PT030_OpenNeuro_ds000228_sub-111.nii.gz	V1	1	1.8484977	1
RRIB_sub-071.nii.gz	V1	1	1.8485132	1
PT030_OpenNeuro_ds000228_sub-043.nii.gz	V1	1	1.8486682	1
PT030_OpenNeuro_ds000228_sub-027.nii.gz	V1	1	1.848787	1
PT030_OpenNeuro_ds002236_sub-46.nii.gz	V1	1	1.8493435	1
PT030_OpenNeuro_ds004169_sub-1150.nii.gz	V1	1	1.8496403	1
PT030_OpenNeuro_ds003787_sub-32.nii.gz	V1	1	1.849662	1
PT034_Wayne_sub-062.nii.gz	V1	1	1.8501314	1
PT034_Wayne_sub-057.nii.gz	V1	1	1.8501357	1
PT030_OpenNeuro_ds000228_sub-098.nii.gz	V1	1	1.8501433	1
PT030_OpenNeuro_ds004169_sub-1177.nii.gz	V1	1	1.8502575	1
PT030_OpenNeuro_ds000228_sub-082.nii.gz	V1	1	1.8503766	1
PT030_OpenNeuro_ds002330_sub-42.nii.gz	V1	1	1.8507954	1
sub-642736420938.nii.gz	V1	1	1.8508276	1
PT030_OpenNeuro_ds000200_sub-08.nii.gz	V1	1	1.851111	1
PT030_OpenNeuro_ds002236_sub-48.nii.gz	V1	1	1.851113	1
PT030_OpenNeuro_ds002236_sub-42.nii.gz	V1	1	1.8514293	1
PT034_Wayne_sub-054.nii.gz	V1	1	1.8514984	1
PT030_OpenNeuro_ds004169_sub-1122.nii.gz	V1	1	1.8515855	1
PT030_OpenNeuro_ds002236_sub-75.nii.gz	V1	1	1.851625	1
PT030_OpenNeuro_ds004169_sub-1132.nii.gz	V1	1	1.8518308	1
PT030_OpenNeuro_ds000228_sub-047.nii.gz	V1	1	1.8519077	1
PT030_OpenNeuro_ds004746_sub-361.nii.gz	V1	1	1.8519512	1
PT030_OpenNeuro_ds004169_sub-1172.nii.gz	V1	1	1.8520964	1
PT030_OpenNeuro_ds002236_sub-67.nii.gz	V1	1	1.8522087	1
PT034_Wayne_sub-023.nii.gz	V1	1	1.8523455	1
RRIB_sub-085.nii.gz	V1	1	1.8525627	1
PT030_OpenNeuro_ds000228_sub-088.nii.gz	V1	1	1.8527231	1
PT030_OpenNeuro_ds000228_sub-023.nii.gz	V1	1	1.8531094	1
PT034_Wayne_sub-059.nii.gz	V1	1	1.8531678	1
PT030_OpenNeuro_ds000228_sub-052.nii.gz	V1	1	1.853262	1
PT030_OpenNeuro_ds000121_sub-06.nii.gz	V1	1	1.8533505	1
PT030_OpenNeuro_ds002330_sub-27.nii.gz	V1	1	1.8534887	1
PT030_OpenNeuro_ds000200_sub-01.nii.gz	V1	1	1.8536491	1
PT030_OpenNeuro_ds002330_sub-21.nii.gz	V1	1	1.853661	1
PT030_OpenNeuro_ds004169_sub-1181.nii.gz	V1	1	1.8539817	1
PT030_OpenNeuro_ds004169_sub-1146.nii.gz	V1	1	1.8540149	1
PT030_OpenNeuro_ds000228_sub-093.nii.gz	V1	1	1.8541095	1
PT030_OpenNeuro_ds000203_sub-26.nii.gz	V1	1	1.8543712	1
sub-CC210172.nii.gz	V1	1	1.854418	1
PT030_OpenNeuro_ds000120_sub-08.nii.gz	V1	1	1.85477	1
PT034_Wayne_sub-006.nii.gz	V1	1	1.8550373	1
RRIB_sub-011.nii.gz	V1	1	1.85528	1
PT030_OpenNeuro_ds002250_sub-05.nii.gz	V1	1	1.8553225	1
PT030_OpenNeuro_ds000228_sub-110.nii.gz	V1	1	1.8553661	1
PT034_Wayne_sub-030.nii.gz	V1	1	1.8559096	1
PT030_OpenNeuro_ds004697_sub-29.nii.gz	V1	1	1.8559734	1
PT034_Wayne_sub-011.nii.gz	V1	1	1.8565153	1
RRIB_sub-012.nii.gz	V1	1	1.8567613	1
PT030_OpenNeuro_ds004169_sub-1108.nii.gz	V1	1	1.8568882	1
PT030_OpenNeuro_ds004169_sub-1164.nii.gz	V1	1	1.8569934	1
PT030_OpenNeuro_ds000228_sub-102.nii.gz	V1	1	1.8570508	1
PT030_OpenNeuro_ds000228_sub-096.nii.gz	V1	1	1.8572246	1
PT030_OpenNeuro_ds000228_sub-039.nii.gz	V1	1	1.8582616	1
PT030_OpenNeuro_ds002236_sub-66.nii.gz	V1	1	1.8583953	1
PT030_OpenNeuro_ds000121_sub-14.nii.gz	V1	1	1.8590883	1
PT030_OpenNeuro_ds002236_sub-85.nii.gz	V1	1	1.8590972	1
PT030_OpenNeuro_ds000228_sub-050.nii.gz	V1	1	1.8592681	1
PT030_OpenNeuro_ds002236_sub-86.nii.gz	V1	1	1.8593491	1
PT034_Wayne_sub-010.nii.gz	V1	1	1.8594835	1
PT030_OpenNeuro_ds003787_sub-36.nii.gz	V1	1	1.8595922	1
PT030_OpenNeuro_ds002236_sub-29.nii.gz	V1	1	1.8597529	1
PT030_OpenNeuro_ds004169_sub-1126.nii.gz	V1	1	1.8597634	1
PT030_OpenNeuro_ds000228_sub-069.nii.gz	V1	1	1.8599284	1
RRIB_sub-031.nii.gz	V1	1	1.8602839	1
PT030_OpenNeuro_ds004169_sub-1199.nii.gz	V1	1	1.8602915	1
PT030_OpenNeuro_ds004746_sub-114.nii.gz	V1	1	1.8607774	1
PT030_OpenNeuro_ds004746_sub-182.nii.gz	V1	1	1.8609186	1
PT030_OpenNeuro_ds003787_sub-35.nii.gz	V1	1	1.8610381	1
PT030_OpenNeuro_ds002236_sub-88.nii.gz	V1	1	1.8612525	1
PT030_OpenNeuro_ds000228_sub-053.nii.gz	V1	1	1.8612741	1
PT030_OpenNeuro_ds000200_sub-13.nii.gz	V1	1	1.8614558	1
PT030_OpenNeuro_ds004746_sub-296.nii.gz	V1	1	1.861629	1
PT030_OpenNeuro_ds002236_sub-34.nii.gz	V1	1	1.8618131	1
PT030_OpenNeuro_ds002236_sub-33.nii.gz	V1	1	1.8618189	1
PT030_OpenNeuro_ds000228_sub-059.nii.gz	V1	1	1.8620754	1
PT030_OpenNeuro_ds000119_sub-68.nii.gz	V1	1	1.8620895	1
PT030_OpenNeuro_ds004169_sub-1191.nii.gz	V1	1	1.8625462	1
PT030_OpenNeuro_ds000228_sub-063.nii.gz	V1	1	1.8627352	1
PT030_OpenNeuro_ds004169_sub-1140.nii.gz	V1	1	1.8627604	1
PT030_OpenNeuro_ds000228_sub-026.nii.gz	V1	1	1.862761	1
RRIB_sub-094.nii.gz	V1	1	1.8628672	1
PT030_OpenNeuro_ds004169_sub-1202.nii.gz	V1	1	1.8629417	1
PT030_OpenNeuro_ds004169_sub-1165.nii.gz	V1	1	1.8629488	1
PT030_OpenNeuro_ds002236_sub-45.nii.gz	V1	1	1.8633395	1
RRIB_sub-054.nii.gz	V1	1	1.8639753	1
RRIB_sub-058.nii.gz	V1	1	1.8641193	1
RRIB_sub-084.nii.gz	V1	1	1.8643279	1
PT030_OpenNeuro_ds004169_sub-1124.nii.gz	V1	1	1.8643569	1
PT030_OpenNeuro_ds002236_sub-37.nii.gz	V1	1	1.8644992	1
PT030_OpenNeuro_ds000228_sub-055.nii.gz	V1	1	1.8645115	1
RRIB_sub-066.nii.gz	V1	1	1.8645725	1
RRIB_sub-097.nii.gz	V1	1	1.8651112	1
PT030_OpenNeuro_ds000228_sub-073.nii.gz	V1	1	1.865147	1
PT030_OpenNeuro_ds002236_sub-77.nii.gz	V1	1	1.86579	1
PT030_OpenNeuro_ds002330_sub-38.nii.gz	V1	1	1.8660642	1
PT030_OpenNeuro_ds000203_sub-12.nii.gz	V1	1	1.8662405	1
RRIB_sub-087.nii.gz	V1	1	1.8664379	1
PT034_Wayne_sub-043.nii.gz	V1	1	1.8664705	1
PT030_OpenNeuro_ds000121_sub-04.nii.gz	V1	1	1.8677033	1
PT030_OpenNeuro_ds004169_sub-1158.nii.gz	V1	1	1.8678231	1
PT030_OpenNeuro_ds000228_sub-115.nii.gz	V1	1	1.8685049	1
PT030_OpenNeuro_ds000228_sub-068.nii.gz	V1	1	1.8687524	1
PT030_OpenNeuro_ds000228_sub-021.nii.gz	V1	1	1.869442	1
PT030_OpenNeuro_ds004169_sub-1201.nii.gz	V1	1	1.869568	1
PT030_OpenNeuro_ds000228_sub-056.nii.gz	V1	1	1.8695991	1
PT030_OpenNeuro_ds004169_sub-1113.nii.gz	V1	1	1.8696069	1
PT030_OpenNeuro_ds000228_sub-046.nii.gz	V1	1	1.8700124	1
PT030_OpenNeuro_ds000228_sub-112.nii.gz	V1	1	1.8703433	1
PT030_OpenNeuro_ds004169_sub-1188.nii.gz	V1	1	1.8707063	1
PT030_OpenNeuro_ds004169_sub-1162.nii.gz	V1	1	1.8711948	1
PT030_OpenNeuro_ds000228_sub-079.nii.gz	V1	1	1.8714566	1
PT030_OpenNeuro_ds000228_sub-113.nii.gz	V1	1	1.8719751	1
PT030_OpenNeuro_ds000228_sub-051.nii.gz	V1	1	1.8720049	1
PT030_OpenNeuro_ds004169_sub-1111.nii.gz	V1	1	1.8722385	1
PT030_OpenNeuro_ds004169_sub-1196.nii.gz	V1	1	1.8724008	1
PT030_OpenNeuro_ds000228_sub-070.nii.gz	V1	1	1.873088	1
PT030_OpenNeuro_ds002236_sub-89.nii.gz	V1	1	1.87327	1
PT030_OpenNeuro_ds000228_sub-040.nii.gz	V1	1	1.8735442	1
PT030_OpenNeuro_ds004746_sub-018.nii.gz	V1	1	1.874044	1
PT030_OpenNeuro_ds000119_sub-58.nii.gz	V1	1	1.874199	1
PT030_OpenNeuro_ds004169_sub-1156.nii.gz	V1	1	1.8752377	1
PT030_OpenNeuro_ds000228_sub-077.nii.gz	V1	1	1.8753016	1
PT030_OpenNeuro_ds004746_sub-329.nii.gz	V1	1	1.8754297	1
PT030_OpenNeuro_ds000228_sub-041.nii.gz	V1	1	1.8757766	1
PT030_OpenNeuro_ds004169_sub-1192.nii.gz	V1	1	1.8759015	1
PT030_OpenNeuro_ds002236_sub-62.nii.gz	V1	1	1.8759171	1
PT030_OpenNeuro_ds004746_sub-043.nii.gz	V1	1	1.8765705	1
PT030_OpenNeuro_ds000228_sub-086.nii.gz	V1	1	1.876613	1
PT030_OpenNeuro_ds000228_sub-042.nii.gz	V1	1	1.8777976	1
PT030_OpenNeuro_ds004746_sub-117.nii.gz	V1	1	1.8780458	1
PT030_OpenNeuro_ds004746_sub-115.nii.gz	V1	1	1.8781149	1
PT030_OpenNeuro_ds002236_sub-30.nii.gz	V1	1	1.8783101	1
PT030_OpenNeuro_ds002236_sub-47.nii.gz	V1	1	1.8787799	1
PT030_OpenNeuro_ds000228_sub-037.nii.gz	V1	1	1.878849	1
PT030_OpenNeuro_ds003787_sub-44.nii.gz	V1	1	1.8792068	1
PT030_OpenNeuro_ds004746_sub-063.nii.gz	V1	1	1.8797019	1
PT030_OpenNeuro_ds002236_sub-80.nii.gz	V1	1	1.8798167	1
PT030_OpenNeuro_ds004746_sub-068.nii.gz	V1	1	1.8799158	1
PT030_OpenNeuro_ds002236_sub-82.nii.gz	V1	1	1.8802197	1
RRIB_sub-015.nii.gz	V1	1	1.8805846	1
PT030_OpenNeuro_ds002236_sub-74.nii.gz	V1	1	1.8811846	1
PT030_OpenNeuro_ds002330_sub-18.nii.gz	V1	1	1.881265	1
PT030_OpenNeuro_ds000200_sub-04.nii.gz	V1	1	1.8813599	1
PT030_OpenNeuro_ds000228_sub-038.nii.gz	V1	1	1.8820653	1
PT030_OpenNeuro_ds000228_sub-107.nii.gz	V1	1	1.8821679	1
PT030_OpenNeuro_ds004746_sub-210.nii.gz	V1	1	1.8824277	1
PT030_OpenNeuro_ds002236_sub-90.nii.gz	V1	1	1.8830303	1
PT030_OpenNeuro_ds000228_sub-081.nii.gz	V1	1	1.8831545	1
PT030_OpenNeuro_ds002236_sub-59.nii.gz	V1	1	1.8836818	1
PT030_OpenNeuro_ds004746_sub-148.nii.gz	V1	1	1.8837738	1
PT030_OpenNeuro_ds004746_sub-184.nii.gz	V1	1	1.8842866	1
PT030_OpenNeuro_ds000119_sub-20.nii.gz	V1	1	1.8843837	1
PT030_OpenNeuro_ds004746_sub-248.nii.gz	V1	1	1.8843956	1
PT030_OpenNeuro_ds000119_sub-65.nii.gz	V1	1	1.8844179	1
PT030_OpenNeuro_ds000119_sub-59.nii.gz	V1	1	1.8845806	1
PT030_OpenNeuro_ds004169_sub-1190.nii.gz	V1	1	1.8848704	1
PT030_OpenNeuro_ds000203_sub-14.nii.gz	V1	1	1.8848933	1
PT030_OpenNeuro_ds000228_sub-085.nii.gz	V1	1	1.8850945	1
PT030_OpenNeuro_ds002236_sub-51.nii.gz	V1	1	1.8851423	1
PT030_OpenNeuro_ds000203_sub-03.nii.gz	V1	1	1.8852588	1
PT030_OpenNeuro_ds004746_sub-343.nii.gz	V1	1	1.8854516	1
PT030_OpenNeuro_ds004169_sub-1142.nii.gz	V1	1	1.8858733	1
PT030_OpenNeuro_ds000119_sub-30.nii.gz	V1	1	1.8858833	1
PT030_OpenNeuro_ds004746_sub-153.nii.gz	V1	1	1.8860394	1
PT030_OpenNeuro_ds000228_sub-071.nii.gz	V1	1	1.8860643	1
PT030_OpenNeuro_ds000203_sub-15.nii.gz	V1	1	1.8865148	1
PT030_OpenNeuro_ds002236_sub-28.nii.gz	V1	1	1.8868209	1
PT030_OpenNeuro_ds000228_sub-075.nii.gz	V1	1	1.8868357	1
PT030_OpenNeuro_ds000228_sub-099.nii.gz	V1	1	1.8876483	1
PT030_OpenNeuro_ds000228_sub-045.nii.gz	V1	1	1.8879396	1
PT030_OpenNeuro_ds000228_sub-076.nii.gz	V1	1	1.8882066	1
PT030_OpenNeuro_ds004746_sub-351.nii.gz	V1	1	1.8882394	1
PT030_OpenNeuro_ds002236_sub-63.nii.gz	V1	1	1.8888867	1
PT030_OpenNeuro_ds004746_sub-224.nii.gz	V1	1	1.8889551	1
PT030_OpenNeuro_ds000228_sub-058.nii.gz	V1	1	1.8893217	1
PT030_OpenNeuro_ds000228_sub-094.nii.gz	V1	1	1.8896233	1
PT030_OpenNeuro_ds000203_sub-23.nii.gz	V1	1	1.8899583	1
PT030_OpenNeuro_ds000121_sub-07.nii.gz	V1	1	1.8902541	1
PT030_OpenNeuro_ds000228_sub-080.nii.gz	V1	1	1.8911986	1
PT030_OpenNeuro_ds002236_sub-55.nii.gz	V1	1	1.8912065	1
PT030_OpenNeuro_ds000228_sub-072.nii.gz	V1	1	1.8921481	1
PT030_OpenNeuro_ds000228_sub-049.nii.gz	V1	1	1.8921955	1
PT030_OpenNeuro_ds000120_sub-12.nii.gz	V1	1	1.8936751	1
PT030_OpenNeuro_ds002236_sub-56.nii.gz	V1	1	1.8938403	1
PT030_OpenNeuro_ds000228_sub-035.nii.gz	V1	1	1.8938613	1
PT030_OpenNeuro_ds004746_sub-386.nii.gz	V1	1	1.8943623	1
PT030_OpenNeuro_ds000119_sub-56.nii.gz	V1	1	1.8943756	1
PT030_OpenNeuro_ds000119_sub-60.nii.gz	V1	1	1.894556	1
PT030_OpenNeuro_ds000228_sub-091.nii.gz	V1	1	1.8945906	1
PT030_OpenNeuro_ds000228_sub-048.nii.gz	V1	1	1.8948361	1
PT030_OpenNeuro_ds000121_sub-18.nii.gz	V1	1	1.8950349	1
PT030_OpenNeuro_ds004746_sub-244.nii.gz	V1	1	1.8950748	1
PT030_OpenNeuro_ds000228_sub-078.nii.gz	V1	1	1.8950994	1
PT030_OpenNeuro_ds004746_sub-037.nii.gz	V1	1	1.8963064	1
PT030_OpenNeuro_ds002236_sub-60.nii.gz	V1	1	1.8963765	1
PT030_OpenNeuro_ds000228_sub-089.nii.gz	V1	1	1.8965464	1
PT030_OpenNeuro_ds000119_sub-61.nii.gz	V1	1	1.8972437	1
PT030_OpenNeuro_ds004746_sub-349.nii.gz	V1	1	1.8973278	1
PT030_OpenNeuro_ds000228_sub-067.nii.gz	V1	1	1.8976992	1
PT030_OpenNeuro_ds000202_sub-28.nii.gz	V1	1	1.8980161	1
PT030_OpenNeuro_ds004746_sub-377.nii.gz	V1	1	1.8982667	1
PT030_OpenNeuro_ds000119_sub-25.nii.gz	V1	1	1.8985801	1
PT030_OpenNeuro_ds000228_sub-105.nii.gz	V1	1	1.8987013	1
PT030_OpenNeuro_ds000120_sub-02.nii.gz	V1	1	1.899381	1
PT030_OpenNeuro_ds000203_sub-05.nii.gz	V1	1	1.8994399	1
PT030_OpenNeuro_ds004746_sub-344.nii.gz	V1	1	1.8997152	1
PT030_OpenNeuro_ds000228_sub-036.nii.gz	V1	1	1.9004458	1
PT030_OpenNeuro_ds004746_sub-385.nii.gz	V1	1	1.9013014	1
PT030_OpenNeuro_ds004746_sub-388.nii.gz	V1	1	1.9014707	1
PT030_OpenNeuro_ds000119_sub-38.nii.gz	V1	1	1.9015635	1
PT030_OpenNeuro_ds000203_sub-16.nii.gz	V1	1	1.9016356	1
PT030_OpenNeuro_ds004746_sub-304.nii.gz	V1	1	1.9018179	1
PT030_OpenNeuro_ds000228_sub-116.nii.gz	V1	1	1.901976	1
PT030_OpenNeuro_ds004746_sub-384.nii.gz	V1	1	1.902199	1
PT030_OpenNeuro_ds000119_sub-34.nii.gz	V1	1	1.9025332	1
PT030_OpenNeuro_ds004746_sub-104.nii.gz	V1	1	1.9026761	1
PT030_OpenNeuro_ds004746_sub-167.nii.gz	V1	1	1.9028414	1
PT030_OpenNeuro_ds000228_sub-095.nii.gz	V1	1	1.9035429	1
PT030_OpenNeuro_ds000200_sub-10.nii.gz	V1	1	1.9036161	1
PT030_OpenNeuro_ds004746_sub-021.nii.gz	V1	1	1.9037688	1
PT030_OpenNeuro_ds000120_sub-07.nii.gz	V1	1	1.9039321	1
PT030_OpenNeuro_ds004746_sub-309.nii.gz	V1	1	1.9043878	1
PT030_OpenNeuro_ds004746_sub-270.nii.gz	V1	1	1.9045712	1
PT030_OpenNeuro_ds004746_sub-347.nii.gz	V1	1	1.9047556	1
PT030_OpenNeuro_ds004746_sub-374.nii.gz	V1	1	1.9049695	1
PT030_OpenNeuro_ds000228_sub-104.nii.gz	V1	1	1.9051487	1
PT030_OpenNeuro_ds000120_sub-06.nii.gz	V1	1	1.9051492	1
PT030_OpenNeuro_ds000119_sub-66.nii.gz	V1	1	1.9056096	1
PT030_OpenNeuro_ds004746_sub-319.nii.gz	V1	1	1.9057243	1
PT030_OpenNeuro_ds004746_sub-154.nii.gz	V1	1	1.9061025	1
PT030_OpenNeuro_ds000228_sub-032.nii.gz	V1	1	1.9064378	1
PT030_OpenNeuro_ds004746_sub-205.nii.gz	V1	1	1.9064564	1
PT030_OpenNeuro_ds000120_sub-03.nii.gz	V1	1	1.9065441	1
PT030_OpenNeuro_ds000228_sub-060.nii.gz	V1	1	1.9070092	1
PT030_OpenNeuro_ds004746_sub-387.nii.gz	V1	1	1.9071509	1
PT030_OpenNeuro_ds002236_sub-41.nii.gz	V1	1	1.9073344	1
PT030_OpenNeuro_ds000200_sub-07.nii.gz	V1	1	1.9079571	1
PT030_OpenNeuro_ds000119_sub-42.nii.gz	V1	1	1.9083285	1
PT030_OpenNeuro_ds004746_sub-240.nii.gz	V1	1	1.9085712	1
PT030_OpenNeuro_ds000119_sub-40.nii.gz	V1	1	1.9089943	1
PT030_OpenNeuro_ds000228_sub-034.nii.gz	V1	1	1.9093417	1
PT030_OpenNeuro_ds004746_sub-025.nii.gz	V1	1	1.9095527	1
PT030_OpenNeuro_ds004746_sub-283.nii.gz	V1	1	1.9098752	1
PT030_OpenNeuro_ds004746_sub-271.nii.gz	V1	1	1.9098943	1
PT030_OpenNeuro_ds000228_sub-064.nii.gz	V1	1	1.9099776	1
PT030_OpenNeuro_ds004746_sub-166.nii.gz	V1	1	1.9102141	1
PT030_OpenNeuro_ds004746_sub-090.nii.gz	V1	1	1.9110107	1
PT030_OpenNeuro_ds004746_sub-197.nii.gz	V1	1	1.9112191	1
PT030_OpenNeuro_ds004746_sub-223.nii.gz	V1	1	1.9116027	1
PT030_OpenNeuro_ds000119_sub-69.nii.gz	V1	1	1.9117498	1
PT030_OpenNeuro_ds000228_sub-106.nii.gz	V1	1	1.9118314	1
PT030_OpenNeuro_ds004746_sub-006.nii.gz	V1	1	1.9122982	1
PT030_OpenNeuro_ds004746_sub-395.nii.gz	V1	1	1.9123981	1
PT030_OpenNeuro_ds000120_sub-11.nii.gz	V1	1	1.9124771	1
PT030_OpenNeuro_ds000119_sub-33.nii.gz	V1	1	1.9126383	1
PT030_OpenNeuro_ds000228_sub-066.nii.gz	V1	1	1.9126928	1
PT030_OpenNeuro_ds004746_sub-084.nii.gz	V1	1	1.9129088	1
PT030_OpenNeuro_ds000119_sub-22.nii.gz	V1	1	1.9133564	1
PT030_OpenNeuro_ds000203_sub-13.nii.gz	V1	1	1.9141357	1
PT030_OpenNeuro_ds000119_sub-54.nii.gz	V1	1	1.914739	1
PT030_OpenNeuro_ds004746_sub-081.nii.gz	V1	1	1.9147924	1
PT030_OpenNeuro_ds000119_sub-52.nii.gz	V1	1	1.9149127	1
PT030_OpenNeuro_ds004746_sub-220.nii.gz	V1	1	1.9153395	1
PT030_OpenNeuro_ds004746_sub-162.nii.gz	V1	1	1.9153893	1
PT030_OpenNeuro_ds004746_sub-177.nii.gz	V1	1	1.9153936	1
PT030_OpenNeuro_ds004746_sub-120.nii.gz	V1	1	1.9157789	1
PT030_OpenNeuro_ds004746_sub-010.nii.gz	V1	1	1.9162147	1
PT030_OpenNeuro_ds004746_sub-099.nii.gz	V1	1	1.9162587	1
PT030_OpenNeuro_ds000119_sub-64.nii.gz	V1	1	1.9165155	1
PT030_OpenNeuro_ds000228_sub-090.nii.gz	V1	1	1.9168466	1
PT030_OpenNeuro_ds000121_sub-22.nii.gz	V1	1	1.9169037	1
PT030_OpenNeuro_ds004746_sub-346.nii.gz	V1	1	1.9178731	1
PT030_OpenNeuro_ds004746_sub-108.nii.gz	V1	1	1.918275	1
PT030_OpenNeuro_ds000121_sub-01.nii.gz	V1	1	1.9183432	1
PT030_OpenNeuro_ds004746_sub-380.nii.gz	V1	1	1.9185387	1
PT030_OpenNeuro_ds004746_sub-337.nii.gz	V1	1	1.9189814	1
PT030_OpenNeuro_ds004746_sub-326.nii.gz	V1	1	1.9190449	1
PT030_OpenNeuro_ds000228_sub-044.nii.gz	V1	1	1.919082	1
PT030_OpenNeuro_ds000119_sub-43.nii.gz	V1	1	1.9198104	1
PT030_OpenNeuro_ds000228_sub-054.nii.gz	V1	1	1.919988	1
PT030_OpenNeuro_ds004746_sub-011.nii.gz	V1	1	1.9203455	1
PT030_OpenNeuro_ds004746_sub-061.nii.gz	V1	1	1.9204732	1
PT030_OpenNeuro_ds004746_sub-281.nii.gz	V1	1	1.9207599	1
PT030_OpenNeuro_ds000203_sub-04.nii.gz	V1	1	1.9213363	1
PT030_OpenNeuro_ds004746_sub-028.nii.gz	V1	1	1.9217623	1
PT030_OpenNeuro_ds000121_sub-08.nii.gz	V1	1	1.9218522	1
PT030_OpenNeuro_ds004746_sub-140.nii.gz	V1	1	1.9221253	1
PT030_OpenNeuro_ds004746_sub-341.nii.gz	V1	1	1.9223443	1
PT030_OpenNeuro_ds000119_sub-70.nii.gz	V1	1	1.9226387	1
PT030_OpenNeuro_ds000119_sub-31.nii.gz	V1	1	1.9232477	1
PT030_OpenNeuro_ds004746_sub-277.nii.gz	V1	1	1.9233471	1
PT030_OpenNeuro_ds004746_sub-371.nii.gz	V1	1	1.9237862	1
PT030_OpenNeuro_ds004746_sub-195.nii.gz	V1	1	1.9243302	1
PT030_OpenNeuro_ds004746_sub-363.nii.gz	V1	1	1.9249142	1
PT030_OpenNeuro_ds004746_sub-175.nii.gz	V1	1	1.9262564	1
PT030_OpenNeuro_ds004746_sub-088.nii.gz	V1	1	1.9269735	1
PT030_OpenNeuro_ds000121_sub-05.nii.gz	V1	1	1.9273751	1
PT030_OpenNeuro_ds004746_sub-393.nii.gz	V1	1	1.9276254	1
PT030_OpenNeuro_ds004746_sub-069.nii.gz	V1	1	1.9280281	1
PT030_OpenNeuro_ds000120_sub-09.nii.gz	V1	1	1.9289134	1
PT030_OpenNeuro_ds004746_sub-320.nii.gz	V1	1	1.9290463	1
PT030_OpenNeuro_ds004746_sub-354.nii.gz	V1	1	1.9291028	1
PT030_OpenNeuro_ds004746_sub-238.nii.gz	V1	1	1.9295104	1
PT030_OpenNeuro_ds004746_sub-178.nii.gz	V1	1	1.9297345	1
PT030_OpenNeuro_ds004746_sub-333.nii.gz	V1	1	1.930078	1
PT030_OpenNeuro_ds004746_sub-365.nii.gz	V1	1	1.9303932	1
PT030_OpenNeuro_ds004746_sub-376.nii.gz	V1	1	1.9308381	1
PT030_OpenNeuro_ds004746_sub-128.nii.gz	V1	1	1.9312981	1
PT030_OpenNeuro_ds000120_sub-05.nii.gz	V1	1	1.9315507	1
PT030_OpenNeuro_ds004746_sub-390.nii.gz	V1	1	1.9319019	1
PT030_OpenNeuro_ds004746_sub-008.nii.gz	V1	1	1.9320061	1
PT030_OpenNeuro_ds004746_sub-366.nii.gz	V1	1	1.9326744	1
PT030_OpenNeuro_ds004746_sub-298.nii.gz	V1	1	1.9329141	1
PT030_OpenNeuro_ds004746_sub-313.nii.gz	V1	1	1.933045	1
PT030_OpenNeuro_ds004746_sub-289.nii.gz	V1	1	1.9330541	1
PT030_OpenNeuro_ds004746_sub-234.nii.gz	V1	1	1.9331721	1
PT030_OpenNeuro_ds004746_sub-036.nii.gz	V1	1	1.9335095	1
PT030_OpenNeuro_ds004746_sub-132.nii.gz	V1	1	1.9336352	1
PT030_OpenNeuro_ds000120_sub-10.nii.gz	V1	1	1.9340887	1
PT030_OpenNeuro_ds000119_sub-37.nii.gz	V1	1	1.9344509	1
PT030_OpenNeuro_ds004746_sub-033.nii.gz	V1	1	1.9347856	1
PT030_OpenNeuro_ds004746_sub-155.nii.gz	V1	1	1.935446	1
PT030_OpenNeuro_ds004746_sub-297.nii.gz	V1	1	1.9355165	1
PT030_OpenNeuro_ds004746_sub-187.nii.gz	V1	1	1.9357709	1
PT030_OpenNeuro_ds000228_sub-084.nii.gz	V1	1	1.9357888	1
PT030_OpenNeuro_ds004746_sub-339.nii.gz	V1	1	1.9359969	1
PT030_OpenNeuro_ds004746_sub-394.nii.gz	V1	1	1.936105	1
PT030_OpenNeuro_ds004746_sub-168.nii.gz	V1	1	1.9363755	1
PT030_OpenNeuro_ds004746_sub-101.nii.gz	V1	1	1.9364668	1
PT030_OpenNeuro_ds004746_sub-116.nii.gz	V1	1	1.9369543	1
PT030_OpenNeuro_ds004746_sub-123.nii.gz	V1	1	1.9369648	1
PT030_OpenNeuro_ds004746_sub-030.nii.gz	V1	1	1.9384785	1
PT030_OpenNeuro_ds004746_sub-315.nii.gz	V1	1	1.9385214	1
PT030_OpenNeuro_ds004746_sub-103.nii.gz	V1	1	1.938786	1
PT030_OpenNeuro_ds004746_sub-186.nii.gz	V1	1	1.9389812	1
PT030_OpenNeuro_ds004746_sub-327.nii.gz	V1	1	1.9392728	1
PT030_OpenNeuro_ds004746_sub-183.nii.gz	V1	1	1.9396305	1
PT030_OpenNeuro_ds004746_sub-367.nii.gz	V1	1	1.9397211	1
PT030_OpenNeuro_ds004746_sub-350.nii.gz	V1	1	1.9397471	1
PT030_OpenNeuro_ds004746_sub-113.nii.gz	V1	1	1.9402196	1
PT030_OpenNeuro_ds004746_sub-094.nii.gz	V1	1	1.940433	1
PT030_OpenNeuro_ds004746_sub-201.nii.gz	V1	1	1.9404497	1
PT030_OpenNeuro_ds004746_sub-303.nii.gz	V1	1	1.9404733	1
PT030_OpenNeuro_ds004746_sub-324.nii.gz	V1	1	1.9408233	1
PT030_OpenNeuro_ds004746_sub-199.nii.gz	V1	1	1.9408426	1
PT030_OpenNeuro_ds004746_sub-073.nii.gz	V1	1	1.9410605	1
PT030_OpenNeuro_ds004746_sub-077.nii.gz	V1	1	1.9412315	1
PT030_OpenNeuro_ds004746_sub-071.nii.gz	V1	1	1.9413724	1
PT030_OpenNeuro_ds004746_sub-264.nii.gz	V1	1	1.94339	1
PT030_OpenNeuro_ds004746_sub-032.nii.gz	V1	1	1.9435624	1
PT030_OpenNeuro_ds004746_sub-362.nii.gz	V1	1	1.9437431	1
PT030_OpenNeuro_ds004746_sub-257.nii.gz	V1	1	1.9439456	1
PT030_OpenNeuro_ds004746_sub-089.nii.gz	V1	1	1.9446374	1
PT030_OpenNeuro_ds004746_sub-227.nii.gz	V1	1	1.9454695	1
PT030_OpenNeuro_ds004746_sub-076.nii.gz	V1	1	1.9460188	1
PT030_OpenNeuro_ds004746_sub-211.nii.gz	V1	1	1.9464034	1
PT030_OpenNeuro_ds004746_sub-291.nii.gz	V1	1	1.9467778	1
PT030_OpenNeuro_ds004746_sub-066.nii.gz	V1	1	1.9471209	1
PT030_OpenNeuro_ds004746_sub-051.nii.gz	V1	1	1.9471912	1
PT030_OpenNeuro_ds004746_sub-231.nii.gz	V1	1	1.9471924	1
PT030_OpenNeuro_ds004746_sub-219.nii.gz	V1	1	1.9472997	1
PT030_OpenNeuro_ds004746_sub-191.nii.gz	V1	1	1.9480186	1
PT030_OpenNeuro_ds004746_sub-213.nii.gz	V1	1	1.9481221	1
PT030_OpenNeuro_ds004746_sub-383.nii.gz	V1	1	1.9484111	1
PT030_OpenNeuro_ds004746_sub-127.nii.gz	V1	1	1.9485189	1
PT030_OpenNeuro_ds004746_sub-301.nii.gz	V1	1	1.9486793	1
PT030_OpenNeuro_ds004746_sub-170.nii.gz	V1	1	1.9488488	1
PT030_OpenNeuro_ds004746_sub-352.nii.gz	V1	1	1.9491305	1
PT030_OpenNeuro_ds004746_sub-161.nii.gz	V1	1	1.9494117	1
PT030_OpenNeuro_ds004746_sub-336.nii.gz	V1	1	1.9497939	1
PT030_OpenNeuro_ds004746_sub-247.nii.gz	V1	1	1.9498075	1
PT030_OpenNeuro_ds004746_sub-391.nii.gz	V1	1	1.9501481	1
PT030_OpenNeuro_ds004746_sub-107.nii.gz	V1	1	1.9507893	1
PT030_OpenNeuro_ds004746_sub-369.nii.gz	V1	1	1.9509854	1
PT030_OpenNeuro_ds004746_sub-102.nii.gz	V1	1	1.9510822	1
PT030_OpenNeuro_ds004746_sub-295.nii.gz	V1	1	1.9511973	1
PT030_OpenNeuro_ds004746_sub-026.nii.gz	V1	1	1.9512354	1
PT030_OpenNeuro_ds004746_sub-200.nii.gz	V1	1	1.9512838	1
PT030_OpenNeuro_ds004746_sub-261.nii.gz	V1	1	1.951407	1
PT030_OpenNeuro_ds004746_sub-382.nii.gz	V1	1	1.9515132	1
PT030_OpenNeuro_ds004746_sub-251.nii.gz	V1	1	1.9524875	1
PT030_OpenNeuro_ds004746_sub-050.nii.gz	V1	1	1.952569	1
PT030_OpenNeuro_ds004746_sub-181.nii.gz	V1	1	1.952682	1
PT030_OpenNeuro_ds004746_sub-328.nii.gz	V1	1	1.9527982	1
PT030_OpenNeuro_ds004746_sub-381.nii.gz	V1	1	1.9528947	1
PT030_OpenNeuro_ds000121_sub-17.nii.gz	V1	1	1.9530362	1
PT030_OpenNeuro_ds004746_sub-375.nii.gz	V1	1	1.9534787	1
PT030_OpenNeuro_ds004746_sub-228.nii.gz	V1	1	1.9540683	1
PT030_OpenNeuro_ds004746_sub-004.nii.gz	V1	1	1.9541202	1
PT030_OpenNeuro_ds004746_sub-246.nii.gz	V1	1	1.9542315	1
PT030_OpenNeuro_ds004746_sub-012.nii.gz	V1	1	1.9547098	1
PT030_OpenNeuro_ds004746_sub-157.nii.gz	V1	1	1.9547446	1
PT030_OpenNeuro_ds004746_sub-022.nii.gz	V1	1	1.9548808	1
PT030_OpenNeuro_ds004746_sub-045.nii.gz	V1	1	1.9552698	1
PT030_OpenNeuro_ds004746_sub-355.nii.gz	V1	1	1.9568341	1
PT030_OpenNeuro_ds004746_sub-342.nii.gz	V1	1	1.9569671	1
PT030_OpenNeuro_ds004746_sub-288.nii.gz	V1	1	1.9570704	1
PT030_OpenNeuro_ds004746_sub-031.nii.gz	V1	1	1.9576502	1
PT030_OpenNeuro_ds004746_sub-072.nii.gz	V1	1	1.9579906	1
PT030_OpenNeuro_ds004746_sub-307.nii.gz	V1	1	1.9587361	1
PT030_OpenNeuro_ds004746_sub-035.nii.gz	V1	1	1.9591153	1
PT030_OpenNeuro_ds004746_sub-359.nii.gz	V1	1	1.9593364	1
PT030_OpenNeuro_ds004746_sub-053.nii.gz	V1	1	1.9603661	1
PT030_OpenNeuro_ds004746_sub-287.nii.gz	V1	1	1.960393	1
PT030_OpenNeuro_ds004746_sub-130.nii.gz	V1	1	1.9604938	1
PT030_OpenNeuro_ds004746_sub-057.nii.gz	V1	1	1.9606062	1
PT030_OpenNeuro_ds004746_sub-087.nii.gz	V1	1	1.9606477	1
PT030_OpenNeuro_ds004746_sub-212.nii.gz	V1	1	1.9607924	1
PT030_OpenNeuro_ds004746_sub-330.nii.gz	V1	1	1.9609833	1
PT030_OpenNeuro_ds004746_sub-340.nii.gz	V1	1	1.9610145	1
PT030_OpenNeuro_ds004746_sub-372.nii.gz	V1	1	1.9611249	1
PT030_OpenNeuro_ds004746_sub-332.nii.gz	V1	1	1.9613743	1
PT030_OpenNeuro_ds004746_sub-034.nii.gz	V1	1	1.961561	1
PT030_OpenNeuro_ds000120_sub-04.nii.gz	V1	1	1.9616404	1
PT030_OpenNeuro_ds004746_sub-356.nii.gz	V1	1	1.9621135	1
PT030_OpenNeuro_ds004746_sub-054.nii.gz	V1	1	1.9621781	1
PT030_OpenNeuro_ds004746_sub-062.nii.gz	V1	1	1.9622359	1
PT030_OpenNeuro_ds004746_sub-299.nii.gz	V1	1	1.9626328	1
PT030_OpenNeuro_ds004746_sub-267.nii.gz	V1	1	1.9626659	1
PT030_OpenNeuro_ds004746_sub-105.nii.gz	V1	1	1.9627264	1
PT030_OpenNeuro_ds004746_sub-060.nii.gz	V1	1	1.9632505	1
PT030_OpenNeuro_ds004746_sub-086.nii.gz	V1	1	1.9634959	1
PT030_OpenNeuro_ds004746_sub-338.nii.gz	V1	1	1.9635032	1
PT030_OpenNeuro_ds004746_sub-322.nii.gz	V1	1	1.9638551	1
PT030_OpenNeuro_ds004746_sub-100.nii.gz	V1	1	1.9638746	1
PT030_OpenNeuro_ds004746_sub-229.nii.gz	V1	1	1.9642087	1
PT030_OpenNeuro_ds004746_sub-111.nii.gz	V1	1	1.9646082	1
PT030_OpenNeuro_ds004746_sub-318.nii.gz	V1	1	1.9646506	1
PT030_OpenNeuro_ds004746_sub-310.nii.gz	V1	1	1.9647279	1
PT030_OpenNeuro_ds004746_sub-172.nii.gz	V1	1	1.9648854	1
PT030_OpenNeuro_ds004746_sub-279.nii.gz	V1	1	1.9651154	1
PT030_OpenNeuro_ds004746_sub-208.nii.gz	V1	1	1.9651322	1
PT030_OpenNeuro_ds004746_sub-209.nii.gz	V1	1	1.966926	1
PT030_OpenNeuro_ds004746_sub-241.nii.gz	V1	1	1.9673073	1
PT030_OpenNeuro_ds004746_sub-348.nii.gz	V1	1	1.9676614	1
PT030_OpenNeuro_ds004746_sub-109.nii.gz	V1	1	1.967968	1
PT030_OpenNeuro_ds004746_sub-003.nii.gz	V1	1	1.9684837	1
PT030_OpenNeuro_ds004746_sub-158.nii.gz	V1	1	1.968589	1
PT030_OpenNeuro_ds004746_sub-230.nii.gz	V1	1	1.9687856	1
PT030_OpenNeuro_ds004746_sub-085.nii.gz	V1	1	1.9688567	1
PT030_OpenNeuro_ds004746_sub-373.nii.gz	V1	1	1.9692321	1
PT030_OpenNeuro_ds004746_sub-091.nii.gz	V1	1	1.9692765	1
PT030_OpenNeuro_ds004746_sub-124.nii.gz	V1	1	1.9696119	1
PT030_OpenNeuro_ds004746_sub-141.nii.gz	V1	1	1.9697087	1
PT030_OpenNeuro_ds004746_sub-007.nii.gz	V1	1	1.9702755	1
PT030_OpenNeuro_ds004746_sub-083.nii.gz	V1	1	1.9704423	1
PT030_OpenNeuro_ds004746_sub-253.nii.gz	V1	1	1.9708495	1
PT030_OpenNeuro_ds004746_sub-106.nii.gz	V1	1	1.971074	1
PT030_OpenNeuro_ds004746_sub-190.nii.gz	V1	1	1.9712839	1
PT030_OpenNeuro_ds004746_sub-019.nii.gz	V1	1	1.9719723	1
PT030_OpenNeuro_ds004746_sub-047.nii.gz	V1	1	1.9722612	1
PT030_OpenNeuro_ds004746_sub-368.nii.gz	V1	1	1.9724121	1
PT030_OpenNeuro_ds004746_sub-360.nii.gz	V1	1	1.972472	1
PT030_OpenNeuro_ds004746_sub-225.nii.gz	V1	1	1.9726273	1
PT030_OpenNeuro_ds004746_sub-150.nii.gz	V1	1	1.9726627	1
PT030_OpenNeuro_ds004746_sub-206.nii.gz	V1	1	1.9728036	1
PT030_OpenNeuro_ds004746_sub-239.nii.gz	V1	1	1.9732112	1
PT030_OpenNeuro_ds004746_sub-078.nii.gz	V1	1	1.973226	1
PT030_OpenNeuro_ds004746_sub-064.nii.gz	V1	1	1.9735665	1
PT030_OpenNeuro_ds004746_sub-136.nii.gz	V1	1	1.9743961	1
PT030_OpenNeuro_ds004746_sub-250.nii.gz	V1	1	1.9745215	1
PT030_OpenNeuro_ds004746_sub-290.nii.gz	V1	1	1.9747188	1
PT030_OpenNeuro_ds004746_sub-317.nii.gz	V1	1	1.9749815	1
PT030_OpenNeuro_ds004746_sub-311.nii.gz	V1	1	1.9753506	1
PT030_OpenNeuro_ds004746_sub-122.nii.gz	V1	1	1.9764094	1
PT030_OpenNeuro_ds004746_sub-312.nii.gz	V1	1	1.9764469	1
PT030_OpenNeuro_ds004746_sub-005.nii.gz	V1	1	1.976474	1
PT030_OpenNeuro_ds004746_sub-135.nii.gz	V1	1	1.9767077	1
PT030_OpenNeuro_ds004746_sub-192.nii.gz	V1	1	1.9770013	1
PT030_OpenNeuro_ds004746_sub-056.nii.gz	V1	1	1.9775629	1
PT030_OpenNeuro_ds004746_sub-194.nii.gz	V1	1	1.9776508	1
PT030_OpenNeuro_ds004746_sub-259.nii.gz	V1	1	1.9779038	1
PT030_OpenNeuro_ds004746_sub-263.nii.gz	V1	1	1.9779857	1
PT030_OpenNeuro_ds004746_sub-345.nii.gz	V1	1	1.9783359	1
PT030_OpenNeuro_ds004746_sub-235.nii.gz	V1	1	1.9783537	1
PT030_OpenNeuro_ds004746_sub-014.nii.gz	V1	1	1.9785347	1
PT030_OpenNeuro_ds004746_sub-185.nii.gz	V1	1	1.9787152	1
PT030_OpenNeuro_ds004746_sub-049.nii.gz	V1	1	1.9795326	1
PT030_OpenNeuro_ds004746_sub-023.nii.gz	V1	1	1.9795755	1
PT030_OpenNeuro_ds004746_sub-379.nii.gz	V1	1	1.9797783	1
PT030_OpenNeuro_ds004746_sub-110.nii.gz	V1	1	1.9803451	1
PT030_OpenNeuro_ds004746_sub-059.nii.gz	V1	1	1.9810501	1
PT030_OpenNeuro_ds004746_sub-080.nii.gz	V1	1	1.981054	1
PT030_OpenNeuro_ds004746_sub-237.nii.gz	V1	1	1.9825652	1
PT030_OpenNeuro_ds004746_sub-245.nii.gz	V1	1	1.982588	1
PT030_OpenNeuro_ds004746_sub-095.nii.gz	V1	1	1.9828181	1
PT030_OpenNeuro_ds004746_sub-169.nii.gz	V1	1	1.9833508	1
PT030_OpenNeuro_ds004746_sub-305.nii.gz	V1	1	1.9834553	1
PT030_OpenNeuro_ds004746_sub-353.nii.gz	V1	1	1.9835814	1
PT030_OpenNeuro_ds004746_sub-119.nii.gz	V1	1	1.9837177	1
PT030_OpenNeuro_ds004746_sub-134.nii.gz	V1	1	1.9837735	1
PT030_OpenNeuro_ds004746_sub-125.nii.gz	V1	1	1.9841468	1
PT030_OpenNeuro_ds004746_sub-176.nii.gz	V1	1	1.9847014	1
PT030_OpenNeuro_ds004746_sub-188.nii.gz	V1	1	1.9850154	1
PT030_OpenNeuro_ds001705_sub-05.nii.gz	V1	1	1.9852222	1
PT030_OpenNeuro_ds001705_sub-03.nii.gz	V1	1	1.9852222	1
PT030_OpenNeuro_ds001705_sub-01.nii.gz	V1	1	1.9852222	1
PT030_OpenNeuro_ds001705_sub-02.nii.gz	V1	1	1.9852222	1
PT030_OpenNeuro_ds004746_sub-284.nii.gz	V1	1	1.9856519	1
PT030_OpenNeuro_ds004746_sub-215.nii.gz	V1	1	1.98566	1
PT030_OpenNeuro_ds004746_sub-092.nii.gz	V1	1	1.9858341	1
PT030_OpenNeuro_ds004746_sub-308.nii.gz	V1	1	1.9860182	1
PT030_OpenNeuro_ds004746_sub-082.nii.gz	V1	1	1.9860773	1
PT030_OpenNeuro_ds004746_sub-392.nii.gz	V1	1	1.9861733	1
PT030_OpenNeuro_ds004746_sub-180.nii.gz	V1	1	1.9864235	1
PT030_OpenNeuro_ds004746_sub-285.nii.gz	V1	1	1.9864751	1
PT030_OpenNeuro_ds004746_sub-058.nii.gz	V1	1	1.9866596	1
PT030_OpenNeuro_ds004746_sub-015.nii.gz	V1	1	1.9871488	1
PT030_OpenNeuro_ds004746_sub-017.nii.gz	V1	1	1.9872415	1
PT030_OpenNeuro_ds004746_sub-335.nii.gz	V1	1	1.9874794	1
PT030_OpenNeuro_ds004746_sub-217.nii.gz	V1	1	1.9878685	1
PT030_OpenNeuro_ds004746_sub-252.nii.gz	V1	1	1.9880366	1
PT030_OpenNeuro_ds004746_sub-093.nii.gz	V1	1	1.988428	1
PT030_OpenNeuro_ds004746_sub-300.nii.gz	V1	1	1.9884316	1
PT030_OpenNeuro_ds004746_sub-316.nii.gz	V1	1	1.9888653	1
PT030_OpenNeuro_ds004746_sub-156.nii.gz	V1	1	1.9889616	1
PT030_OpenNeuro_ds004746_sub-216.nii.gz	V1	1	1.9895158	1
PT030_OpenNeuro_ds004746_sub-163.nii.gz	V1	1	1.9896355	1
PT030_OpenNeuro_ds004746_sub-070.nii.gz	V1	1	1.989702	1
PT030_OpenNeuro_ds004746_sub-173.nii.gz	V1	1	1.9897722	1
PT030_OpenNeuro_ds004746_sub-275.nii.gz	V1	1	1.9898459	1
PT030_OpenNeuro_ds004746_sub-278.nii.gz	V1	1	1.99031	1
PT030_OpenNeuro_ds004746_sub-044.nii.gz	V1	1	1.9904249	1
PT030_OpenNeuro_ds004746_sub-370.nii.gz	V1	1	1.9913392	1
PT030_OpenNeuro_ds004746_sub-048.nii.gz	V1	1	1.9914261	1
PT030_OpenNeuro_ds004746_sub-041.nii.gz	V1	1	1.9921314	1
PT030_OpenNeuro_ds004746_sub-139.nii.gz	V1	1	1.9923865	1
PT030_OpenNeuro_ds004746_sub-137.nii.gz	V1	1	1.9926137	1
PT030_OpenNeuro_ds004746_sub-029.nii.gz	V1	1	1.9936424	1
PT030_OpenNeuro_ds004746_sub-174.nii.gz	V1	1	1.9936509	1
PT030_OpenNeuro_ds004746_sub-065.nii.gz	V1	1	1.9942	1
PT030_OpenNeuro_ds004746_sub-112.nii.gz	V1	1	1.9946219	1
PT030_OpenNeuro_ds004746_sub-214.nii.gz	V1	1	1.9946772	1
PT030_OpenNeuro_ds004746_sub-276.nii.gz	V1	1	1.9959764	1
PT030_OpenNeuro_ds004746_sub-020.nii.gz	V1	1	1.995979	1
PT030_OpenNeuro_ds004746_sub-325.nii.gz	V1	1	1.9967912	1
PT030_OpenNeuro_ds004746_sub-321.nii.gz	V1	1	1.996801	1
PT030_OpenNeuro_ds004746_sub-280.nii.gz	V1	1	1.9971265	1
PT030_OpenNeuro_ds004746_sub-096.nii.gz	V1	1	1.9978	1
PT030_OpenNeuro_ds004746_sub-027.nii.gz	V1	1	1.9979628	1
PT030_OpenNeuro_ds004746_sub-024.nii.gz	V1	1	1.9979646	1
PT030_OpenNeuro_ds004746_sub-236.nii.gz	V1	1	1.9981564	1
PT030_OpenNeuro_ds004746_sub-055.nii.gz	V1	1	1.998489	1
PT030_OpenNeuro_ds004746_sub-118.nii.gz	V1	1	1.9986552	1
PT030_OpenNeuro_ds004746_sub-131.nii.gz	V1	1	1.9987088	1
PT030_OpenNeuro_ds004746_sub-193.nii.gz	V1	1	1.9988424	1
PT030_OpenNeuro_ds004746_sub-232.nii.gz	V1	1	1.9988736	1
PT030_OpenNeuro_ds004746_sub-260.nii.gz	V1	1	1.9993525	1
PT030_OpenNeuro_ds004746_sub-254.nii.gz	V1	1	1.9994066	1
PT030_OpenNeuro_ds004746_sub-159.nii.gz	V1	1	1.9994576	1
PT030_OpenNeuro_ds004746_sub-098.nii.gz	V1	1	1.999857	1
PT030_OpenNeuro_ds004746_sub-097.nii.gz	V1	1	2.001346	1
PT030_OpenNeuro_ds004746_sub-151.nii.gz	V1	1	2.001866	1
PT030_OpenNeuro_ds004746_sub-262.nii.gz	V1	1	2.001871	1
PT030_OpenNeuro_ds004746_sub-171.nii.gz	V1	1	2.0022168	1
PT030_OpenNeuro_ds004746_sub-243.nii.gz	V1	1	2.002415	1
PT030_OpenNeuro_ds004746_sub-265.nii.gz	V1	1	2.0032258	1
PT030_OpenNeuro_ds004746_sub-306.nii.gz	V1	1	2.0035167	1
PT030_OpenNeuro_ds004746_sub-269.nii.gz	V1	1	2.003995	1
PT030_OpenNeuro_ds004746_sub-179.nii.gz	V1	1	2.0047567	1
PT030_OpenNeuro_ds004746_sub-286.nii.gz	V1	1	2.0052814	1
PT030_OpenNeuro_ds004746_sub-207.nii.gz	V1	1	2.0054123	1
PT030_OpenNeuro_ds004746_sub-164.nii.gz	V1	1	2.0061808	1
PT030_OpenNeuro_ds004746_sub-203.nii.gz	V1	1	2.0061834	1
PT030_OpenNeuro_ds004746_sub-079.nii.gz	V1	1	2.006227	1
PT030_OpenNeuro_ds004746_sub-258.nii.gz	V1	1	2.0068104	1
PT030_OpenNeuro_ds004746_sub-149.nii.gz	V1	1	2.0079675	1
PT030_OpenNeuro_ds004746_sub-160.nii.gz	V1	1	2.0086653	1
PT030_OpenNeuro_ds004746_sub-242.nii.gz	V1	1	2.0089266	1
PT030_OpenNeuro_ds004746_sub-314.nii.gz	V1	1	2.0094512	1
PT030_OpenNeuro_ds004746_sub-282.nii.gz	V1	1	2.0095477	1
PT030_OpenNeuro_ds004746_sub-052.nii.gz	V1	1	2.009951	1
PT030_OpenNeuro_ds004746_sub-202.nii.gz	V1	1	2.0102968	1
PT030_OpenNeuro_ds004746_sub-129.nii.gz	V1	1	2.0107377	1
PT030_OpenNeuro_ds004746_sub-378.nii.gz	V1	1	2.0109189	1
PT030_OpenNeuro_ds004746_sub-218.nii.gz	V1	1	2.011324	1
PT030_OpenNeuro_ds004746_sub-189.nii.gz	V1	1	2.0122273	1
PT030_OpenNeuro_ds004746_sub-294.nii.gz	V1	1	2.0126638	1
PT030_OpenNeuro_ds004746_sub-357.nii.gz	V1	1	2.0129123	1
PT030_OpenNeuro_ds004746_sub-075.nii.gz	V1	1	2.0133674	1
PT030_OpenNeuro_ds004746_sub-222.nii.gz	V1	1	2.0134017	1
PT030_OpenNeuro_ds004746_sub-126.nii.gz	V1	1	2.013879	1
PT030_OpenNeuro_ds004746_sub-334.nii.gz	V1	1	2.015076	1
PT030_OpenNeuro_ds004746_sub-196.nii.gz	V1	1	2.01521	1
PT030_OpenNeuro_ds004746_sub-226.nii.gz	V1	1	2.0158994	1
PT030_OpenNeuro_ds004746_sub-133.nii.gz	V1	1	2.017135	1
PT030_OpenNeuro_ds004746_sub-067.nii.gz	V1	1	2.0171957	1
PT030_OpenNeuro_ds004746_sub-165.nii.gz	V1	1	2.0188618	1
PT030_OpenNeuro_ds004746_sub-121.nii.gz	V1	1	2.0193849	1
PT030_OpenNeuro_ds004746_sub-152.nii.gz	V1	1	2.0219162	1
PT030_OpenNeuro_ds004746_sub-292.nii.gz	V1	1	2.0227923	1
PT030_OpenNeuro_ds004746_sub-142.nii.gz	V1	1	2.0237782	1
PT030_OpenNeuro_ds004746_sub-268.nii.gz	V1	1	2.0242198	1
PT030_OpenNeuro_ds004746_sub-256.nii.gz	V1	1	2.0285702	1
PT030_OpenNeuro_ds004746_sub-249.nii.gz	V1	1	2.0290976	1
PT030_OpenNeuro_ds004746_sub-274.nii.gz	V1	1	2.0362852	1
PT030_OpenNeuro_ds004746_sub-204.nii.gz	V1	1	2.0363019	1
PT030_OpenNeuro_ds004746_sub-293.nii.gz	V1	1	2.0374079	1
PT030_OpenNeuro_ds004746_sub-273.nii.gz	V1	1	2.040604	1
PT030_OpenNeuro_ds004746_sub-009.nii.gz	V1	1	2.0412476	1
